# Blender 5.1.0
# www.blender.org
mtllib artilleryCat.mtl
o Sphere.006
v -0.000000 0.601987 -3.219470
v 0.000000 0.000000 -3.493089
v 0.000000 -0.601987 -3.716804
v 0.000000 -1.714314 -3.360237
v -0.122285 2.565653 -1.504610
v 0.284768 2.193810 -2.460898
v 1.017736 0.935691 -2.836629
v 0.518292 0.601987 -3.157609
v 1.527010 -0.189991 -3.059140
v 0.598356 -0.601987 -3.645387
v 0.577707 -1.180840 -3.519585
v 0.540954 -1.714314 -3.295671
v 0.444801 -2.246193 -2.709876
v 0.300879 -2.834964 -1.831897
v 0.190100 3.026394 -0.556164
v 0.372894 2.850801 -1.090954
v 0.689018 2.181908 -2.015821
v 0.618007 1.570702 -2.809221
v 1.133213 -1.180840 -3.315376
v 1.061119 -1.714314 -3.104454
v 0.872508 -2.246193 -2.552648
v 0.478203 -2.987009 -1.783884
v 0.275982 3.026394 -0.500534
v 0.541358 2.850801 -0.981833
v 0.785930 2.565652 -1.425400
v 1.000299 2.181909 -1.814191
v 1.176227 1.714314 -2.133262
v 1.306954 1.180840 -2.370354
v 1.475971 0.601987 -2.676891
v 1.817194 -0.334332 -2.891445
v 1.645170 -1.180840 -2.983760
v 1.540505 -1.714314 -2.793935
v 1.266686 -2.246193 -2.297322
v 0.848530 -2.878810 -1.497176
v 0.351258 3.026394 -0.425669
v 0.689018 2.850801 -0.834980
v 1.000299 2.565653 -1.212203
v 1.273140 2.181908 -1.542842
v 1.497053 1.714314 -1.814190
v 1.663437 1.180840 -2.015821
v 1.878554 0.601987 -2.276509
v 2.038211 -0.000000 -2.469987
v 2.093904 -1.180840 -2.537479
v 1.960692 -1.714314 -2.376046
v 1.612185 -2.246193 -1.953712
v 1.079974 -2.878810 -1.273243
v 0.413036 3.026394 -0.334446
v 0.810200 2.850801 -0.656040
v 1.176228 2.565652 -0.952422
v 1.497053 2.181908 -1.212203
v 1.760348 1.714315 -1.425400
v 1.955994 1.180840 -1.583820
v 2.208946 0.601987 -1.788642
v 2.396682 0.000000 -1.940656
v 2.550178 -0.601987 -2.064945
v 2.462171 -1.180840 -1.993685
v 2.305530 -1.714315 -1.866847
v 1.895729 -2.246193 -1.535022
v 1.269915 -2.878810 -1.000381
v -0.000000 3.085685 0.000000
v 0.458941 3.026393 -0.230370
v 0.900246 2.850801 -0.451888
v 1.306954 2.565653 -0.656040
v 1.663437 2.181909 -0.834980
v 1.955994 1.714314 -0.981833
v 2.173385 1.180840 -1.090954
v 2.454449 0.601987 -1.232037
v 2.663051 0.000000 -1.336747
v 2.833606 -0.601987 -1.422359
v 2.735818 -1.180840 -1.373274
v 2.561768 -1.714314 -1.285906
v 2.106421 -2.246193 -1.057341
v 1.411054 -2.878810 -0.689074
v 0.487209 3.026394 -0.117442
v 0.955696 2.850801 -0.230370
v 1.387455 2.565653 -0.334446
v 1.765895 2.181908 -0.425669
v 2.076472 1.714314 -0.500534
v 2.307252 1.180840 -0.556164
v 2.605629 0.601987 -0.628087
v 2.827079 0.000000 -0.681467
v 3.008140 -0.601987 -0.725112
v 2.904329 -1.180840 -0.700089
v 2.719557 -1.714314 -0.655549
v 2.236165 -2.246193 -0.539028
v 1.497966 -2.878810 -0.351287
v 0.496754 3.026394 0.000000
v 0.974419 2.850801 0.000000
v 1.414636 2.565653 0.000000
v 1.800491 2.181909 -0.000000
v 2.117153 1.714314 0.000000
v 2.352455 1.180840 -0.000000
v 2.656677 0.601987 0.000000
v 2.882464 0.000000 0.000001
v 3.067073 -0.601987 0.000000
v 2.961228 -1.180840 -0.000000
v 2.772837 -1.714315 0.000000
v 2.279974 -2.246193 -0.000000
v 1.527313 -2.878810 0.000000
v 0.487209 3.026394 0.117442
v 0.955696 2.850801 0.230371
v 1.387455 2.565653 0.334446
v 1.765895 2.181908 0.425669
v 2.076472 1.714314 0.500534
v 2.307252 1.180840 0.556163
v 2.605629 0.601987 0.628088
v 2.827078 0.000000 0.681468
v 3.008140 -0.601987 0.725113
v 2.904329 -1.180840 0.700089
v 2.719557 -1.714314 0.655550
v 2.236165 -2.246193 0.539028
v 1.497966 -2.878810 0.351287
v 0.458941 3.026393 0.230370
v 0.900246 2.850801 0.451888
v 1.306954 2.565653 0.656040
v 1.663437 2.181909 0.834980
v 1.955994 1.714314 0.981833
v 2.173385 1.180840 1.090954
v 2.454449 0.601987 1.232038
v 2.663049 0.000000 1.336748
v 2.833605 -0.601987 1.422360
v 2.735818 -1.180840 1.373274
v 2.561767 -1.714314 1.285907
v 2.106421 -2.246193 1.057341
v 1.411053 -2.878810 0.689075
v 0.413036 3.026395 0.334446
v 0.810200 2.850801 0.656040
v 1.176227 2.565653 0.952422
v 1.497053 2.181908 1.212203
v 1.760348 1.714314 1.425400
v 1.955994 1.180840 1.583820
v 2.208946 0.601987 1.788642
v 2.396681 0.000000 1.940656
v 2.550177 -0.601987 2.064946
v 2.462171 -1.180840 1.993684
v 2.305529 -1.714314 1.866848
v 1.895729 -2.246193 1.535021
v 1.269914 -2.878810 1.000381
v 0.351258 3.026394 0.425669
v 0.689018 2.850801 0.834980
v 1.000298 2.565653 1.212203
v 1.273140 2.181908 1.542842
v 1.497053 1.714315 1.814190
v 1.419832 1.447577 2.074541
v 2.038209 0.000000 2.469987
v 1.771698 -0.412796 2.892489
v 2.093904 -1.180840 2.537479
v 1.960691 -1.714314 2.376046
v 1.612185 -2.246193 1.953712
v 1.079973 -2.878810 1.273244
v 0.275982 3.026394 0.500534
v 0.541358 2.850801 0.981833
v 0.785930 2.565653 1.425400
v 1.000299 2.181909 1.814190
v 1.566676 -0.359005 2.898152
v 1.645170 -1.180840 2.983760
v 1.540505 -1.714314 2.793935
v 1.266686 -2.246193 2.297322
v 0.848529 -2.878810 1.497176
v 0.190100 3.026394 0.556163
v 0.372894 2.850801 1.090954
v 0.541358 2.565653 1.583820
v 0.616825 2.026044 2.175386
v 1.001658 0.590420 2.930494
v 1.173717 -0.257121 3.285322
v 1.133213 -1.180840 3.315376
v 1.061118 -1.714314 3.104454
v 0.872508 -2.246193 2.552647
v 0.584477 -2.878810 1.663573
v 0.096912 3.026393 0.590420
v 0.190100 2.850801 1.158151
v 0.275982 2.565653 1.681374
v 0.054422 2.426601 3.145884
v 0.510641 0.590420 3.110996
v 0.598355 -0.601987 3.645386
v 0.577707 -1.180840 3.519584
v 0.540953 -1.714315 3.295671
v 0.444801 -2.246193 2.709876
v 0.000000 3.026394 0.601987
v -0.000000 2.850801 1.180840
v -0.000000 2.565652 1.714314
v 0.047984 2.930377 3.268631
v -0.000000 0.590420 3.171944
v -0.000000 -0.601987 3.716804
v -0.000000 -1.180840 3.588537
v -0.000000 -1.714314 3.360237
v 0.000000 -2.246193 2.762965
v 0.113312 -2.854064 2.098971
v -0.096912 3.026394 0.590420
v -0.190100 2.850801 1.158151
v -0.275982 2.565653 1.681373
v -0.195748 2.922844 3.234970
v -0.510641 0.590420 3.110996
v -0.598357 -0.601987 3.645386
v -0.577707 -1.180840 3.519584
v -0.540954 -1.714314 3.295671
v -0.444801 -2.246193 2.709876
v -0.207827 -2.726738 1.950121
v -0.190099 3.026394 0.556163
v -0.372894 2.850801 1.090954
v -0.541358 2.565653 1.583819
v -0.689018 2.181908 2.015820
v -0.810199 1.714314 2.370353
v -1.759946 -0.221558 2.683283
v -1.133213 -1.180840 3.315376
v -1.061119 -1.714314 3.104453
v -0.872508 -2.246193 2.552647
v -0.584477 -2.878810 1.663572
v -0.275982 3.026394 0.500534
v -0.541358 2.850801 0.981832
v -0.785929 2.565652 1.425399
v -1.000299 2.181909 1.814190
v -1.176227 1.714314 2.133261
v -1.306953 1.180840 2.370353
v -1.978646 -0.357381 2.613346
v -1.645170 -1.180840 2.983759
v -1.540506 -1.714314 2.793934
v -1.266686 -2.246193 2.297322
v -0.848530 -2.878810 1.497175
v -0.351258 3.026394 0.425669
v -0.689018 2.850801 0.834980
v -1.000298 2.565653 1.212202
v -1.273139 2.181909 1.542842
v -1.497053 1.714315 1.814189
v -1.663436 1.180840 2.015820
v -1.878554 0.601987 2.276508
v -2.274159 -0.309280 2.499023
v -2.210274 -0.409094 2.452790
v -2.093904 -1.180840 2.537478
v -1.960691 -1.714315 2.376045
v -1.612185 -2.246193 1.953712
v -1.079973 -2.878810 1.273243
v -0.413036 3.026394 0.334446
v -0.810199 2.850801 0.656039
v -1.176227 2.565652 0.952421
v -1.497053 2.181909 1.212203
v -1.760348 1.714314 1.425399
v -1.955994 1.180840 1.583820
v -2.208946 0.601987 1.788640
v -2.396681 0.000000 1.940654
v -2.550177 -0.601987 2.064944
v -2.462171 -1.180840 1.993684
v -2.305529 -1.714314 1.866846
v -1.895729 -2.246193 1.535021
v -1.269914 -2.878810 1.000380
v -0.458941 3.026394 0.230370
v -0.900245 2.850801 0.451888
v -1.306953 2.565653 0.656039
v -1.663436 2.181909 0.834980
v -1.955994 1.714314 0.981832
v -2.173384 1.180840 1.090954
v -2.454449 0.601987 1.232036
v -2.663049 0.000000 1.336745
v -2.833605 -0.601987 1.422358
v -2.735817 -1.180840 1.373273
v -2.561766 -1.714314 1.285906
v -2.106421 -2.246193 1.057341
v -1.411053 -2.878810 0.689074
v -0.487209 3.026394 0.117442
v -0.955695 2.850801 0.230370
v -1.387454 2.565653 0.334445
v -1.765895 2.181909 0.425669
v -2.076472 1.714314 0.500533
v -2.307252 1.180840 0.556163
v -2.605629 0.601987 0.628086
v -2.827077 -0.000000 0.681466
v -3.008140 -0.601987 0.725111
v -2.904328 -1.180840 0.700089
v -2.719556 -1.714315 0.655549
v -2.236165 -2.246193 0.539028
v -1.497966 -2.878810 0.351287
v -0.496754 3.026394 -0.000000
v -0.974418 2.850801 -0.000000
v -1.414635 2.565653 -0.000000
v -1.800490 2.181909 -0.000000
v -2.117152 1.714315 -0.000001
v -2.352454 1.180840 -0.000000
v -2.656676 0.601987 -0.000001
v -2.882463 0.000000 -0.000002
v -3.067072 -0.601987 -0.000001
v -2.961227 -1.180840 -0.000000
v -2.772836 -1.714315 -0.000001
v -2.279974 -2.246193 -0.000000
v -1.527313 -2.878810 -0.000000
v -0.487208 3.026394 -0.117442
v -0.955695 2.850801 -0.230371
v -1.387453 2.565653 -0.334446
v -1.765895 2.181909 -0.425669
v -2.076472 1.714314 -0.500534
v -2.307252 1.180840 -0.556163
v -2.605628 0.601987 -0.628088
v -2.827076 -0.000000 -0.681469
v -3.008139 -0.601987 -0.725113
v -2.904328 -1.180840 -0.700089
v -2.719556 -1.714314 -0.655550
v -2.236165 -2.246193 -0.539028
v -1.497966 -2.878810 -0.351287
v -0.458941 3.026395 -0.230370
v -0.900245 2.850801 -0.451888
v -1.306952 2.565653 -0.656040
v -1.663436 2.181909 -0.834980
v -1.955993 1.714314 -0.981833
v -2.173384 1.180840 -1.090954
v -2.454448 0.601987 -1.232038
v -2.663047 0.000000 -1.336748
v -2.833604 -0.601987 -1.422360
v -2.735817 -1.180840 -1.373273
v -2.561766 -1.714314 -1.285907
v -2.106421 -2.246193 -1.057341
v -1.411052 -2.878810 -0.689074
v -0.413035 3.026394 -0.334446
v -0.810199 2.850801 -0.656040
v -1.176226 2.565653 -0.952422
v -1.497053 2.181909 -1.212203
v -1.760347 1.714314 -1.425400
v -1.955994 1.180840 -1.583820
v -2.208945 0.601987 -1.788642
v -2.396679 0.000000 -1.940656
v -2.550176 -0.601987 -2.064946
v -2.462171 -1.180840 -1.993684
v -2.305528 -1.714314 -1.866847
v -1.895729 -2.246193 -1.535021
v -1.269913 -2.878810 -1.000381
v -0.351258 3.026394 -0.425669
v -0.689017 2.850801 -0.834980
v -1.000298 2.565653 -1.212203
v -1.273139 2.181909 -1.542842
v -1.497052 1.714314 -1.814190
v -1.663436 1.180840 -2.015820
v -1.878553 0.601987 -2.276508
v -1.969859 -0.119531 -2.595324
v -2.168746 -0.601987 -2.628177
v -2.093904 -1.180840 -2.537478
v -1.960690 -1.714314 -2.376045
v -1.612185 -2.246193 -1.953712
v -1.079973 -2.878810 -1.273243
v -0.275982 3.026394 -0.500534
v -1.000299 2.181908 -1.814190
v -1.273231 1.075033 -2.289369
v -1.619249 0.082543 -2.771177
v -1.703973 -0.601987 -3.090409
v -1.645170 -1.180840 -2.983759
v -1.540504 -1.714314 -2.793934
v -1.266685 -2.246193 -2.297322
v -0.848529 -2.878810 -1.497175
v -0.190099 3.026394 -0.556163
v -0.745786 1.855605 -2.084785
v -1.103069 -0.000000 -3.227190
v -1.173717 -0.601987 -3.433878
v -1.133213 -1.180840 -3.315375
v -1.061118 -1.714314 -3.104452
v -0.872508 -2.246193 -2.552647
v -0.423838 -2.938393 -1.792323
v -0.096912 3.026394 -0.590420
v -0.562339 -0.000000 -3.425966
v -0.598355 -0.601987 -3.645386
v -0.577707 -1.180840 -3.519583
v -0.540953 -1.714315 -3.295669
v -0.444800 -2.246193 -2.709876
v -0.181451 2.840724 -2.754405
v 0.000000 -1.180840 -3.588536
v 0.000000 -2.246193 -2.762965
v -0.025161 -2.807299 -1.972126
v 0.228690 -4.848593 -1.797039
v 0.231715 -6.396585 -0.560205
v 0.052301 -6.485383 -0.302532
v 0.464972 -3.554068 -1.903407
v 0.448178 -4.207012 -1.868172
v 0.333421 -5.537139 -1.455064
v 0.524922 -5.910883 -1.064143
v 0.102592 -6.485383 -0.284979
v 0.940392 -3.527631 -1.619342
v 0.911129 -4.215019 -1.568952
v 0.832415 -4.881483 -1.433406
v 0.720071 -5.448279 -1.239952
v 0.370104 -6.370213 -0.775689
v 0.148941 -6.485383 -0.256474
v 1.196893 -3.527631 -1.377137
v 1.159648 -4.215019 -1.334284
v 1.059463 -4.881483 -1.219012
v 0.916477 -5.448279 -1.054492
v 0.748399 -5.885136 -0.861104
v 0.567174 -6.194750 -0.652587
v 0.379611 -6.390850 -0.436778
v 0.189566 -6.485383 -0.218113
v 1.407397 -3.527631 -1.082010
v 1.363602 -4.215019 -1.048340
v 1.245797 -4.881483 -0.957771
v 1.077662 -5.448279 -0.828509
v 0.880024 -5.885136 -0.676565
v 0.666927 -6.194750 -0.512734
v 0.446375 -6.390850 -0.343174
v 0.222906 -6.485383 -0.171371
v 1.563815 -3.527631 -0.745301
v 1.515153 -4.215019 -0.722109
v 1.384255 -4.881483 -0.659724
v 1.197434 -5.448279 -0.570687
v 0.977831 -5.885137 -0.466026
v 0.741049 -6.194750 -0.353178
v 0.495985 -6.390850 -0.236382
v 0.247680 -6.485383 -0.118042
v 1.660138 -3.527631 -0.379951
v 1.608478 -4.215019 -0.368128
v 1.469517 -4.881483 -0.336325
v 1.271189 -5.448279 -0.290934
v 1.038059 -5.885136 -0.237578
v 0.786694 -6.194750 -0.180048
v 0.526535 -6.390849 -0.120507
v 0.262935 -6.485383 -0.060177
v 1.692662 -3.527631 0.000000
v 1.639990 -4.215019 0.000000
v 1.498307 -4.881483 -0.000000
v 1.296094 -5.448279 0.000000
v 1.058396 -5.885136 0.000000
v 0.802106 -6.194750 0.000000
v 0.536851 -6.390850 0.000000
v 0.268087 -6.485383 0.000000
v 1.660137 -3.527631 0.379952
v 1.608478 -4.215019 0.368128
v 1.469517 -4.881483 0.336325
v 1.271189 -5.448279 0.290934
v 1.038059 -5.885136 0.237578
v 0.786693 -6.194750 0.180049
v 0.526535 -6.390849 0.120507
v 0.262935 -6.485383 0.060177
v 1.563815 -3.527631 0.745301
v 1.515153 -4.215019 0.722109
v 1.384255 -4.881483 0.659724
v 1.197434 -5.448279 0.570687
v 0.977831 -5.885136 0.466026
v 0.741049 -6.194750 0.353178
v 0.495985 -6.390850 0.236382
v 0.247680 -6.485383 0.118042
v 1.407396 -3.527631 1.082010
v 1.363602 -4.215019 1.048340
v 1.245797 -4.881483 0.957771
v 1.077662 -5.448279 0.828510
v 0.880024 -5.885136 0.676565
v 0.666926 -6.194750 0.512735
v 0.446375 -6.390850 0.343174
v 0.222906 -6.485383 0.171371
v 1.196892 -3.527631 1.377137
v 1.159648 -4.215019 1.334284
v 1.059463 -4.881483 1.219012
v 0.916476 -5.448279 1.054492
v 0.748399 -5.885136 0.861104
v 0.567174 -6.194750 0.652587
v 0.379610 -6.390850 0.436778
v 0.189566 -6.485383 0.218113
v 0.940392 -3.527631 1.619342
v 0.911129 -4.215019 1.568952
v 0.832415 -4.881483 1.433406
v 0.720071 -5.448279 1.239952
v 0.588013 -5.885136 1.012551
v 0.445626 -6.194750 0.767361
v 0.298258 -6.390849 0.513596
v 0.148941 -6.485383 0.256474
v 0.647753 -3.527631 1.799316
v 0.627597 -4.215019 1.743326
v 0.573377 -4.881483 1.592715
v 0.418061 -5.569740 1.414738
v 0.572018 -5.899889 1.183751
v 0.335154 -6.313345 0.790074
v 0.102592 -6.485383 0.284979
v 0.313491 -2.943471 1.972795
v 0.384143 -3.441631 1.948226
v 0.376309 -4.053647 1.877863
v 0.267328 -4.652906 1.847368
v 0.227257 -5.508626 1.584467
v 0.373225 -5.938899 1.545710
v 0.124710 -6.526443 0.641207
v 0.052301 -6.485383 0.302532
v 0.000000 -4.824934 1.844432
v -0.042096 -5.954988 1.699095
v -0.000000 -6.491097 0.627326
v -0.000000 -6.485383 0.308459
v -0.387360 -3.339720 1.941405
v -0.289628 -4.616192 1.839553
v -0.286263 -5.433892 1.516099
v -0.423410 -5.953122 1.545565
v -0.097849 -6.491681 0.625814
v -0.052301 -6.485383 0.302532
v -0.647754 -3.527631 1.799315
v -0.627597 -4.215019 1.743325
v -0.573377 -4.881483 1.592715
v -0.495994 -5.448279 1.377760
v -0.482067 -6.142858 1.065490
v -0.259796 -6.306679 0.733331
v -0.102592 -6.485383 0.284979
v -0.940393 -3.527631 1.619341
v -0.911130 -4.215019 1.568951
v -0.832415 -4.881483 1.433406
v -0.720071 -5.448279 1.239952
v -0.588014 -5.885136 1.012551
v -0.445626 -6.194750 0.767361
v -0.298258 -6.390849 0.513596
v -0.148941 -6.485383 0.256474
v -1.196892 -3.527631 1.377136
v -1.159648 -4.215019 1.334283
v -1.059463 -4.881483 1.219012
v -0.916477 -5.448279 1.054492
v -0.748399 -5.885136 0.861103
v -0.567174 -6.194750 0.652587
v -0.379611 -6.390849 0.436778
v -0.189566 -6.485383 0.218113
v 0.000000 -6.498272 0.000000
v -1.407396 -3.527631 1.082008
v -1.363602 -4.215019 1.048340
v -1.245796 -4.881483 0.957771
v -1.077662 -5.448279 0.828509
v -0.880025 -5.885136 0.676565
v -0.666926 -6.194750 0.512734
v -0.446375 -6.390849 0.343174
v -0.222906 -6.485383 0.171370
v -1.563815 -3.527631 0.745300
v -1.515153 -4.215019 0.722109
v -1.384255 -4.881483 0.659724
v -1.197434 -5.448279 0.570687
v -0.977831 -5.885136 0.466026
v -0.741049 -6.194750 0.353177
v -0.495986 -6.390849 0.236382
v -0.247680 -6.485383 0.118042
v -1.660136 -3.527631 0.379950
v -1.608478 -4.215019 0.368128
v -1.855123 -4.906963 0.273072
v -1.703127 -5.187257 0.248762
v -1.038059 -5.885136 0.237578
v -0.786693 -6.194750 0.180048
v -0.526535 -6.390849 0.120507
v -0.262936 -6.485383 0.060177
v -1.692660 -3.527631 -0.000001
v -1.639990 -4.215019 -0.000000
v -1.977610 -4.818941 0.044146
v -1.639066 -5.314163 0.039281
v -1.058396 -5.885136 -0.000000
v -0.802105 -6.194750 -0.000000
v -0.536851 -6.390849 -0.000000
v -0.268087 -6.485383 -0.000000
v -1.660136 -3.527631 -0.379952
v -1.608478 -4.215019 -0.368128
v -1.985848 -5.014456 -0.235698
v -1.860724 -5.204826 -0.205941
v -1.038059 -5.885136 -0.237578
v -0.786693 -6.194750 -0.180049
v -0.526535 -6.390849 -0.120507
v -0.262936 -6.485383 -0.060177
v -1.563814 -3.527631 -0.745302
v -1.515152 -4.215019 -0.722109
v -1.384255 -4.881483 -0.659724
v -1.197434 -5.448279 -0.570687
v -0.977831 -5.885136 -0.466026
v -0.741048 -6.194750 -0.353178
v -0.495985 -6.390849 -0.236382
v -0.247680 -6.485383 -0.118042
v -1.407395 -3.527631 -1.082010
v -1.363601 -4.215019 -1.048340
v -1.245796 -4.881483 -0.957771
v -1.077662 -5.448279 -0.828509
v -0.880024 -5.885136 -0.676565
v -0.666926 -6.194750 -0.512734
v -0.446375 -6.390849 -0.343174
v -0.222906 -6.485383 -0.171370
v -1.196891 -3.527631 -1.377137
v -1.159647 -4.215019 -1.334284
v -1.059463 -4.881483 -1.219011
v -0.916476 -5.448279 -1.054492
v -0.748399 -5.885136 -0.861103
v -0.445428 -6.314571 -0.767933
v -0.284328 -6.405301 -0.576008
v -0.147033 -6.485384 -0.253189
v -0.940391 -3.527631 -1.619341
v -0.911129 -4.215019 -1.568951
v -0.832415 -4.881483 -1.433406
v -0.720071 -5.448279 -1.239952
v -0.588013 -5.885136 -1.012550
v -0.464972 -3.554068 -1.903407
v -0.448518 -4.132023 -1.850862
v -0.573377 -4.881483 -1.592715
v -0.410864 -5.500690 -1.402422
v -0.465657 -5.905682 -1.176378
v -0.249927 -4.739007 -1.758664
v -0.223509 -5.445203 -1.530382
v -0.100651 -6.401099 -0.609261
v -0.052301 -6.485383 -0.302532
v -0.000000 -4.904826 -1.794527
v -0.000000 -6.400478 -0.610501
v -0.000000 -6.485383 -0.308459
v 0.000000 -5.128350 2.538190
v 0.000000 -4.667377 2.564120
v -0.000000 -4.084018 2.507955
v -0.000000 -3.773829 2.451293
v 0.000000 -3.467085 2.378245
v 0.000000 -2.911454 2.190196
v 0.016585 -5.397095 2.432513
v 0.032532 -5.290623 2.492052
v 0.047229 -5.129307 2.533638
v 0.060110 -4.919346 2.555671
v 0.070682 -4.668809 2.557307
v 0.078538 -4.387324 2.538481
v 0.083376 -4.085708 2.499919
v 0.085009 -3.775552 2.443100
v 0.083376 -3.468774 2.370209
v 0.078538 -3.177166 2.284047
v 0.032531 -5.398090 2.427779
v 0.063813 -5.292575 2.482766
v 0.092642 -5.132141 2.520156
v 0.117911 -4.922954 2.538513
v 0.138649 -4.673051 2.537131
v 0.154059 -4.392037 2.516063
v 0.163548 -4.090711 2.476119
v 0.166752 -3.780653 2.418834
v 0.163547 -3.473778 2.346409
v 0.154058 -3.181879 2.261628
v 0.047229 -5.399706 2.420092
v 0.092642 -5.295746 2.467686
v 0.134496 -5.136744 2.498264
v 0.171180 -4.928812 2.510649
v 0.201287 -4.679940 2.504366
v 0.223658 -4.399692 2.479657
v 0.237434 -4.098837 2.437471
v 0.242086 -3.788938 2.379429
v 0.237434 -3.481904 2.307761
v 0.223658 -3.189533 2.225222
v 0.060111 -5.401882 2.409746
v 0.117911 -5.300013 2.447392
v 0.171181 -5.142939 2.468801
v 0.217872 -4.936697 2.473151
v 0.256189 -4.689210 2.460273
v 0.284663 -4.409992 2.430663
v 0.302196 -4.109773 2.385459
v 0.308117 -3.800087 2.326398
v 0.302196 -3.492839 2.255749
v 0.284663 -3.199834 2.176228
v 0.070683 -5.404532 2.397139
v 0.138649 -5.305212 2.422664
v 0.201287 -5.150486 2.432901
v 0.256190 -4.946302 2.427459
v 0.301247 -4.700507 2.406545
v 0.334728 -4.422545 2.370964
v 0.355345 -4.123097 2.322082
v 0.362307 -3.813673 2.261780
v 0.355345 -3.506164 2.192373
v 0.334728 -3.212386 2.116529
v 0.000000 -5.444631 2.357309
v 0.078538 -5.407556 2.382757
v 0.154058 -5.311143 2.394451
v 0.223658 -5.159098 2.391943
v 0.284663 -4.957263 2.375329
v 0.334728 -4.713395 2.345247
v 0.371930 -4.436864 2.302853
v 0.394838 -4.138300 2.249777
v 0.402573 -3.829174 2.188057
v 0.394838 -3.521367 2.120067
v 0.371929 -3.226706 2.048418
v 0.083376 -5.410837 2.367151
v 0.163548 -5.317580 2.363839
v 0.237434 -5.168442 2.347501
v 0.302196 -4.969155 2.318765
v 0.355345 -4.727379 2.278735
v 0.394838 -4.452403 2.228949
v 0.419158 -4.154795 2.171320
v 0.427370 -3.845993 2.108064
v 0.419158 -3.537862 2.041611
v 0.085009 -5.414249 2.350921
v 0.166752 -5.324273 2.332004
v 0.242086 -5.178159 2.301283
v 0.308117 -4.981523 2.259941
v 0.362307 -4.741921 2.209565
v 0.402574 -4.468562 2.152091
v 0.427370 -4.171949 2.089729
v 0.435742 -3.863483 2.024874
v 0.083376 -5.417662 2.334692
v 0.163548 -5.330966 2.300168
v 0.237434 -5.187877 2.255065
v 0.302196 -4.993891 2.201116
v 0.355345 -4.756464 2.140394
v 0.394838 -4.484721 2.075233
v 0.419158 -4.189105 2.008137
v 0.078538 -5.420943 2.319086
v 0.154058 -5.337402 2.269556
v 0.223658 -5.197220 2.210624
v 0.284663 -5.005784 2.144552
v 0.334728 -4.770449 2.073883
v 0.371930 -4.500259 2.001329
v 0.394838 -4.205600 1.929680
v 0.070683 -5.423967 2.304703
v 0.138649 -5.343335 2.241344
v 0.201287 -5.205832 2.169666
v 0.256189 -5.016744 2.092423
v 0.301247 -4.783337 2.012585
v 0.060110 -5.426617 2.292097
v 0.117911 -5.348533 2.216615
v 0.171180 -5.213380 2.133765
v 0.217871 -5.026350 2.046731
v 0.256189 -4.794633 1.958857
v 0.047229 -5.428792 2.281751
v 0.092642 -5.352800 2.196321
v 0.134496 -5.219574 2.104303
v 0.171180 -5.034235 2.009233
v 0.032532 -5.430408 2.274064
v 0.063813 -5.355970 2.181242
v 0.092642 -5.224177 2.082411
v 0.117911 -5.040092 1.981369
v 0.016585 -5.431404 2.269330
v 0.032532 -5.357923 2.171956
v 0.047228 -5.227012 2.068930
v 0.060110 -5.043700 1.964210
v 0.000000 -5.431740 2.267731
v 0.000000 -5.358582 2.168820
v 0.000000 -5.227969 2.064377
v 0.000000 -5.044919 1.958417
v -0.016584 -5.431404 2.269330
v -0.032531 -5.357923 2.171956
v -0.047228 -5.227012 2.068930
v -0.060111 -5.043700 1.964210
v -0.032532 -5.430408 2.274064
v -0.063813 -5.355970 2.181242
v -0.092642 -5.224177 2.082411
v -0.117911 -5.040092 1.981369
v -0.047228 -5.428792 2.281751
v -0.092642 -5.352800 2.196321
v -0.134495 -5.219574 2.104303
v -0.171180 -5.034235 2.009233
v -0.060110 -5.426617 2.292097
v -0.117911 -5.348533 2.216615
v -0.171180 -5.213380 2.133765
v -0.217871 -5.026350 2.046731
v -0.256189 -4.794633 1.958857
v -0.070682 -5.423967 2.304703
v -0.138649 -5.343335 2.241344
v -0.201287 -5.205832 2.169666
v -0.256189 -5.016744 2.092423
v -0.301247 -4.783337 2.012585
v -0.078538 -5.420943 2.319086
v -0.154058 -5.337402 2.269556
v -0.223658 -5.197220 2.210624
v -0.284663 -5.005784 2.144552
v -0.334728 -4.770449 2.073883
v -0.371930 -4.500260 2.001329
v -0.083376 -5.417662 2.334692
v -0.163547 -5.330966 2.300168
v -0.237434 -5.187877 2.255065
v -0.302196 -4.993891 2.201117
v -0.355345 -4.756464 2.140394
v -0.394838 -4.484721 2.075233
v -0.419158 -4.189104 2.008137
v -0.085009 -5.414249 2.350921
v -0.166751 -5.324273 2.332004
v -0.242085 -5.178159 2.301284
v -0.308116 -4.981523 2.259941
v -0.362306 -4.741921 2.209565
v -0.402573 -4.468562 2.152091
v -0.427370 -4.171949 2.089729
v -0.435742 -3.863483 2.024874
v -0.083376 -5.410837 2.367151
v -0.163547 -5.317580 2.363839
v -0.237434 -5.168442 2.347501
v -0.302196 -4.969155 2.318765
v -0.355345 -4.727379 2.278735
v -0.394838 -4.452403 2.228949
v -0.419158 -4.154795 2.171321
v -0.427370 -3.845993 2.108064
v -0.419158 -3.537862 2.041611
v -0.078538 -5.407556 2.382757
v -0.154058 -5.311143 2.394452
v -0.223658 -5.159098 2.391943
v -0.284662 -4.957263 2.375329
v -0.334728 -4.713395 2.345247
v -0.371929 -4.436864 2.302853
v -0.394838 -4.138300 2.249777
v -0.402573 -3.829174 2.188057
v -0.394838 -3.521367 2.120067
v -0.371930 -3.226707 2.048418
v -0.070682 -5.404532 2.397139
v -0.138649 -5.305212 2.422664
v -0.201286 -5.150487 2.432901
v -0.256189 -4.946302 2.427459
v -0.301247 -4.700507 2.406545
v -0.334727 -4.422544 2.370964
v -0.355345 -4.123097 2.322083
v -0.362306 -3.813674 2.261780
v -0.355345 -3.506164 2.192373
v -0.334728 -3.212386 2.116529
v -0.301247 -2.943629 2.037163
v -0.060110 -5.401882 2.409746
v -0.117911 -5.300013 2.447392
v -0.171180 -5.142939 2.468801
v -0.217871 -4.936697 2.473151
v -0.256189 -4.689210 2.460273
v -0.284662 -4.409993 2.430663
v -0.302196 -4.109773 2.385459
v -0.308116 -3.800087 2.326398
v -0.302196 -3.492840 2.255749
v -0.284663 -3.199834 2.176228
v -0.256189 -2.932333 2.090891
v -0.047228 -5.399707 2.420091
v -0.092642 -5.295746 2.467686
v -0.134495 -5.136744 2.498264
v -0.171180 -4.928812 2.510649
v -0.201287 -4.679940 2.504366
v -0.223658 -4.399692 2.479657
v -0.237434 -4.098837 2.437471
v -0.242085 -3.788938 2.379428
v -0.237434 -3.481904 2.307761
v -0.223658 -3.189533 2.225222
v -0.201287 -2.923063 2.134984
v -0.032531 -5.398090 2.427779
v -0.063813 -5.292575 2.482766
v -0.092642 -5.132142 2.520156
v -0.117911 -4.922954 2.538513
v -0.138649 -4.673051 2.537131
v -0.154058 -4.392037 2.516063
v -0.163547 -4.090711 2.476119
v -0.166751 -3.780653 2.418833
v -0.163547 -3.473778 2.346409
v -0.154058 -3.181879 2.261628
v -0.138649 -2.916174 2.167748
v -0.016584 -5.397095 2.432513
v -0.032531 -5.290623 2.492052
v -0.047228 -5.129307 2.533637
v -0.060111 -4.919346 2.555671
v -0.070682 -4.668809 2.557307
v -0.078538 -4.387324 2.538481
v -0.083376 -4.085708 2.499918
v -0.085009 -3.775552 2.443099
v -0.083376 -3.468774 2.370209
v -0.078538 -3.177166 2.284047
v 0.000000 -5.396759 2.434112
v 0.000000 -5.289964 2.495188
v 0.000000 -4.918128 2.561465
v 0.000000 -4.385732 2.546051
v -0.000000 -3.175574 2.291616
v -0.000000 -4.996850 -2.393966
v 0.000000 -4.535877 -2.419896
v 0.000000 -3.952519 -2.363731
v -0.000000 -3.642329 -2.307070
v 0.000000 -3.335586 -2.234022
v -0.016585 -5.265596 -2.288290
v -0.032532 -5.159123 -2.347829
v -0.047229 -4.997808 -2.389414
v -0.060111 -4.787847 -2.411448
v -0.070683 -4.537310 -2.413084
v -0.078538 -4.255825 -2.394258
v -0.083376 -3.954208 -2.355695
v -0.085009 -3.644052 -2.298876
v -0.083376 -3.337275 -2.225986
v -0.078538 -3.045666 -2.139823
v -0.032532 -5.266591 -2.283556
v -0.063813 -5.161076 -2.338542
v -0.092642 -5.000642 -2.375933
v -0.117911 -4.791454 -2.394289
v -0.138649 -4.541552 -2.392907
v -0.154058 -4.260538 -2.371840
v -0.163548 -3.959212 -2.331896
v -0.166752 -3.649154 -2.274610
v -0.163548 -3.342279 -2.202186
v -0.154058 -3.050380 -2.117405
v -0.047229 -5.268207 -2.275868
v -0.092642 -5.164247 -2.323463
v -0.134496 -5.005245 -2.354040
v -0.171180 -4.797313 -2.366426
v -0.201287 -4.548441 -2.360143
v -0.223658 -4.268192 -2.335434
v -0.237434 -3.967338 -2.293247
v -0.242086 -3.657439 -2.235205
v -0.237434 -3.350405 -2.163538
v -0.223658 -3.058034 -2.080999
v -0.060111 -5.270382 -2.265522
v -0.117911 -5.168513 -2.303169
v -0.171180 -5.011439 -2.324578
v -0.217872 -4.805197 -2.328928
v -0.256189 -4.557711 -2.316050
v -0.284663 -4.278493 -2.286440
v -0.302196 -3.978273 -2.241236
v -0.308117 -3.668589 -2.182174
v -0.302196 -3.361340 -2.111526
v -0.284662 -3.068335 -2.032005
v -0.070683 -5.273033 -2.252916
v -0.138649 -5.173713 -2.278440
v -0.201287 -5.018988 -2.288678
v -0.256190 -4.814803 -2.283235
v -0.301247 -4.569007 -2.262321
v -0.334728 -4.291045 -2.226740
v -0.355345 -3.991598 -2.177859
v -0.362307 -3.682174 -2.117556
v -0.355345 -3.374665 -2.048149
v -0.334728 -3.080887 -1.972306
v -0.000000 -5.313132 -2.213085
v -0.078538 -5.276057 -2.238533
v -0.154058 -5.179644 -2.250228
v -0.223658 -5.027599 -2.247720
v -0.284663 -4.825764 -2.231106
v -0.334728 -4.581895 -2.201024
v -0.371930 -4.305365 -2.158630
v -0.394838 -4.006800 -2.105554
v -0.402574 -3.697674 -2.043834
v -0.083376 -5.279338 -2.222928
v -0.163548 -5.186080 -2.219616
v -0.237434 -5.036942 -2.203278
v -0.302196 -4.837656 -2.174542
v -0.355345 -4.595880 -2.134511
v -0.394839 -4.320903 -2.084726
v -0.419158 -4.023295 -2.027097
v -0.085009 -5.282750 -2.206698
v -0.166752 -5.192774 -2.187780
v -0.242086 -5.046660 -2.157060
v -0.308117 -4.850024 -2.115717
v -0.362307 -4.610422 -2.065341
v -0.402574 -4.337063 -2.007868
v -0.083376 -5.286163 -2.190469
v -0.163548 -5.199468 -2.155945
v -0.237434 -5.056377 -2.110842
v -0.302196 -4.862391 -2.056893
v -0.355345 -4.624965 -1.996171
v -0.394839 -4.353222 -1.931010
v -0.078538 -5.289443 -2.174862
v -0.154058 -5.205903 -2.125333
v -0.223658 -5.065722 -2.066400
v -0.284663 -4.874284 -2.000329
v -0.334728 -4.638950 -1.929659
v -0.371930 -4.368761 -1.857106
v -0.070683 -5.292468 -2.160480
v -0.138649 -5.211835 -2.097120
v -0.201287 -5.074332 -2.025442
v -0.256190 -4.885244 -1.948200
v -0.301247 -4.651837 -1.868361
v -0.060111 -5.295118 -2.147873
v -0.117911 -5.217034 -2.072392
v -0.171181 -5.081881 -1.989542
v -0.217872 -4.894851 -1.902508
v -0.047229 -5.297293 -2.137528
v -0.092642 -5.221302 -2.052098
v -0.134496 -5.088075 -1.960080
v -0.144546 -4.905665 -1.851077
v -0.032532 -5.298910 -2.129840
v -0.063813 -5.224471 -2.037018
v -0.092642 -5.092678 -1.938187
v -0.016585 -5.299905 -2.125106
v -0.032532 -5.226424 -2.027732
v -0.047229 -5.095512 -1.924706
v -0.000000 -5.300241 -2.123508
v -0.000000 -5.227083 -2.024597
v -0.000000 -5.096469 -1.920154
v 0.016584 -5.299905 -2.125106
v 0.032531 -5.226424 -2.027732
v 0.047228 -5.095513 -1.924706
v 0.032531 -5.298909 -2.129840
v 0.063813 -5.224471 -2.037018
v 0.092642 -5.092678 -1.938187
v 0.047228 -5.297293 -2.137528
v 0.092642 -5.221301 -2.052098
v 0.134495 -5.088075 -1.960080
v 0.060110 -5.295118 -2.147873
v 0.117911 -5.217034 -2.072392
v 0.171180 -5.081881 -1.989542
v 0.217871 -4.894851 -1.902508
v 0.070682 -5.292468 -2.160480
v 0.138649 -5.211835 -2.097120
v 0.201286 -5.074332 -2.025442
v 0.256189 -4.885244 -1.948200
v 0.078538 -5.289443 -2.174862
v 0.154058 -5.205903 -2.125333
v 0.223658 -5.065722 -2.066400
v 0.284662 -4.874284 -2.000329
v 0.083376 -5.286162 -2.190469
v 0.163547 -5.199468 -2.155945
v 0.237434 -5.056377 -2.110842
v 0.302196 -4.862391 -2.056893
v 0.355345 -4.624965 -1.996171
v 0.085009 -5.282750 -2.206698
v 0.166751 -5.192774 -2.187780
v 0.242085 -5.046660 -2.157060
v 0.308116 -4.850024 -2.115717
v 0.362306 -4.610422 -2.065341
v 0.402574 -4.337063 -2.007868
v 0.083376 -5.279338 -2.222928
v 0.163547 -5.186080 -2.219616
v 0.237434 -5.036942 -2.203278
v 0.302196 -4.837656 -2.174542
v 0.355345 -4.595880 -2.134512
v 0.394838 -4.320903 -2.084726
v 0.419158 -4.023296 -2.027097
v 0.078538 -5.276057 -2.238533
v 0.154058 -5.179644 -2.250228
v 0.223658 -5.027599 -2.247720
v 0.284662 -4.825764 -2.231106
v 0.334727 -4.581895 -2.201024
v 0.371929 -4.305365 -2.158630
v 0.394838 -4.006800 -2.105554
v 0.402573 -3.697675 -2.043834
v 0.070682 -5.273033 -2.252916
v 0.138649 -5.173713 -2.278440
v 0.201286 -5.018988 -2.288678
v 0.256189 -4.814803 -2.283235
v 0.301247 -4.569007 -2.262321
v 0.334727 -4.291045 -2.226740
v 0.355345 -3.991598 -2.177859
v 0.362306 -3.682175 -2.117556
v 0.355345 -3.374665 -2.048149
v 0.334728 -3.080887 -1.972306
v 0.060110 -5.270382 -2.265522
v 0.117911 -5.168513 -2.303169
v 0.171180 -5.011439 -2.324578
v 0.217871 -4.805197 -2.328928
v 0.256189 -4.557711 -2.316050
v 0.284662 -4.278493 -2.286440
v 0.302196 -3.978273 -2.241236
v 0.308116 -3.668589 -2.182174
v 0.302196 -3.361340 -2.111526
v 0.284662 -3.068335 -2.032005
v 0.047228 -5.268207 -2.275868
v 0.092642 -5.164247 -2.323462
v 0.134495 -5.005245 -2.354040
v 0.171180 -4.797313 -2.366425
v 0.201287 -4.548441 -2.360143
v 0.223658 -4.268192 -2.335434
v 0.237434 -3.967338 -2.293247
v 0.242085 -3.657439 -2.235205
v 0.237434 -3.350405 -2.163538
v 0.223658 -3.058034 -2.080999
v 0.032531 -5.266591 -2.283556
v 0.063813 -5.161077 -2.338542
v 0.092642 -5.000642 -2.375932
v 0.117911 -4.791454 -2.394289
v 0.138649 -4.541552 -2.392907
v 0.154058 -4.260539 -2.371840
v 0.163547 -3.959212 -2.331896
v 0.166751 -3.649154 -2.274610
v 0.163547 -3.342279 -2.202186
v 0.154058 -3.050380 -2.117405
v 0.016584 -5.265595 -2.288290
v 0.032531 -5.159123 -2.347828
v 0.047228 -4.997808 -2.389414
v 0.060110 -4.787847 -2.411448
v 0.070682 -4.537310 -2.413084
v 0.078538 -4.255825 -2.394258
v 0.083376 -3.954208 -2.355695
v 0.085009 -3.644052 -2.298876
v 0.083376 -3.337275 -2.225985
v 0.078538 -3.045666 -2.139823
v -0.000000 -5.265260 -2.289888
v -0.000000 -5.158464 -2.350964
v -0.000000 -4.786629 -2.417242
v 0.000000 -4.254233 -2.401828
v -0.000000 -3.044075 -2.147393
v -0.000000 -6.821596 0.653410
v 0.081866 -6.822648 0.661370
v 0.069621 -7.027159 0.696207
v 0.054701 -7.198187 0.748974
v 0.037679 -7.329161 0.817641
v 0.019208 -7.415046 0.899570
v 0.160585 -6.825758 0.684943
v 0.136567 -7.029805 0.716255
v 0.107300 -7.200266 0.764725
v 0.073909 -7.330593 0.828490
v 0.037679 -7.415776 0.905101
v 0.259045 -6.601583 0.714529
v 0.233134 -6.830810 0.723225
v 0.198264 -7.034101 0.748811
v 0.155775 -7.203642 0.790304
v 0.107300 -7.332918 0.846109
v 0.054701 -7.416962 0.914083
v 0.329702 -6.609138 0.771773
v 0.296724 -6.837609 0.774743
v 0.252343 -7.039884 0.792623
v 0.198264 -7.208185 0.824727
v 0.136567 -7.336048 0.869820
v 0.069621 -7.418557 0.926171
v 0.387688 -6.618343 0.841525
v 0.348910 -6.845895 0.837518
v 0.296723 -7.046928 0.846009
v 0.233134 -7.213720 0.866672
v 0.160586 -7.339861 0.898713
v 0.081866 -7.420501 0.940900
v 0.430776 -6.628846 0.921104
v 0.387688 -6.855347 0.909138
v 0.329702 -7.054967 0.906917
v 0.259045 -7.220037 0.914527
v 0.178433 -7.344211 0.931676
v 0.090964 -7.422719 0.957704
v 0.494988 -6.143055 1.065543
v 0.485477 -6.396267 1.034025
v 0.457309 -6.640242 1.007453
v 0.411567 -6.865602 0.986849
v 0.350010 -7.063689 0.973005
v 0.275001 -7.226890 0.966452
v 0.189423 -7.348931 0.967442
v 0.096567 -7.425125 0.975938
v 0.504685 -6.155883 1.162741
v 0.494988 -6.408849 1.129355
v 0.466269 -6.652093 1.097253
v 0.419630 -6.876268 1.067667
v 0.356866 -7.072760 1.041735
v 0.280388 -7.234016 1.020453
v 0.193135 -7.353841 1.004639
v 0.098459 -7.427629 0.994900
v 0.494988 -6.168711 1.259939
v 0.485477 -6.421430 1.224686
v 0.457309 -6.663945 1.187052
v 0.411567 -6.886934 1.148484
v 0.350009 -7.081831 1.110464
v 0.275000 -7.241143 1.074453
v 0.189424 -7.358749 1.041835
v 0.096568 -7.430131 1.013863
v 0.466268 -6.181046 1.353402
v 0.457309 -6.433528 1.316353
v 0.430776 -6.675341 1.273401
v 0.387688 -6.897191 1.226196
v 0.329702 -7.090553 1.176553
v 0.259045 -7.247996 1.126378
v 0.178433 -7.363470 1.077602
v 0.090964 -7.432538 1.032097
v 0.419630 -6.192413 1.439539
v 0.411567 -6.444677 1.400834
v 0.387688 -6.685843 1.352980
v 0.348910 -6.906643 1.297816
v 0.296723 -7.098591 1.237460
v 0.233134 -7.254312 1.174233
v 0.160586 -7.367819 1.110564
v 0.081866 -7.434755 1.048901
v 0.356866 -6.202378 1.515037
v 0.350010 -6.454451 1.474882
v 0.329702 -6.695049 1.422732
v 0.296723 -6.914927 1.360591
v 0.252343 -7.105637 1.290846
v 0.198264 -7.259848 1.216178
v 0.136567 -7.371634 1.139457
v 0.069621 -7.436699 1.063630
v 0.280388 -6.210555 1.576998
v 0.275000 -6.462471 1.535652
v 0.259045 -6.702604 1.479976
v 0.233134 -6.921727 1.412109
v 0.198264 -7.111419 1.334658
v 0.155775 -7.264390 1.250601
v 0.107300 -7.374763 1.163168
v 0.054701 -7.438293 1.075718
v 0.193134 -6.216632 1.623038
v 0.189423 -6.468430 1.580808
v 0.178434 -6.708218 1.522512
v 0.160585 -6.926779 1.450390
v 0.136567 -7.115716 1.367214
v 0.107300 -7.267766 1.276180
v 0.073909 -7.377088 1.180787
v 0.037679 -7.439480 1.084700
v 0.069621 -5.284608 1.629274
v 0.081866 -5.489119 1.664112
v 0.090964 -5.719254 1.679682
v 0.098459 -6.220373 1.651390
v 0.096567 -6.472100 1.608615
v 0.090964 -6.711675 1.548706
v 0.081866 -6.929890 1.473964
v 0.069621 -7.118362 1.387262
v 0.054701 -7.269845 1.291932
v 0.037679 -7.378519 1.191637
v 0.019208 -7.440209 1.090231
v 0.000000 -5.285501 1.636044
v -0.040933 -5.489644 1.668092
v 0.000000 -5.720421 1.688526
v -0.000000 -6.221636 1.660963
v -0.000000 -6.473340 1.618004
v -0.000000 -6.712842 1.557550
v 0.000000 -6.930941 1.481924
v -0.000000 -7.119255 1.394031
v 0.000000 -7.270547 1.297250
v -0.000000 -7.379004 1.195300
v -0.000000 -7.440455 1.092099
v -0.069621 -5.284607 1.629274
v -0.090965 -5.719254 1.679682
v -0.098459 -6.220374 1.651390
v -0.096568 -6.472100 1.608615
v -0.090965 -6.711674 1.548706
v -0.081866 -6.929890 1.473964
v -0.069621 -7.118361 1.387262
v -0.054701 -7.269845 1.291932
v -0.037679 -7.378520 1.191637
v -0.019209 -7.440209 1.090231
v -0.136567 -5.281961 1.609226
v -0.160586 -5.486008 1.640538
v -0.178433 -5.715797 1.653488
v -0.193135 -6.216632 1.623038
v -0.189424 -6.468430 1.580808
v -0.178433 -6.708218 1.522512
v -0.160586 -6.926779 1.450390
v -0.136567 -7.115716 1.367214
v -0.107300 -7.267766 1.276180
v -0.073910 -7.377088 1.180787
v -0.037679 -7.439480 1.084700
v -0.259045 -5.710183 1.610952
v -0.280388 -6.210555 1.576997
v -0.275001 -6.462470 1.535652
v -0.259045 -6.702603 1.479976
v -0.233134 -6.921727 1.412109
v -0.198264 -7.111419 1.334658
v -0.155775 -7.264390 1.250601
v -0.107300 -7.374763 1.163168
v -0.054701 -7.438294 1.075718
v -0.329702 -5.702628 1.553708
v -0.356866 -6.202378 1.515037
v -0.350009 -6.454450 1.474882
v -0.329702 -6.695049 1.422732
v -0.296723 -6.914927 1.360591
v -0.252343 -7.105637 1.290846
v -0.198264 -7.259848 1.216178
v -0.136567 -7.371633 1.139456
v -0.069621 -7.436699 1.063630
v 0.000000 -7.452543 0.991612
v -0.387688 -5.693423 1.483956
v -0.419630 -6.192413 1.439538
v -0.411567 -6.444678 1.400834
v -0.387688 -6.685843 1.352980
v -0.348910 -6.906643 1.297816
v -0.296724 -7.098591 1.237460
v -0.233134 -7.254312 1.174233
v -0.160586 -7.367820 1.110564
v -0.081866 -7.434754 1.048901
v -0.430776 -5.682920 1.404377
v -0.466268 -6.181046 1.353402
v -0.457309 -6.433528 1.316353
v -0.430776 -6.675341 1.273401
v -0.387688 -6.897190 1.226196
v -0.329702 -7.090553 1.176553
v -0.259045 -7.247996 1.126378
v -0.178433 -7.363469 1.077602
v -0.090965 -7.432537 1.032096
v -0.457309 -5.671524 1.318028
v -0.494988 -6.168711 1.259939
v -0.485477 -6.421430 1.224686
v -0.457309 -6.663944 1.187052
v -0.411567 -6.886935 1.148484
v -0.350010 -7.081830 1.110464
v -0.275001 -7.241142 1.074453
v -0.189424 -7.358750 1.041835
v -0.096567 -7.430131 1.013863
v -0.494988 -6.408849 1.129355
v -0.466269 -6.652093 1.097253
v -0.419630 -6.876268 1.067667
v -0.356866 -7.072760 1.041735
v -0.280388 -7.234016 1.020452
v -0.193135 -7.353841 1.004639
v -0.098459 -7.427628 0.994900
v -0.485477 -6.396267 1.034024
v -0.457309 -6.640241 1.007453
v -0.411567 -6.865602 0.986849
v -0.350010 -7.063689 0.973005
v -0.275001 -7.226889 0.966452
v -0.189424 -7.348931 0.967442
v -0.096567 -7.425125 0.975938
v -0.457309 -6.384169 0.942357
v -0.430776 -6.628845 0.921104
v -0.387688 -6.855346 0.909138
v -0.329702 -7.054967 0.906917
v -0.259045 -7.220037 0.914527
v -0.178433 -7.344211 0.931676
v -0.090965 -7.422719 0.957704
v -0.370635 -6.491078 0.814825
v -0.387688 -6.618342 0.841525
v -0.348910 -6.845894 0.837518
v -0.296724 -7.046928 0.846009
v -0.233134 -7.213720 0.866672
v -0.160586 -7.339862 0.898713
v -0.081866 -7.420500 0.940900
v -0.296723 -6.837609 0.774743
v -0.252343 -7.039884 0.792623
v -0.198264 -7.208186 0.824727
v -0.136567 -7.336048 0.869821
v -0.069621 -7.418557 0.926171
v -0.259045 -6.601583 0.714529
v -0.233134 -6.830810 0.723225
v -0.198265 -7.034100 0.748811
v -0.155775 -7.203641 0.790304
v -0.107300 -7.332918 0.846109
v -0.054701 -7.416962 0.914083
v -0.178433 -6.595968 0.671993
v -0.160586 -6.825758 0.684944
v -0.136567 -7.029805 0.716255
v -0.107300 -7.200266 0.764725
v -0.073910 -7.330593 0.828490
v -0.037679 -7.415776 0.905101
v -0.081866 -6.822648 0.661370
v -0.069621 -7.027159 0.696207
v -0.054701 -7.198188 0.748974
v -0.037679 -7.329161 0.817641
v -0.019209 -7.415047 0.899570
v -0.000000 -7.026265 0.689438
v 0.000000 -7.197485 0.743655
v -0.000000 -7.328678 0.813977
v 0.000000 -7.414800 0.897702
v -0.000000 -6.887345 -0.616009
v -0.090965 -6.658261 -0.608399
v -0.081866 -6.888396 -0.623969
v -0.069621 -7.092908 -0.658806
v -0.054701 -7.263937 -0.711573
v -0.037679 -7.394910 -0.780240
v -0.019209 -7.480795 -0.862169
v -0.178434 -6.661717 -0.634592
v -0.160586 -6.891507 -0.647542
v -0.136567 -7.095553 -0.678854
v -0.107300 -7.266015 -0.727324
v -0.073910 -7.396342 -0.791089
v -0.037679 -7.481525 -0.867700
v -0.259045 -6.667332 -0.677128
v -0.233134 -6.896559 -0.685824
v -0.198265 -7.099849 -0.711410
v -0.155776 -7.269391 -0.752903
v -0.107300 -7.398667 -0.808708
v -0.054701 -7.482711 -0.876682
v -0.329702 -6.674887 -0.734372
v -0.296724 -6.903359 -0.737342
v -0.252343 -7.105633 -0.755222
v -0.198264 -7.273934 -0.787326
v -0.136567 -7.401797 -0.832420
v -0.069621 -7.484306 -0.888770
v -0.387688 -6.684092 -0.804124
v -0.348910 -6.911644 -0.800117
v -0.296724 -7.112678 -0.808608
v -0.233135 -7.279470 -0.829271
v -0.160586 -7.405610 -0.861312
v -0.081866 -7.486249 -0.903499
v -0.471393 -6.455967 -0.950790
v -0.430776 -6.694594 -0.883703
v -0.387688 -6.921096 -0.871737
v -0.329702 -7.120717 -0.869516
v -0.259045 -7.285786 -0.877126
v -0.178434 -7.409960 -0.894275
v -0.090965 -7.488468 -0.920303
v -0.457310 -6.705991 -0.970052
v -0.411567 -6.931352 -0.949448
v -0.350010 -7.129438 -0.935604
v -0.275001 -7.292638 -0.929051
v -0.189424 -7.414680 -0.930041
v -0.096568 -7.490874 -0.938537
v -0.504685 -6.221632 -1.125340
v -0.494988 -6.474598 -1.091954
v -0.466269 -6.717842 -1.059852
v -0.419631 -6.942018 -1.030266
v -0.356867 -7.138509 -1.004334
v -0.280388 -7.299765 -0.983052
v -0.193135 -7.419590 -0.967238
v -0.098460 -7.493376 -0.957499
v -0.494988 -6.234460 -1.222538
v -0.485477 -6.487179 -1.187285
v -0.457309 -6.729694 -1.149651
v -0.411568 -6.952683 -1.111084
v -0.350010 -7.147579 -1.073063
v -0.275001 -7.306891 -1.037052
v -0.189424 -7.424499 -1.004434
v -0.096568 -7.495879 -0.976462
v -0.430776 -5.748669 -1.366976
v -0.457310 -5.993346 -1.345724
v -0.466268 -6.246795 -1.316002
v -0.457309 -6.499277 -1.278952
v -0.430776 -6.741090 -1.236000
v -0.387688 -6.962939 -1.188795
v -0.329702 -7.156302 -1.139152
v -0.259045 -7.313745 -1.088977
v -0.178434 -7.429218 -1.040201
v -0.090965 -7.498286 -0.994696
v -0.387688 -5.759172 -1.446555
v -0.411568 -6.004495 -1.430204
v -0.419631 -6.258163 -1.402137
v -0.411567 -6.510427 -1.363433
v -0.387688 -6.751592 -1.315579
v -0.348910 -6.972393 -1.260415
v -0.296724 -7.164340 -1.200059
v -0.233134 -7.320061 -1.136832
v -0.160586 -7.433569 -1.073164
v -0.081866 -7.500504 -1.011500
v -0.329702 -5.768377 -1.516307
v -0.350009 -6.014268 -1.504253
v -0.356866 -6.268127 -1.477636
v -0.350009 -6.520199 -1.437482
v -0.329702 -6.760798 -1.385331
v -0.296723 -6.980677 -1.323190
v -0.252343 -7.171386 -1.253445
v -0.198265 -7.325596 -1.178777
v -0.136567 -7.437382 -1.102056
v -0.069621 -7.502448 -1.026229
v -0.259045 -5.775932 -1.573551
v -0.275001 -6.022288 -1.565022
v -0.280388 -6.276304 -1.539597
v -0.275001 -6.528219 -1.498251
v -0.259045 -6.768353 -1.442575
v -0.233134 -6.987476 -1.374708
v -0.198264 -7.177168 -1.297257
v -0.155775 -7.330139 -1.213200
v -0.107300 -7.440512 -1.125767
v -0.054701 -7.504044 -1.038317
v -0.160586 -5.551757 -1.603137
v -0.178433 -5.781547 -1.616087
v -0.189424 -6.028248 -1.610178
v -0.193135 -6.282381 -1.585637
v -0.189424 -6.534180 -1.543407
v -0.178433 -6.773967 -1.485111
v -0.160586 -6.992528 -1.412989
v -0.136567 -7.181465 -1.329813
v -0.107300 -7.333516 -1.238779
v -0.073910 -7.442837 -1.143386
v -0.037679 -7.505229 -1.047299
v 0.000000 -5.555218 -1.629364
v -0.090965 -5.785003 -1.642281
v -0.096568 -6.031917 -1.637985
v -0.098459 -6.286123 -1.613989
v -0.096568 -6.537849 -1.571214
v -0.090965 -6.777423 -1.511305
v -0.081866 -6.995639 -1.436563
v -0.069621 -7.184111 -1.349861
v -0.054701 -7.335595 -1.254531
v -0.037679 -7.444269 -1.154236
v -0.019208 -7.505959 -1.052830
v 0.000000 -5.786170 -1.651126
v -0.000000 -6.033156 -1.647375
v -0.000000 -6.287385 -1.623562
v -0.000000 -6.539089 -1.580604
v -0.000000 -6.778591 -1.520149
v 0.000000 -6.996690 -1.444523
v -0.000000 -7.185004 -1.356630
v 0.000000 -7.336297 -1.259849
v 0.000000 -7.444753 -1.157899
v -0.000000 -7.506205 -1.054698
v 0.090964 -5.785003 -1.642281
v 0.096567 -6.031917 -1.637985
v 0.098460 -6.286123 -1.613989
v 0.096567 -6.537849 -1.571214
v 0.090964 -6.777424 -1.511305
v 0.081866 -6.995639 -1.436563
v 0.069621 -7.184111 -1.349861
v 0.054701 -7.335594 -1.254531
v 0.037679 -7.444268 -1.154236
v 0.019208 -7.505959 -1.052830
v 0.160586 -5.551757 -1.603137
v 0.178433 -5.781546 -1.616087
v 0.189424 -6.028247 -1.610178
v 0.193135 -6.282381 -1.585637
v 0.189424 -6.534179 -1.543407
v 0.178433 -6.773967 -1.485111
v 0.160585 -6.992528 -1.412989
v 0.136567 -7.181465 -1.329813
v 0.107300 -7.333516 -1.238779
v 0.073909 -7.442837 -1.143386
v 0.037679 -7.505229 -1.047299
v 0.259045 -5.775932 -1.573551
v 0.275000 -6.022288 -1.565022
v 0.280388 -6.276304 -1.539596
v 0.275001 -6.528219 -1.498251
v 0.259045 -6.768353 -1.442575
v 0.233134 -6.987476 -1.374708
v 0.198264 -7.177168 -1.297257
v 0.155775 -7.330140 -1.213200
v 0.107300 -7.440512 -1.125767
v 0.054701 -7.504043 -1.038317
v 0.329702 -5.768378 -1.516307
v 0.350009 -6.014268 -1.504252
v 0.356866 -6.268127 -1.477636
v 0.350010 -6.520200 -1.437482
v 0.329702 -6.760798 -1.385331
v 0.296723 -6.980677 -1.323190
v 0.252342 -7.171386 -1.253445
v 0.198264 -7.325597 -1.178777
v 0.136567 -7.437383 -1.102056
v 0.069621 -7.502448 -1.026229
v 0.000000 -7.518292 -0.954211
v 0.387688 -5.759172 -1.446556
v 0.411567 -6.004495 -1.430204
v 0.419630 -6.258162 -1.402137
v 0.411567 -6.510427 -1.363433
v 0.387688 -6.751592 -1.315579
v 0.348910 -6.972393 -1.260415
v 0.296723 -7.164340 -1.200059
v 0.233134 -7.320061 -1.136832
v 0.160586 -7.433569 -1.073163
v 0.081866 -7.500504 -1.011500
v 0.457309 -5.993346 -1.345723
v 0.466268 -6.246795 -1.316001
v 0.457309 -6.499278 -1.278952
v 0.430776 -6.741090 -1.236000
v 0.387688 -6.962940 -1.188795
v 0.329702 -7.156302 -1.139152
v 0.259045 -7.313745 -1.088977
v 0.178433 -7.429219 -1.040201
v 0.090964 -7.498287 -0.994696
v 0.485477 -5.981247 -1.254056
v 0.494988 -6.234460 -1.222538
v 0.485477 -6.487179 -1.187285
v 0.457309 -6.729694 -1.149652
v 0.411567 -6.952683 -1.111083
v 0.350009 -7.147580 -1.073063
v 0.275001 -7.306892 -1.037052
v 0.189424 -7.424499 -1.004434
v 0.096567 -7.495879 -0.976462
v 0.504685 -6.221632 -1.125340
v 0.494988 -6.474598 -1.091954
v 0.466269 -6.717843 -1.059852
v 0.419630 -6.942017 -1.030266
v 0.356866 -7.138509 -1.004334
v 0.280388 -7.299766 -0.983052
v 0.193135 -7.419590 -0.967238
v 0.098459 -7.493377 -0.957499
v 0.494988 -6.208805 -1.028141
v 0.485477 -6.462017 -0.996624
v 0.457309 -6.705991 -0.970052
v 0.411567 -6.931351 -0.949448
v 0.350010 -7.129438 -0.935604
v 0.275000 -7.292639 -0.929051
v 0.189424 -7.414680 -0.930041
v 0.096567 -7.490874 -0.938537
v 0.457309 -6.449919 -0.904956
v 0.430776 -6.694595 -0.883704
v 0.387688 -6.921096 -0.871737
v 0.329702 -7.120717 -0.869516
v 0.259045 -7.285786 -0.877126
v 0.178433 -7.409960 -0.894275
v 0.090964 -7.488468 -0.920303
v 0.387688 -6.684093 -0.804124
v 0.348910 -6.911644 -0.800117
v 0.296723 -7.112678 -0.808608
v 0.233134 -7.279470 -0.829271
v 0.160586 -7.405610 -0.861312
v 0.081866 -7.486250 -0.903499
v 0.329702 -6.674887 -0.734372
v 0.296723 -6.903358 -0.737342
v 0.252343 -7.105633 -0.755222
v 0.198264 -7.273935 -0.787326
v 0.136567 -7.401797 -0.832420
v 0.069621 -7.484307 -0.888770
v 0.259045 -6.667332 -0.677129
v 0.233134 -6.896559 -0.685824
v 0.198264 -7.099850 -0.711410
v 0.155775 -7.269391 -0.752903
v 0.107300 -7.398667 -0.808708
v 0.054701 -7.482711 -0.876682
v 0.178433 -6.661718 -0.634592
v 0.160585 -6.891507 -0.647543
v 0.136567 -7.095553 -0.678854
v 0.107300 -7.266015 -0.727324
v 0.073909 -7.396342 -0.791089
v 0.037679 -7.481525 -0.867700
v 0.090964 -6.658261 -0.608399
v 0.081865 -6.888396 -0.623969
v 0.069621 -7.092908 -0.658806
v 0.054701 -7.263937 -0.711573
v 0.037679 -7.394910 -0.780240
v 0.019208 -7.480796 -0.862169
v -0.000000 -6.657094 -0.599554
v -0.000000 -7.092014 -0.652037
v -0.000000 -7.263235 -0.706254
v -0.000000 -7.394427 -0.776576
v 0.000000 -7.480549 -0.860301
v -2.568153 -5.251969 -0.099988
v -2.554791 -5.308039 -0.097579
v -2.539132 -5.361954 -0.084309
v -2.503285 -5.452591 -0.024895
v -2.457772 -5.525673 0.087738
v -2.433718 -5.539373 0.169335
v -2.420625 -5.533851 0.225248
v -2.410391 -5.517496 0.279617
v -2.403408 -5.490937 0.330352
v -2.399945 -5.455194 0.375503
v -2.400135 -5.411642 0.413336
v -2.403971 -5.361954 0.442397
v -2.411306 -5.308039 0.461568
v -2.421856 -5.251969 0.470113
v -2.435218 -5.195899 0.467704
v -2.450877 -5.141984 0.454433
v -2.468233 -5.092295 0.430811
v -2.486617 -5.048743 0.397744
v -2.505323 -5.013001 0.356505
v -2.523633 -4.986442 0.308676
v -2.548567 -4.967325 0.228444
v -2.569383 -4.970087 0.144876
v -2.579618 -4.986442 0.090508
v -2.586601 -5.013000 0.039773
v -2.590064 -5.048743 -0.005378
v -2.584872 -5.143394 -0.068975
v -3.160537 -5.443598 0.042775
v -3.149758 -5.499668 0.043740
v -3.135279 -5.553584 0.055360
v -3.117716 -5.603272 0.077154
v -3.097841 -5.646824 0.108271
v -3.076528 -5.682567 0.147521
v -3.054710 -5.709126 0.193410
v -3.033339 -5.725481 0.244198
v -3.013345 -5.731003 0.297961
v -2.995605 -5.725481 0.352669
v -2.980906 -5.709126 0.406260
v -2.969917 -5.682567 0.456722
v -2.963171 -5.646824 0.502168
v -2.961034 -5.603272 0.540913
v -2.963692 -5.553584 0.571529
v -2.971130 -5.499668 0.592899
v -2.983110 -5.443598 0.604254
v -2.999147 -5.387528 0.605185
v -3.018474 -5.333613 0.595644
v -3.040000 -5.283925 0.575919
v -3.060745 -5.240373 0.545074
v -3.079451 -5.204630 0.503834
v -3.097761 -5.178071 0.456006
v -3.114971 -5.161716 0.403427
v -3.130419 -5.156194 0.348119
v -3.143512 -5.161716 0.292206
v -3.153746 -5.178071 0.237837
v -3.160729 -5.204630 0.187103
v -3.164192 -5.240373 0.141951
v -3.168069 -5.283925 0.103101
v -3.169645 -5.333613 0.072886
v -3.167209 -5.387528 0.052576
v -3.877361 -5.647709 0.540274
v -3.882402 -5.699040 0.514430
v -3.878413 -5.753142 0.494804
v -3.865547 -5.807937 0.482149
v -3.844297 -5.861319 0.476953
v -3.815480 -5.911236 0.479415
v -3.780205 -5.955770 0.489440
v -3.739825 -5.993210 0.506643
v -3.695895 -6.022117 0.530364
v -3.650100 -6.041379 0.559689
v -3.604202 -6.050258 0.593493
v -3.559964 -6.048410 0.630476
v -3.519086 -6.035909 0.669217
v -3.483140 -6.013234 0.708228
v -3.453506 -5.981255 0.746009
v -3.431323 -5.941205 0.781108
v -3.417444 -5.894617 0.812176
v -3.412402 -5.843287 0.838020
v -3.416391 -5.789184 0.857647
v -3.429258 -5.734389 0.870301
v -3.450508 -5.681008 0.875497
v -3.479324 -5.631091 0.873035
v -3.514600 -5.586556 0.863010
v -3.554979 -5.549117 0.845807
v -3.598910 -5.520210 0.822087
v -3.644705 -5.500947 0.792762
v -3.690603 -5.492069 0.758958
v -3.734840 -5.493916 0.721974
v -3.775718 -5.506417 0.683233
v -3.811666 -5.529093 0.644222
v -3.841300 -5.561071 0.606442
v -3.863482 -5.601123 0.571342
v -4.439497 -5.878081 1.360510
v -4.440974 -5.935540 1.356089
v -4.431172 -5.992188 1.351365
v -4.410468 -6.045847 1.346464
v -4.379661 -6.094456 1.341510
v -4.339938 -6.136146 1.336634
v -4.292827 -6.169314 1.331987
v -4.240139 -6.192688 1.327742
v -4.183898 -6.205368 1.324095
v -4.126262 -6.206867 1.321254
v -4.069442 -6.197127 1.319411
v -4.015617 -6.176522 1.318723
v -3.966856 -6.145846 1.319278
v -3.925015 -6.106277 1.321050
v -3.891761 -6.059334 1.324109
v -3.868373 -6.006821 1.328316
v -3.855720 -5.950759 1.333347
v -3.854265 -5.893300 1.338856
v -3.864055 -5.836651 1.344538
v -3.884710 -5.782992 1.350146
v -3.915446 -5.734385 1.355493
v -3.955098 -5.692695 1.360423
v -4.002162 -5.659526 1.364794
v -4.054858 -5.636153 1.368459
v -4.111121 -5.623472 1.371247
v -4.168783 -5.621974 1.373080
v -4.225630 -5.631713 1.373924
v -4.279478 -5.652317 1.373780
v -4.328254 -5.682994 1.372686
v -4.370083 -5.722563 1.370710
v -4.403358 -5.769506 1.367946
v -4.426796 -5.822019 1.364505
v -4.084247 -5.986624 2.370149
v -4.091148 -6.043281 2.361748
v -4.087463 -6.099513 2.349397
v -4.073331 -6.153159 2.333567
v -4.049297 -6.202157 2.314869
v -4.016282 -6.244625 2.294018
v -3.975558 -6.278931 2.271819
v -3.928688 -6.303755 2.249123
v -3.877473 -6.318145 2.226803
v -3.823883 -6.321548 2.205717
v -3.769976 -6.313831 2.186675
v -3.717823 -6.295292 2.170408
v -3.669430 -6.266644 2.157542
v -3.626655 -6.228989 2.148571
v -3.591143 -6.183770 2.143839
v -3.564259 -6.132728 2.143530
v -3.547035 -6.077824 2.147655
v -3.540133 -6.021167 2.156054
v -3.543819 -5.964935 2.168407
v -3.557950 -5.911289 2.184236
v -3.581985 -5.862291 2.202935
v -3.614999 -5.819822 2.223785
v -3.655723 -5.785517 2.245984
v -3.702593 -5.760693 2.268680
v -3.753808 -5.746303 2.290999
v -3.807399 -5.742900 2.312086
v -3.861305 -5.750617 2.331128
v -3.913458 -5.769155 2.347395
v -3.961852 -5.797803 2.360262
v -4.004626 -5.835460 2.369233
v -4.040138 -5.880678 2.373964
v -4.067023 -5.931720 2.374273
v -3.692024 -6.143634 3.223404
v -3.700325 -6.196459 3.219147
v -3.701853 -6.248656 3.206873
v -3.696546 -6.298220 3.187054
v -3.684609 -6.343246 3.160451
v -3.666500 -6.382005 3.128088
v -3.642912 -6.413007 3.091208
v -3.614753 -6.435059 3.051229
v -3.583102 -6.447315 3.009689
v -3.549174 -6.449304 2.968186
v -3.514271 -6.440948 2.928317
v -3.479734 -6.422571 2.891615
v -3.446886 -6.394877 2.859496
v -3.416982 -6.358931 2.833201
v -3.391174 -6.316114 2.813740
v -3.370463 -6.268072 2.801856
v -3.355654 -6.216651 2.797993
v -3.347327 -6.163827 2.802293
v -3.345803 -6.111629 2.814580
v -3.351141 -6.062066 2.834384
v -3.363128 -6.017039 2.860947
v -3.381294 -5.978281 2.893259
v -3.404932 -5.947279 2.930087
v -3.433133 -5.925228 2.970022
v -3.464817 -5.912971 3.011528
v -3.498765 -5.910983 3.053002
v -3.533674 -5.919337 3.092853
v -3.568200 -5.937715 3.129550
v -3.601020 -5.965408 3.161682
v -3.630874 -6.001354 3.188014
v -3.656618 -6.044171 3.207530
v -3.677266 -6.092214 3.219481
v -2.878917 -6.304846 3.645146
v -2.885557 -6.344685 3.642798
v -2.887936 -6.384051 3.633776
v -2.885963 -6.421431 3.618428
v -2.879713 -6.455388 3.597344
v -2.869429 -6.484620 3.571334
v -2.855504 -6.508000 3.541399
v -2.838472 -6.524631 3.508686
v -2.818991 -6.533875 3.474456
v -2.797806 -6.535374 3.440021
v -2.775733 -6.529073 3.406708
v -2.753622 -6.515213 3.375793
v -2.732319 -6.494328 3.348469
v -2.712644 -6.467218 3.325782
v -2.695355 -6.434927 3.308604
v -2.681114 -6.398694 3.297598
v -2.670469 -6.359913 3.293183
v -2.663830 -6.320075 3.295533
v -2.661451 -6.280708 3.304555
v -2.663424 -6.243329 3.319903
v -2.669672 -6.209371 3.340987
v -2.679958 -6.180140 3.366997
v -2.693883 -6.156760 3.396933
v -2.710914 -6.140128 3.429644
v -2.730396 -6.130885 3.463875
v -2.751580 -6.129385 3.498309
v -2.773653 -6.135686 3.531622
v -2.795765 -6.149546 3.562537
v -2.817068 -6.170432 3.589862
v -2.836742 -6.197542 3.612548
v -2.854032 -6.229834 3.629726
v -2.868272 -6.266066 3.640733
v -2.199956 -6.407477 3.977323
v -2.201980 -6.436014 3.978121
v -2.201509 -6.464317 3.973899
v -2.198561 -6.491296 3.964817
v -2.193252 -6.515917 3.951230
v -2.185783 -6.537234 3.933654
v -2.176442 -6.554426 3.912767
v -2.165589 -6.566834 3.889374
v -2.153639 -6.573980 3.864370
v -2.141052 -6.575588 3.838716
v -2.128313 -6.571600 3.813402
v -2.115909 -6.562167 3.789396
v -2.104320 -6.547651 3.767623
v -2.093989 -6.528610 3.748921
v -2.085314 -6.505777 3.734007
v -2.078628 -6.480029 3.723454
v -2.074187 -6.452354 3.717666
v -2.072164 -6.423819 3.716869
v -2.072634 -6.395517 3.721092
v -2.075581 -6.368537 3.730170
v -2.080891 -6.343915 3.743760
v -2.088360 -6.322599 3.761336
v -2.097702 -6.305407 3.782221
v -2.108555 -6.292999 3.805616
v -2.120505 -6.285854 3.830620
v -2.133092 -6.284245 3.856273
v -2.145831 -6.288233 3.881588
v -2.158233 -6.297666 3.905593
v -2.169823 -6.312181 3.927365
v -2.180154 -6.331223 3.946068
v -2.188829 -6.354056 3.960983
v -2.195515 -6.379804 3.971536
v -1.633613 0.104181 2.714445
v -1.876080 -0.027484 2.768397
v -0.053351 2.805459 4.009637
v 0.076610 2.802078 4.014193
v 0.128025 3.124723 4.285329
v -0.101746 3.005536 4.222650
v -2.077775 -0.152747 2.703898
v -0.089855 3.245376 4.333209
v -0.014880 2.590940 3.341762
v 0.115299 2.586344 3.342535
v -0.513454 3.008327 -4.207751
v -0.290975 3.019171 -4.227350
v -0.313859 3.259010 -4.336165
v -0.538267 3.268388 -4.325740
v -0.289345 2.604574 -3.342191
v -0.338719 2.440235 -3.140366
v -0.418949 2.599978 -3.329946
v 1.417465 0.300679 -2.864037
v -0.116066 3.481704 -2.206290
v -0.116066 2.418232 -3.339373
v -0.116066 1.028738 -3.952593
v -0.116066 0.276749 -4.031506
v 0.018308 4.057251 -0.710449
v 0.147517 3.837904 -1.466067
v 0.266598 3.481704 -2.162448
v 0.370972 3.002340 -2.772831
v 0.456630 2.418232 -3.273760
v 0.520280 1.751828 -3.645983
v 0.559475 1.028738 -3.875197
v 0.572710 0.276749 -3.952593
v 0.147517 4.057251 -0.664855
v 0.400971 3.837904 -1.376632
v 0.634555 3.481704 -2.032609
v 0.839294 3.002340 -2.607577
v 1.007318 2.418232 -3.079441
v 1.132171 1.751828 -3.430069
v 1.209056 1.028738 -3.645983
v 1.235016 0.276749 -3.718889
v 0.266598 4.057251 -0.590815
v 0.634555 3.837904 -1.231397
v 0.973667 3.481704 -1.821761
v 1.270901 3.002340 -2.339219
v 1.514835 2.418232 -2.763885
v 1.696094 1.751828 -3.079442
v 1.807713 1.028738 -3.273760
v 1.845402 0.276749 -3.339373
v 0.370972 4.057251 -0.491174
v 0.839294 3.837904 -1.035945
v 1.270901 3.481704 -1.538007
v 1.649208 3.002340 -1.978070
v 1.959677 2.418232 -2.339218
v 2.190376 1.751828 -2.607577
v 2.332440 1.028738 -2.772831
v 2.380409 0.276749 -2.828630
v 0.456630 4.057251 -0.369762
v 1.007318 3.837904 -0.797785
v 1.514835 3.481704 -1.192253
v 1.959677 3.002340 -1.538008
v 2.324749 2.418232 -1.821760
v 2.596022 1.751828 -2.032609
v 2.763071 1.028738 -2.162448
v 2.819477 0.276749 -2.206289
v -0.116066 4.131316 0.075367
v 0.520280 4.057251 -0.231243
v 1.132171 3.837904 -0.526070
v 1.696094 3.481704 -0.797785
v 2.190376 3.002340 -1.035945
v 2.596022 2.418232 -1.231397
v 2.897445 1.751828 -1.376632
v 3.083061 1.028738 -1.466066
v 3.145735 0.276749 -1.496264
v 0.559475 4.057251 -0.080941
v 1.209055 3.837904 -0.231243
v 1.807713 3.481704 -0.369761
v 2.332440 3.002340 -0.491175
v 2.763071 2.418232 -0.590815
v 3.083061 1.751828 -0.664856
v 3.280108 1.028738 -0.710448
v 3.346643 0.276749 -0.725843
v 0.572710 4.057251 0.075368
v 1.235016 3.837904 0.075368
v 1.845401 3.481704 0.075368
v 2.380409 3.002340 0.075367
v 2.819477 2.418232 0.075368
v 3.145735 1.751828 0.075367
v 3.346644 1.028738 0.075368
v 3.414481 0.276749 0.075368
v 0.559475 4.057251 0.231676
v 1.209055 3.837904 0.381978
v 1.807712 3.481704 0.520497
v 2.332440 3.002340 0.641909
v 2.763071 2.418232 0.741551
v 3.083061 1.751828 0.815590
v 3.280108 1.028738 0.861184
v 3.346642 0.276749 0.876579
v 0.520280 4.057251 0.381978
v 1.132171 3.837904 0.676805
v 1.696093 3.481704 0.948520
v 2.190376 3.002340 1.186679
v 2.596022 2.418232 1.382132
v 2.897445 1.751828 1.527366
v 3.083060 1.028738 1.616802
v 3.145733 0.276749 1.647000
v 0.456630 4.057251 0.520496
v 1.007318 3.837904 0.948520
v 1.514834 3.481704 1.342988
v 1.959677 3.002340 1.688742
v 2.324748 2.418232 1.972496
v 2.596022 1.751828 2.183343
v 2.763071 1.028738 2.313183
v 2.819475 0.276749 2.357024
v 0.370972 4.057251 0.641909
v 0.839294 3.837904 1.186679
v 1.270900 3.481704 1.688742
v 1.649208 3.002340 2.128804
v 1.959676 2.418232 2.489953
v 2.190376 1.751828 2.758312
v 2.332439 1.028738 2.923566
v 2.380407 0.276749 2.979365
v 0.266597 4.057251 0.741550
v 0.634555 3.837904 1.382132
v 0.973666 3.481704 1.972495
v 1.270901 3.002340 2.489954
v 1.514834 2.418232 2.914620
v 1.696094 1.751828 3.230176
v 1.807712 1.028738 3.424495
v 1.845400 0.276749 3.490107
v 0.147517 4.057251 0.815590
v 0.400971 3.837904 1.527366
v 0.634555 3.481704 2.183343
v 0.839294 3.002340 2.758312
v 1.007317 2.418232 3.230176
v 1.132171 1.751828 3.580803
v 1.209055 1.028738 3.796718
v 1.235014 0.276749 3.869623
v 0.018308 4.057251 0.861183
v 0.147517 3.837904 1.616801
v 0.266597 3.481704 2.313182
v 0.370972 3.002340 2.923566
v 0.456630 2.418232 3.424494
v 0.520280 1.751828 3.796718
v 0.559474 1.028738 4.025931
v 0.572708 0.276749 4.103327
v -0.116066 4.057251 0.876578
v -0.116066 3.837904 1.647000
v -0.116066 3.481704 2.357023
v -0.116066 3.002340 2.979365
v -0.116066 2.418232 3.490107
v -0.116066 1.751828 3.869623
v -0.116066 1.028738 4.103328
v -0.116067 0.276749 4.182239
v -0.250440 4.057251 0.861183
v -0.379649 3.837904 1.616801
v -0.498730 3.481704 2.313182
v -0.603104 3.002340 2.923566
v -0.688763 2.418232 3.424494
v -0.752412 1.751828 3.796718
v -0.791607 1.028738 4.025931
v -0.804842 0.276749 4.103326
v -0.379649 4.057251 0.815590
v -0.633102 3.837904 1.527366
v -0.866687 3.481704 2.183342
v -1.071425 3.002340 2.758312
v -1.239449 2.418232 3.230175
v -1.364303 1.751828 3.580803
v -1.441187 1.028738 3.796717
v -1.467148 0.276749 3.869621
v -0.498729 4.057251 0.741550
v -0.866687 3.837904 1.382132
v -1.205798 3.481704 1.972494
v -1.503033 3.002340 2.489953
v -1.746966 2.418232 2.914619
v -1.928224 1.751828 3.230176
v -2.039844 1.028738 3.424494
v -2.077533 0.276749 3.490105
v -0.603104 4.057251 0.641909
v -1.071425 3.837904 1.186679
v -1.503032 3.481704 1.688741
v -1.881339 3.002340 2.128804
v -2.191808 2.418232 2.489952
v -2.422506 1.751828 2.758311
v -2.564570 1.028738 2.923565
v -2.612539 0.276749 2.979362
v -0.688762 4.057251 0.520496
v -1.239449 3.837904 0.948519
v -1.746965 3.481704 1.342987
v -2.191808 3.002340 1.688742
v -2.556880 2.418232 1.972494
v -2.828153 1.751828 2.183343
v -2.995203 1.028738 2.313181
v -3.051607 0.276749 2.357021
v -0.752411 4.057251 0.381977
v -1.364303 3.837904 0.676805
v -1.928224 3.481704 0.948519
v -2.422507 3.002340 1.186679
v -2.828153 2.418232 1.382131
v -3.129575 1.751828 1.527366
v -3.315191 1.028738 1.616800
v -3.377864 0.276749 1.646997
v -0.791607 4.057251 0.231676
v -1.441187 3.837904 0.381977
v -2.039842 3.481704 0.520496
v -2.564570 3.002340 0.641909
v -2.995202 2.418232 0.741549
v -3.315191 1.751828 0.815590
v -3.512239 1.028738 0.861182
v -3.578772 0.276749 0.876576
v -0.804841 4.057251 0.075367
v -1.467147 3.837904 0.075367
v -2.077532 3.481704 0.075367
v -2.612539 3.002340 0.075367
v -3.051607 2.418232 0.075367
v -3.377866 1.751828 0.075367
v -3.578773 1.028738 0.075366
v -3.646610 0.276749 0.075366
v -0.791607 4.057251 -0.080941
v -1.441187 3.837904 -0.231243
v -2.039842 3.481704 -0.369762
v -2.564570 3.002340 -0.491174
v -2.995202 2.418232 -0.590816
v -3.315191 1.751828 -0.664855
v -3.512238 1.028738 -0.710450
v -3.578771 0.276749 -0.725845
v -0.752411 4.057251 -0.231243
v -1.364303 3.837904 -0.526070
v -1.928223 3.481704 -0.797785
v -2.422507 3.002340 -1.035945
v -2.828152 2.418232 -1.231397
v -3.129575 1.751828 -1.376631
v -3.315190 1.028738 -1.466067
v -3.377863 0.276749 -1.496265
v -0.688762 4.057251 -0.369761
v -1.239448 3.837904 -0.797785
v -1.746964 3.481704 -1.192253
v -2.191808 3.002340 -1.538007
v -2.556879 2.418232 -1.821760
v -2.828153 1.751828 -2.032608
v -2.995201 1.028738 -2.162448
v -3.051605 0.276749 -2.206289
v -0.498729 4.057251 -0.590815
v -0.866687 3.837904 -1.231397
v -1.205797 3.481704 -1.821760
v -1.503032 3.002340 -2.339218
v -1.746964 2.418232 -2.763884
v -1.928224 1.751828 -3.079440
v -2.039842 1.028738 -3.273759
v -2.077530 0.276749 -3.339370
v -0.379648 4.057251 -0.664855
v -0.633102 3.837904 -1.376631
v -0.866686 3.481704 -2.032607
v -1.071424 3.002340 -2.607577
v -1.239448 2.418232 -3.079440
v -1.364303 1.751828 -3.430067
v -1.441186 1.028738 -3.645982
v -1.467145 0.276749 -3.718886
v -0.250440 4.057251 -0.710448
v -0.379648 3.837904 -1.466066
v -0.498728 3.481704 -2.162446
v -0.603104 3.002340 -2.772831
v -0.688761 2.418232 -3.273758
v -0.752411 1.751828 -3.645982
v -0.791606 1.028738 -3.875196
v -0.804839 0.276749 -3.952590
v -0.116066 4.057251 -0.725843
v -0.116066 3.837904 -1.496264
v -0.116066 3.002340 -2.828630
v -0.116066 1.751828 -3.718887
vn 0.0791 -0.7445 -0.6630
vn 0.1582 -0.8319 -0.5319
vn 0.0936 0.6139 -0.7838
vn 0.2937 0.2598 -0.9199
vn 0.1112 0.3462 -0.9316
vn 0.1157 -0.2149 -0.9698
vn 0.1091 -0.3911 -0.9139
vn 0.3184 -0.3854 -0.8661
vn 0.2889 0.9274 -0.2376
vn 0.2325 -0.7388 -0.6326
vn -0.3134 -0.5984 -0.7374
vn 0.3446 0.3297 -0.8790
vn -0.4759 0.8425 -0.2525
vn -0.2122 0.9046 -0.3696
vn 0.3372 -0.2114 -0.9174
vn 0.5883 0.5059 -0.6309
vn 0.5339 0.3689 -0.7608
vn 0.0562 0.9946 -0.0868
vn 0.6004 0.4076 -0.6880
vn 0.1658 0.9523 -0.2560
vn 0.5437 0.0010 -0.8393
vn 0.0531 0.7913 -0.6091
vn 0.5038 -0.3756 -0.7778
vn 0.3560 0.7557 -0.5496
vn 0.3724 -0.7285 -0.5749
vn 0.5022 0.6628 -0.5555
vn 0.5057 -0.7855 -0.3568
vn 0.6457 0.4336 -0.6285
vn 0.6568 -0.3639 -0.6604
vn 0.4715 0.7436 -0.4740
vn 0.4924 -0.7158 -0.4951
vn 0.5644 0.5996 -0.5675
vn 0.4123 -0.8052 -0.4261
vn 0.6338 0.4385 -0.6372
vn 0.6096 0.5026 -0.6130
vn 0.6538 0.3872 -0.6501
vn 0.0756 0.9942 -0.0761
vn 0.2224 0.9490 -0.2236
vn 0.7036 -0.0658 -0.7075
vn 0.3563 0.8629 -0.3583
vn 0.7688 0.3712 -0.5207
vn 0.0921 0.9938 -0.0624
vn 0.7633 0.2476 -0.5967
vn 0.2699 0.9454 -0.1828
vn 0.8127 -0.1913 -0.5504
vn 0.4300 0.8546 -0.2912
vn 0.7749 -0.3523 -0.5248
vn 0.5648 0.7312 -0.3825
vn 0.5891 -0.7027 -0.3989
vn 0.6713 0.5853 -0.4546
vn 0.5017 -0.7914 -0.3492
vn 0.7493 0.4255 -0.5074
vn 0.7224 0.4888 -0.4892
vn 0.6611 -0.6913 -0.2916
vn 0.7498 0.5730 -0.3307
vn 0.5713 -0.7788 -0.2590
vn 0.8327 0.4144 -0.3673
vn 0.8042 0.4769 -0.3547
vn 0.8532 0.3611 -0.3763
vn 0.1051 0.9934 -0.0463
vn 0.8723 0.3018 -0.3847
vn 0.3069 0.9421 -0.1354
vn 0.8991 -0.1855 -0.3966
vn 0.4862 0.8471 -0.2145
vn 0.8596 -0.3425 -0.3791
vn 0.6348 0.7202 -0.2800
vn 0.1140 0.9931 -0.0285
vn 0.9267 0.2956 -0.2320
vn 0.3321 0.9396 -0.0831
vn 0.9540 -0.1814 -0.2388
vn 0.5241 0.8415 -0.1312
vn 0.9138 -0.3356 -0.2287
vn 0.6810 0.7121 -0.1705
vn 0.7086 -0.6829 -0.1774
vn 0.8010 0.5641 -0.2005
vn 0.6188 -0.7693 -0.1592
vn 0.8863 0.4065 -0.2219
vn 0.8571 0.4684 -0.2145
vn 0.9073 0.3539 -0.2271
vn 0.8261 0.5595 -0.0671
vn 0.6425 -0.7644 -0.0537
vn 0.9124 0.4025 -0.0742
vn 0.8829 0.4640 -0.0718
vn 0.9336 0.3502 -0.0759
vn 0.1185 0.9929 -0.0096
vn 0.9532 0.2923 -0.0775
vn 0.3449 0.9382 -0.0280
vn 0.9806 -0.1793 -0.0797
vn 0.5431 0.8385 -0.0441
vn 0.9402 -0.3320 -0.0764
vn 0.7040 0.7079 -0.0572
vn 0.7322 -0.6785 -0.0595
vn 0.9532 0.2923 0.0775
vn 0.3449 0.9382 0.0280
vn 0.9806 -0.1793 0.0797
vn 0.5431 0.8385 0.0441
vn 0.9402 -0.3320 0.0764
vn 0.7040 0.7079 0.0572
vn 0.7322 -0.6785 0.0595
vn 0.8261 0.5595 0.0671
vn 0.6425 -0.7644 0.0537
vn 0.9124 0.4025 0.0742
vn 0.8829 0.4640 0.0718
vn 0.9336 0.3502 0.0759
vn 0.1185 0.9929 0.0096
vn 0.6188 -0.7693 0.1592
vn 0.8863 0.4065 0.2219
vn 0.8571 0.4684 0.2145
vn 0.9073 0.3539 0.2271
vn 0.1140 0.9931 0.0285
vn 0.9267 0.2956 0.2320
vn 0.3321 0.9396 0.0831
vn 0.9540 -0.1814 0.2388
vn 0.5241 0.8415 0.1312
vn 0.9138 -0.3356 0.2287
vn 0.6810 0.7121 0.1705
vn 0.7086 -0.6829 0.1774
vn 0.8010 0.5641 0.2005
vn 0.3069 0.9421 0.1354
vn 0.8991 -0.1855 0.3966
vn 0.4862 0.8471 0.2145
vn 0.8596 -0.3425 0.3791
vn 0.6348 0.7202 0.2800
vn 0.6611 -0.6913 0.2916
vn 0.7498 0.5730 0.3307
vn 0.5713 -0.7788 0.2590
vn 0.8327 0.4144 0.3673
vn 0.8042 0.4769 0.3547
vn 0.8532 0.3611 0.3763
vn 0.1051 0.9934 0.0463
vn 0.8723 0.3019 0.3847
vn 0.7208 0.3659 0.5887
vn 0.7086 0.4895 0.5082
vn 0.7688 0.3712 0.5207
vn 0.0921 0.9938 0.0624
vn 0.7364 0.1893 0.6495
vn 0.2699 0.9454 0.1828
vn 0.8127 -0.1913 0.5504
vn 0.4300 0.8546 0.2912
vn 0.7749 -0.3523 0.5248
vn 0.5648 0.7312 0.3825
vn 0.5891 -0.7027 0.3989
vn 0.6713 0.5853 0.4546
vn 0.5017 -0.7914 0.3492
vn 0.7048 -0.0319 0.7087
vn 0.3563 0.8629 0.3583
vn 0.6568 -0.3639 0.6604
vn 0.4715 0.7436 0.4740
vn 0.4924 -0.7158 0.4951
vn 0.4971 0.5281 0.6885
vn 0.4123 -0.8052 0.4261
vn 0.0756 0.9942 0.0761
vn 0.2224 0.9490 0.2236
vn 0.0562 0.9946 0.0868
vn 0.1658 0.9523 0.2560
vn 0.5385 0.1380 0.8313
vn 0.2672 0.8709 0.4125
vn 0.5038 -0.3756 0.7778
vn 0.2929 0.7247 0.6237
vn 0.3724 -0.7285 0.5749
vn 0.4644 0.5196 0.7172
vn 0.3066 -0.8181 0.4866
vn 0.3184 -0.3854 0.8661
vn 0.2347 0.7329 0.6386
vn 0.2325 -0.7388 0.6326
vn 0.0346 0.9949 0.0942
vn 0.2954 0.4087 0.8635
vn 0.1024 0.9549 0.2785
vn 0.3372 -0.2114 0.9174
vn 0.1657 0.8771 0.4508
vn 0.0117 0.9951 0.0980
vn 0.1079 0.4132 0.9042
vn 0.0346 0.9564 0.2901
vn 0.1157 -0.2149 0.9698
vn 0.0562 0.8805 0.4707
vn 0.1091 -0.3911 0.9139
vn 0.7203 0.6700 -0.1795
vn 0.0791 -0.7445 0.6630
vn 0.3442 0.0677 0.9364
vn 0.1185 0.0106 0.9929
vn 0.0015 0.9735 -0.2285
vn -0.0791 -0.7445 0.6630
vn -0.1258 -0.2364 0.9635
vn -0.5133 -0.6748 0.5302
vn -0.1185 0.0176 0.9928
vn -0.0117 0.9951 0.0980
vn -0.1079 0.4132 0.9042
vn -0.0346 0.9564 0.2901
vn -0.1157 -0.2149 0.9698
vn -0.0562 0.8805 0.4707
vn -0.1091 -0.3911 0.9139
vn -0.0346 0.9949 0.0942
vn -0.2824 0.2630 0.9226
vn -0.1024 0.9549 0.2785
vn -0.3372 -0.2114 0.9174
vn -0.1657 0.8771 0.4508
vn -0.3184 -0.3854 0.8661
vn -0.7256 0.6778 -0.1184
vn -0.2325 -0.7388 0.6326
vn -0.9211 0.3568 0.1558
vn -0.0911 -0.8251 0.5576
vn -0.3724 -0.7285 0.5749
vn -0.4292 0.6137 0.6627
vn -0.3066 -0.8181 0.4866
vn -0.0562 0.9946 0.0868
vn -0.1658 0.9523 0.2560
vn -0.5333 0.1941 0.8233
vn -0.2672 0.8709 0.4125
vn -0.5038 -0.3756 0.7778
vn -0.3560 0.7557 0.5496
vn -0.0756 0.9942 0.0761
vn -0.2224 0.9490 0.2236
vn -0.7048 0.0334 0.7086
vn -0.3563 0.8629 0.3583
vn -0.6568 -0.3639 0.6604
vn -0.4715 0.7436 0.4740
vn -0.4924 -0.7158 0.4951
vn -0.5644 0.5996 0.5675
vn -0.4123 -0.8052 0.4261
vn -0.6338 0.4385 0.6372
vn -0.6713 0.5853 0.4546
vn -0.5017 -0.7914 0.3492
vn -0.7493 0.4255 0.5074
vn -0.7224 0.4888 0.4892
vn -0.7903 0.4457 0.4203
vn -0.0921 0.9938 0.0624
vn -0.4362 -0.5928 0.6771
vn -0.2699 0.9454 0.1828
vn -0.8127 -0.1913 0.5504
vn -0.4300 0.8546 0.2912
vn -0.7749 -0.3523 0.5248
vn -0.5648 0.7312 0.3825
vn -0.5891 -0.7027 0.3989
vn -0.8723 0.3019 0.3847
vn -0.3069 0.9421 0.1354
vn -0.8991 -0.1855 0.3966
vn -0.4862 0.8471 0.2145
vn -0.8596 -0.3425 0.3791
vn -0.6348 0.7202 0.2800
vn -0.6611 -0.6913 0.2916
vn -0.7498 0.5730 0.3307
vn -0.5713 -0.7788 0.2590
vn -0.8327 0.4144 0.3673
vn -0.8042 0.4769 0.3547
vn -0.8532 0.3611 0.3763
vn -0.1051 0.9934 0.0463
vn -0.6188 -0.7693 0.1592
vn -0.8863 0.4065 0.2219
vn -0.8571 0.4684 0.2145
vn -0.9073 0.3539 0.2271
vn -0.1140 0.9931 0.0285
vn -0.9267 0.2956 0.2320
vn -0.3321 0.9396 0.0831
vn -0.9540 -0.1814 0.2388
vn -0.5241 0.8415 0.1312
vn -0.9138 -0.3356 0.2287
vn -0.6810 0.7121 0.1705
vn -0.7086 -0.6829 0.1774
vn -0.8010 0.5641 0.2005
vn -0.9806 -0.1793 0.0797
vn -0.5431 0.8385 0.0441
vn -0.9402 -0.3320 0.0764
vn -0.7040 0.7079 0.0572
vn -0.7322 -0.6785 0.0595
vn -0.8261 0.5595 0.0671
vn -0.6425 -0.7644 0.0537
vn -0.9124 0.4025 0.0742
vn -0.8829 0.4640 0.0718
vn -0.9336 0.3502 0.0759
vn -0.1185 0.9929 0.0096
vn -0.9532 0.2923 0.0775
vn -0.3449 0.9382 0.0280
vn -0.8829 0.4640 -0.0718
vn -0.9336 0.3502 -0.0759
vn -0.1185 0.9929 -0.0096
vn -0.9532 0.2923 -0.0775
vn -0.3449 0.9382 -0.0280
vn -0.9806 -0.1793 -0.0797
vn -0.5431 0.8385 -0.0441
vn -0.9402 -0.3320 -0.0764
vn -0.7040 0.7079 -0.0572
vn -0.7322 -0.6785 -0.0595
vn -0.8261 0.5595 -0.0671
vn -0.6425 -0.7644 -0.0537
vn -0.9124 0.4025 -0.0742
vn -0.5241 0.8415 -0.1312
vn -0.9138 -0.3356 -0.2287
vn -0.6810 0.7121 -0.1705
vn -0.7086 -0.6829 -0.1774
vn -0.8010 0.5641 -0.2005
vn -0.6188 -0.7693 -0.1592
vn -0.8863 0.4065 -0.2219
vn -0.8571 0.4684 -0.2145
vn -0.9073 0.3539 -0.2271
vn -0.1140 0.9931 -0.0285
vn -0.9267 0.2956 -0.2320
vn -0.3321 0.9396 -0.0831
vn -0.9540 -0.1814 -0.2388
vn -0.8042 0.4769 -0.3547
vn -0.8532 0.3611 -0.3763
vn -0.1051 0.9934 -0.0464
vn -0.8723 0.3019 -0.3847
vn -0.3069 0.9421 -0.1354
vn -0.8991 -0.1855 -0.3966
vn -0.4862 0.8471 -0.2145
vn -0.8596 -0.3425 -0.3791
vn -0.6348 0.7202 -0.2800
vn -0.6611 -0.6913 -0.2916
vn -0.7498 0.5730 -0.3307
vn -0.5713 -0.7788 -0.2590
vn -0.8327 0.4144 -0.3673
vn -0.7749 -0.3523 -0.5248
vn -0.5648 0.7312 -0.3825
vn -0.5891 -0.7027 -0.3989
vn -0.6713 0.5853 -0.4546
vn -0.5017 -0.7914 -0.3492
vn -0.7493 0.4255 -0.5074
vn -0.7224 0.4888 -0.4892
vn -0.7575 0.3417 -0.5563
vn -0.0921 0.9938 -0.0624
vn -0.7741 0.3548 -0.5242
vn -0.2699 0.9454 -0.1828
vn -0.8127 -0.1913 -0.5504
vn -0.4300 0.8546 -0.2912
vn -0.5823 0.3891 -0.7138
vn -0.0756 0.9942 -0.0761
vn -0.6678 0.3210 -0.6715
vn -0.0432 0.9055 -0.4221
vn -0.6912 -0.1983 -0.6950
vn -0.1675 0.8480 -0.5028
vn -0.6568 -0.3639 -0.6604
vn -0.4715 0.7436 -0.4740
vn -0.4924 -0.7158 -0.4951
vn -0.4174 0.4434 -0.7932
vn -0.4123 -0.8052 -0.4261
vn -0.4353 0.4339 -0.7888
vn -0.4041 0.4962 -0.7684
vn -0.0057 0.6357 -0.7719
vn -0.3724 -0.7285 -0.5749
vn -0.3261 0.4397 -0.8369
vn -0.4087 -0.8077 -0.4250
vn -0.5209 0.5129 -0.6824
vn -0.0562 0.9946 -0.0868
vn -0.5128 0.3320 -0.7917
vn -0.2821 0.8549 -0.4355
vn -0.5321 -0.2054 -0.8214
vn -0.5038 -0.3756 -0.7778
vn -0.2741 0.6072 -0.7458
vn -0.0346 0.9949 -0.0942
vn -0.3244 0.3410 -0.8823
vn -0.1619 0.8830 -0.4405
vn -0.3372 -0.2114 -0.9174
vn -0.3184 -0.3854 -0.8661
vn -0.2325 -0.7388 -0.6326
vn -0.2151 -0.7820 -0.5850
vn -0.0791 -0.7445 -0.6630
vn -0.0090 -0.7984 -0.6021
vn -0.0760 0.8429 -0.5327
vn -0.1080 0.4114 -0.9050
vn 0.9311 0.3147 -0.1844
vn -0.1112 0.3462 -0.9316
vn -0.1157 -0.2149 -0.9698
vn -0.1091 -0.3911 -0.9139
vn 0.0307 -0.9622 -0.2705
vn 0.0047 -0.9991 -0.0417
vn 0.0928 -0.9595 -0.2660
vn 0.0140 -0.9991 -0.0401
vn 0.5411 -0.0592 -0.8388
vn 0.4879 -0.2593 -0.8335
vn 0.5152 -0.3665 -0.7747
vn 0.5077 -0.4848 -0.7122
vn 0.9055 -0.0399 0.4224
vn 0.1477 -0.9594 -0.2402
vn 0.4988 0.1676 -0.8504
vn 0.0227 -0.9991 -0.0370
vn 0.7350 -0.5206 -0.4345
vn 0.0912 -0.9938 -0.0631
vn 0.2132 -0.9506 -0.2257
vn 0.6685 0.2279 -0.7079
vn 0.0306 -0.9990 -0.0324
vn 0.6842 -0.0822 -0.7246
vn 0.6692 -0.2232 -0.7087
vn 0.6409 -0.3587 -0.6787
vn 0.6154 -0.4933 -0.6148
vn 0.7946 -0.2175 -0.5668
vn 0.7626 -0.3502 -0.5439
vn 0.7072 -0.4954 -0.5044
vn 0.6149 -0.6553 -0.4386
vn 0.4693 -0.8172 -0.3347
vn 0.2590 -0.9480 -0.1848
vn 0.7917 0.2331 -0.5647
vn 0.0373 -0.9990 -0.0266
vn 0.8115 -0.0801 -0.5788
vn 0.5311 -0.8106 -0.2467
vn 0.2948 -0.9457 -0.1369
vn 0.8808 0.2381 -0.4092
vn 0.0426 -0.9989 -0.0198
vn 0.9041 -0.0782 -0.4200
vn 0.8862 -0.2126 -0.4117
vn 0.8519 -0.3430 -0.3958
vn 0.7924 -0.4865 -0.3681
vn 0.6920 -0.6464 -0.3215
vn 0.9102 -0.3377 -0.2400
vn 0.8483 -0.4800 -0.2236
vn 0.7432 -0.6398 -0.1959
vn 0.5728 -0.8057 -0.1510
vn 0.3193 -0.9439 -0.0842
vn 0.9381 0.2423 -0.2473
vn 0.0462 -0.9989 -0.0122
vn 0.9641 -0.0768 -0.2542
vn 0.9456 -0.2091 -0.2493
vn 0.3317 -0.9430 -0.0284
vn 0.9660 0.2451 -0.0827
vn 0.0480 -0.9988 -0.0041
vn 0.9935 -0.0761 -0.0850
vn 0.9747 -0.2072 -0.0834
vn 0.9388 -0.3349 -0.0804
vn 0.8759 -0.4766 -0.0750
vn 0.7687 -0.6363 -0.0658
vn 0.5937 -0.8031 -0.0508
vn 0.9388 -0.3349 0.0804
vn 0.8759 -0.4766 0.0750
vn 0.7687 -0.6363 0.0658
vn 0.5937 -0.8031 0.0508
vn 0.3317 -0.9430 0.0284
vn 0.9660 0.2451 0.0827
vn 0.0480 -0.9988 0.0041
vn 0.9935 -0.0761 0.0850
vn 0.9747 -0.2072 0.0834
vn 0.3193 -0.9439 0.0842
vn 0.9381 0.2423 0.2473
vn 0.0462 -0.9989 0.0122
vn 0.9641 -0.0768 0.2542
vn 0.9456 -0.2091 0.2493
vn 0.9102 -0.3377 0.2400
vn 0.8483 -0.4800 0.2236
vn 0.7432 -0.6398 0.1959
vn 0.5728 -0.8057 0.1510
vn 0.7924 -0.4865 0.3681
vn 0.6920 -0.6464 0.3215
vn 0.5311 -0.8106 0.2467
vn 0.2948 -0.9457 0.1369
vn 0.8808 0.2381 0.4092
vn 0.0426 -0.9989 0.0198
vn 0.9041 -0.0782 0.4200
vn 0.8862 -0.2126 0.4117
vn 0.8519 -0.3430 0.3958
vn 0.7917 0.2331 0.5647
vn 0.0373 -0.9990 0.0266
vn 0.8115 -0.0801 0.5788
vn 0.7946 -0.2175 0.5668
vn 0.7626 -0.3502 0.5439
vn 0.7072 -0.4954 0.5044
vn 0.6149 -0.6553 0.4386
vn 0.4693 -0.8172 0.3347
vn 0.2590 -0.9480 0.1848
vn 0.5923 -0.5056 0.6273
vn 0.5125 -0.6655 0.5427
vn 0.3885 -0.8245 0.4115
vn 0.2131 -0.9506 0.2257
vn 0.6685 0.2279 0.7079
vn 0.0306 -0.9990 0.0324
vn 0.6842 -0.0822 0.7246
vn 0.6692 -0.2232 0.7087
vn 0.6409 -0.3587 0.6787
vn 0.0228 -0.9991 0.0370
vn 0.5220 -0.0844 0.8488
vn 0.5100 -0.2289 0.8292
vn 0.5681 -0.3238 0.7566
vn 0.9462 -0.3178 0.0610
vn 0.7337 -0.6394 0.2301
vn 0.7373 -0.6697 0.0893
vn 0.1588 -0.9530 0.2582
vn 0.5106 0.2235 0.8303
vn -0.0391 -0.9929 -0.1120
vn 0.5336 0.2227 0.8159
vn 0.0140 -0.9991 0.0401
vn 0.4269 -0.0858 0.9002
vn 0.5161 -0.2285 0.8254
vn 0.5688 -0.3239 0.7560
vn -0.0021 -0.9998 -0.0179
vn 0.0047 -0.9991 0.0417
vn 0.0020 -0.9998 -0.0179
vn -0.0048 -0.9991 0.0417
vn -0.5082 -0.2290 0.8303
vn -0.4947 -0.3664 0.7881
vn -0.9837 -0.0897 0.1556
vn 0.0065 -0.9998 -0.0186
vn -0.5849 0.2204 0.7806
vn -0.0140 -0.9991 0.0401
vn -0.3831 -0.1026 0.9180
vn -0.4224 -0.8193 0.3878
vn -0.1588 -0.9530 0.2582
vn -0.5106 0.2235 0.8303
vn -0.0228 -0.9991 0.0370
vn -0.5220 -0.0844 0.8488
vn -0.5100 -0.2289 0.8292
vn -0.4873 -0.3670 0.7924
vn -0.8334 -0.2404 0.4976
vn -0.5020 -0.8603 0.0884
vn -0.6409 -0.3587 0.6787
vn -0.5923 -0.5056 0.6273
vn -0.5125 -0.6655 0.5427
vn -0.3885 -0.8245 0.4115
vn -0.2131 -0.9506 0.2257
vn -0.6685 0.2279 0.7079
vn -0.0306 -0.9990 0.0324
vn -0.6842 -0.0822 0.7246
vn -0.6692 -0.2232 0.7087
vn -0.2590 -0.9480 0.1847
vn -0.7917 0.2331 0.5647
vn -0.0373 -0.9989 0.0266
vn -0.8115 -0.0801 0.5788
vn -0.7946 -0.2175 0.5668
vn -0.7626 -0.3502 0.5439
vn -0.7072 -0.4954 0.5044
vn -0.6149 -0.6553 0.4386
vn -0.4693 -0.8172 0.3347
vn -0.8519 -0.3430 0.3958
vn -0.7924 -0.4865 0.3681
vn -0.6920 -0.6464 0.3215
vn -0.5311 -0.8106 0.2467
vn -0.2948 -0.9457 0.1369
vn -0.8808 0.2381 0.4092
vn -0.0425 -0.9989 0.0198
vn -0.9041 -0.0782 0.4200
vn -0.8862 -0.2126 0.4117
vn -0.3193 -0.9439 0.0842
vn -0.9381 0.2423 0.2473
vn -0.0462 -0.9989 0.0122
vn -0.9641 -0.0768 0.2542
vn -0.6338 0.1210 0.7639
vn -0.6204 -0.3172 0.7173
vn -0.8483 -0.4800 0.2236
vn -0.7432 -0.6398 0.1959
vn -0.5728 -0.8057 0.1510
vn -0.6978 -0.7138 0.0597
vn -0.7687 -0.6363 0.0658
vn -0.5937 -0.8031 0.0508
vn -0.3317 -0.9430 0.0284
vn -0.9660 0.2451 0.0827
vn -0.0480 -0.9988 0.0041
vn -0.9935 -0.0761 0.0850
vn -0.8221 0.2209 0.5248
vn -0.8218 -0.5627 0.0896
vn -0.0480 -0.9988 -0.0041
vn -0.9935 -0.0761 -0.0850
vn -0.8926 0.3815 -0.2403
vn -0.7390 -0.5095 0.4408
vn -0.7019 -0.7097 -0.0601
vn -0.7687 -0.6363 -0.0658
vn -0.5937 -0.8031 -0.0508
vn -0.3317 -0.9430 -0.0284
vn -0.9660 0.2451 -0.0827
vn -0.7432 -0.6398 -0.1959
vn -0.5728 -0.8057 -0.1510
vn -0.3193 -0.9439 -0.0842
vn -0.9381 0.2423 -0.2473
vn -0.0462 -0.9989 -0.0122
vn -0.9641 -0.0768 -0.2542
vn -0.5914 0.1479 -0.7927
vn -0.5421 -0.3019 -0.7843
vn -0.8483 -0.4800 -0.2236
vn -0.9041 -0.0782 -0.4200
vn -0.8862 -0.2126 -0.4117
vn -0.8519 -0.3430 -0.3958
vn -0.7924 -0.4865 -0.3681
vn -0.6920 -0.6464 -0.3215
vn -0.5311 -0.8106 -0.2467
vn -0.2948 -0.9457 -0.1369
vn -0.8808 0.2381 -0.4092
vn -0.0426 -0.9989 -0.0198
vn -0.7264 -0.5892 -0.3538
vn -0.4976 -0.8154 -0.2957
vn -0.2340 -0.9477 -0.2170
vn -0.7917 0.2331 -0.5647
vn -0.0337 -0.9989 -0.0313
vn -0.8115 -0.0801 -0.5788
vn -0.7946 -0.2175 -0.5668
vn -0.7626 -0.3502 -0.5439
vn -0.7072 -0.4954 -0.5044
vn -0.6692 -0.2232 -0.7087
vn -0.6409 -0.3587 -0.6787
vn -0.5923 -0.5056 -0.6273
vn -0.5777 -0.5403 -0.6118
vn -0.6685 0.2279 -0.7079
vn -0.6842 -0.0822 -0.7246
vn -0.4963 0.1862 -0.8480
vn -0.5074 -0.0845 -0.8575
vn -0.5100 -0.2289 -0.8292
vn -0.4805 -0.3704 -0.7949
vn -0.7325 -0.4752 -0.4875
vn -0.7193 -0.5085 -0.4734
vn -0.3516 -0.2520 -0.9016
vn -0.4477 -0.3680 -0.8150
vn -0.1031 -0.9748 -0.1980
vn -0.0203 -0.9990 -0.0390
vn -0.0307 -0.9622 -0.2705
vn -0.0048 -0.9991 -0.0417
vn 0.0968 0.3568 0.9292
vn 0.0932 -0.1096 0.9896
vn 0.0957 -0.0105 0.9954
vn 0.0970 0.0637 0.9932
vn 0.0977 0.1247 0.9874
vn 0.0980 0.1788 0.9790
vn 0.0337 -0.8482 0.5287
vn 0.0980 0.2305 0.9681
vn 0.0734 -0.4951 0.8657
vn 0.0977 0.2835 0.9540
vn 0.0876 -0.2561 0.9627
vn 0.2893 0.2757 0.9167
vn 0.2594 -0.2632 0.9292
vn 0.4137 0.4454 0.7940
vn 0.2759 -0.1170 0.9540
vn 0.2835 -0.0182 0.9588
vn 0.2873 0.0559 0.9562
vn 0.2893 0.1168 0.9501
vn 0.2902 0.1710 0.9416
vn 0.1000 -0.8509 0.5158
vn 0.2902 0.2227 0.9307
vn 0.2174 -0.5010 0.8377
vn 0.4698 0.1014 0.8769
vn 0.4712 0.1555 0.8682
vn 0.1624 -0.8562 0.4905
vn 0.4712 0.2073 0.8573
vn 0.3530 -0.5126 0.7827
vn 0.4698 0.2603 0.8435
vn 0.4213 -0.2770 0.8636
vn 0.4536 0.4407 0.7746
vn 0.4480 -0.1317 0.8843
vn 0.4604 -0.0333 0.8871
vn 0.4666 0.0407 0.8835
vn 0.5669 -0.2970 0.7684
vn 0.6113 0.4469 0.6532
vn 0.6030 -0.1530 0.7830
vn 0.6195 -0.0552 0.7830
vn 0.6280 0.0185 0.7780
vn 0.6323 0.0791 0.7707
vn 0.6342 0.1331 0.7616
vn 0.2186 -0.8639 0.4538
vn 0.6342 0.1849 0.7508
vn 0.4751 -0.5293 0.7029
vn 0.6323 0.2379 0.7373
vn 0.7705 0.0507 0.6355
vn 0.7727 0.1046 0.6260
vn 0.2663 -0.8737 0.4070
vn 0.7727 0.1563 0.6152
vn 0.5789 -0.5507 0.6013
vn 0.7705 0.2095 0.6021
vn 0.6908 -0.3225 0.6471
vn 0.7515 0.3562 0.5553
vn 0.7347 -0.1801 0.6540
vn 0.7549 -0.0830 0.6505
vn 0.7652 -0.0098 0.6437
vn 0.8646 0.2883 0.4116
vn 0.8382 -0.2120 0.5024
vn 0.8613 -0.1158 0.4948
vn 0.8730 -0.0430 0.4859
vn 0.8790 0.0173 0.4765
vn 0.8816 0.0711 0.4666
vn 0.3039 -0.8853 0.3521
vn 0.8816 0.1228 0.4557
vn 0.6605 -0.5758 0.4818
vn 0.8790 0.1761 0.4431
vn 0.7881 -0.3524 0.5046
vn 0.9566 0.0338 0.2894
vn 0.3297 -0.8981 0.2910
vn 0.9566 0.0856 0.2785
vn 0.7167 -0.6037 0.3491
vn 0.9971 0.0704 -0.0294
vn 0.8552 -0.3858 0.3462
vn 0.9692 0.1472 -0.1976
vn 0.9095 -0.2474 0.3340
vn 0.9345 -0.1522 0.3217
vn 0.9472 -0.0798 0.3104
vn 0.9538 -0.0199 0.2998
vn 0.9459 -0.2850 0.1551
vn 0.9719 -0.1908 0.1379
vn 0.9851 -0.1190 0.1242
vn 0.9919 -0.0593 0.1123
vn 0.9948 -0.0057 0.1013
vn 0.3428 -0.9118 0.2262
vn 0.9542 0.0636 -0.2922
vn 0.7453 -0.6334 0.2082
vn 0.8894 -0.4211 0.1780
vn 0.9569 -0.0844 -0.2777
vn 0.3428 -0.9256 0.1601
vn 0.7453 -0.6636 0.0645
vn 0.8894 -0.4572 0.0066
vn 0.9459 -0.3234 -0.0272
vn 0.9719 -0.2302 -0.0494
vn 0.9851 -0.1589 -0.0657
vn 0.9919 -0.0995 -0.0789
vn 0.9345 -0.2688 -0.2332
vn 0.9472 -0.1981 -0.2520
vn 0.9538 -0.1389 -0.2664
vn 0.9542 0.0145 -0.2988
vn 0.3297 -0.9393 0.0953
vn 0.7167 -0.6932 -0.0764
vn 0.8552 -0.4925 -0.1615
vn 0.9095 -0.3610 -0.2061
vn 0.6605 -0.7211 -0.2091
vn 0.7881 -0.5258 -0.3199
vn 0.8382 -0.3964 -0.3745
vn 0.8613 -0.3052 -0.4063
vn 0.8968 -0.2387 -0.3726
vn 0.7854 -0.1118 -0.6088
vn 0.3038 -0.9521 0.0342
vn 0.7257 -0.4597 -0.5119
vn 0.2663 -0.9637 -0.0207
vn 0.5789 -0.7462 -0.3286
vn 0.6908 -0.5558 -0.4625
vn 0.7347 -0.4283 -0.5261
vn 0.7549 -0.3380 -0.5620
vn 0.4751 -0.7676 -0.4302
vn 0.5669 -0.5813 -0.5837
vn 0.6030 -0.4554 -0.6550
vn 0.8342 -0.3800 -0.3997
vn 0.2185 -0.9735 -0.0674
vn 0.1624 -0.9812 -0.1042
vn 0.3530 -0.7844 -0.5100
vn 0.4213 -0.6013 -0.6790
vn 0.4480 -0.4767 -0.7563
vn 0.2892 -0.4349 -0.8528
vn 0.2594 -0.6151 -0.7446
vn 0.2759 -0.4913 -0.8261
vn 0.2837 -0.3994 -0.8718
vn 0.1000 -0.9865 -0.1295
vn 0.2174 -0.7959 -0.5650
vn 0.0338 -0.9892 -0.1424
vn 0.0734 -0.8018 -0.5930
vn 0.0876 -0.6221 -0.7780
vn 0.0932 -0.4988 -0.8617
vn 0.0945 -0.4580 -0.8839
vn -0.0876 -0.6221 -0.7780
vn -0.0932 -0.4988 -0.8617
vn -0.0945 -0.4580 -0.8839
vn -0.0338 -0.9892 -0.1424
vn -0.0734 -0.8018 -0.5930
vn -0.1000 -0.9865 -0.1295
vn -0.2174 -0.7959 -0.5650
vn -0.2594 -0.6151 -0.7446
vn -0.2759 -0.4913 -0.8261
vn -0.2837 -0.3994 -0.8718
vn -0.4480 -0.4767 -0.7563
vn -0.2955 -0.4300 -0.8531
vn -0.1624 -0.9812 -0.1042
vn -0.3530 -0.7844 -0.5100
vn -0.4213 -0.6013 -0.6790
vn -0.2185 -0.9735 -0.0674
vn -0.4751 -0.7676 -0.4302
vn -0.5669 -0.5813 -0.5837
vn -0.6030 -0.4554 -0.6550
vn -0.8705 -0.3757 -0.3179
vn -0.7549 -0.3380 -0.5620
vn -0.7215 -0.4732 -0.5055
vn -0.2663 -0.9637 -0.0207
vn -0.5789 -0.7462 -0.3286
vn -0.6908 -0.5558 -0.4625
vn -0.7347 -0.4282 -0.5261
vn -0.3038 -0.9521 0.0342
vn -0.6605 -0.7211 -0.2091
vn -0.7881 -0.5258 -0.3199
vn -0.8382 -0.3964 -0.3745
vn -0.8613 -0.3052 -0.4063
vn -0.9238 -0.2425 -0.2962
vn -0.9345 -0.2688 -0.2332
vn -0.9472 -0.1981 -0.2520
vn -0.9184 -0.1312 -0.3732
vn -0.8167 -0.0165 -0.5769
vn -0.3297 -0.9393 0.0953
vn -0.7167 -0.6932 -0.0764
vn -0.8552 -0.4925 -0.1615
vn -0.9095 -0.3610 -0.2060
vn -0.7453 -0.6636 0.0645
vn -0.8894 -0.4572 0.0066
vn -0.9459 -0.3234 -0.0272
vn -0.9719 -0.2302 -0.0494
vn -0.9851 -0.1589 -0.0657
vn -0.9919 -0.0995 -0.0789
vn -0.8057 -0.0106 -0.5922
vn -0.3428 -0.9256 0.1601
vn -0.9851 -0.1190 0.1242
vn -0.9919 -0.0593 0.1123
vn -0.9948 -0.0057 0.1013
vn -0.3428 -0.9118 0.2262
vn -0.9795 0.0598 -0.1926
vn -0.7453 -0.6334 0.2082
vn -0.8894 -0.4211 0.1780
vn -0.9459 -0.2850 0.1551
vn -0.9719 -0.1908 0.1379
vn -0.7167 -0.6037 0.3491
vn -0.9948 0.0893 0.0491
vn -0.8552 -0.3858 0.3462
vn -0.6421 0.5072 0.5748
vn -0.9095 -0.2474 0.3340
vn -0.9345 -0.1522 0.3217
vn -0.9472 -0.0798 0.3104
vn -0.9538 -0.0199 0.2998
vn -0.9566 0.0338 0.2894
vn -0.3296 -0.8981 0.2910
vn -0.9566 0.0856 0.2785
vn -0.8730 -0.0430 0.4859
vn -0.8790 0.0173 0.4765
vn -0.8816 0.0711 0.4666
vn -0.3038 -0.8853 0.3521
vn -0.8816 0.1228 0.4557
vn -0.6605 -0.5758 0.4818
vn -0.8790 0.1761 0.4431
vn -0.7881 -0.3525 0.5046
vn -0.9653 0.2366 -0.1107
vn -0.8382 -0.2120 0.5024
vn -0.8613 -0.1158 0.4948
vn -0.7705 0.2095 0.6021
vn -0.6908 -0.3225 0.6471
vn -0.7652 0.2682 0.5853
vn -0.7347 -0.1801 0.6540
vn -0.7113 0.5033 0.4907
vn -0.7549 -0.0830 0.6505
vn -0.7652 -0.0098 0.6437
vn -0.7705 0.0507 0.6355
vn -0.7727 0.1046 0.6260
vn -0.2663 -0.8737 0.4070
vn -0.7727 0.1563 0.6152
vn -0.5789 -0.5507 0.6013
vn -0.6323 0.0791 0.7707
vn -0.6342 0.1331 0.7616
vn -0.2186 -0.8639 0.4538
vn -0.6342 0.1849 0.7508
vn -0.4751 -0.5293 0.7029
vn -0.6323 0.2379 0.7373
vn -0.5669 -0.2970 0.7684
vn -0.6280 0.2964 0.7196
vn -0.6030 -0.1530 0.7830
vn -0.5777 0.5493 0.6038
vn -0.6195 -0.0552 0.7830
vn -0.6280 0.0185 0.7780
vn -0.4666 0.3186 0.8251
vn -0.4480 -0.1317 0.8843
vn -0.4174 0.6156 0.6685
vn -0.4604 -0.0333 0.8871
vn -0.4666 0.0407 0.8835
vn -0.4698 0.1014 0.8769
vn -0.4712 0.1555 0.8682
vn -0.1624 -0.8562 0.4905
vn -0.4712 0.2073 0.8573
vn -0.3531 -0.5126 0.7827
vn -0.4698 0.2603 0.8435
vn -0.4213 -0.2770 0.8636
vn -0.2902 0.1710 0.9416
vn -0.1000 -0.8509 0.5158
vn -0.2902 0.2227 0.9307
vn -0.2174 -0.5010 0.8377
vn -0.2893 0.2757 0.9167
vn -0.2594 -0.2632 0.9292
vn -0.1607 0.3706 0.9148
vn -0.2759 -0.1170 0.9540
vn -0.0062 0.7533 0.6577
vn -0.2835 -0.0182 0.9588
vn -0.2873 0.0559 0.9562
vn -0.2893 0.1168 0.9501
vn -0.0932 -0.1096 0.9896
vn -0.0957 -0.0105 0.9954
vn -0.0970 0.0637 0.9932
vn -0.0977 0.1247 0.9874
vn -0.0980 0.1788 0.9790
vn -0.0337 -0.8482 0.5287
vn -0.0980 0.2305 0.9681
vn -0.0734 -0.4951 0.8657
vn -0.0977 0.2835 0.9540
vn -0.0876 -0.2561 0.9627
vn -0.0968 0.3568 0.9292
vn -0.0895 0.5864 -0.8051
vn -0.0932 -0.1096 -0.9896
vn -0.0957 -0.0105 -0.9954
vn -0.0970 0.0637 -0.9932
vn -0.0977 0.1247 -0.9874
vn -0.0980 0.1788 -0.9790
vn -0.0338 -0.8482 -0.5287
vn -0.0980 0.2305 -0.9681
vn -0.0734 -0.4951 -0.8657
vn -0.0977 0.2835 -0.9540
vn -0.0876 -0.2561 -0.9627
vn -0.2893 0.2757 -0.9167
vn -0.2594 -0.2632 -0.9292
vn -0.2628 0.5938 -0.7604
vn -0.2759 -0.1170 -0.9540
vn -0.2835 -0.0182 -0.9588
vn -0.2873 0.0559 -0.9562
vn -0.2893 0.1168 -0.9501
vn -0.2902 0.1710 -0.9416
vn -0.1000 -0.8509 -0.5158
vn -0.2902 0.2227 -0.9307
vn -0.2174 -0.5010 -0.8377
vn -0.4698 0.1014 -0.8769
vn -0.4712 0.1555 -0.8682
vn -0.1624 -0.8562 -0.4905
vn -0.4712 0.2073 -0.8573
vn -0.3530 -0.5126 -0.7827
vn -0.4698 0.2603 -0.8435
vn -0.4213 -0.2770 -0.8636
vn -0.4164 0.6189 -0.6660
vn -0.4480 -0.1317 -0.8843
vn -0.4604 -0.0333 -0.8871
vn -0.4666 0.0407 -0.8835
vn -0.5669 -0.2970 -0.7684
vn -0.4827 0.6214 -0.6172
vn -0.6030 -0.1530 -0.7830
vn -0.6195 -0.0552 -0.7830
vn -0.6280 0.0185 -0.7780
vn -0.6323 0.0791 -0.7707
vn -0.6342 0.1331 -0.7616
vn -0.2186 -0.8639 -0.4538
vn -0.6342 0.1849 -0.7508
vn -0.4751 -0.5294 -0.7029
vn -0.6323 0.2379 -0.7373
vn -0.7705 0.0507 -0.6355
vn -0.7727 0.1046 -0.6260
vn -0.2663 -0.8737 -0.4070
vn -0.7727 0.1563 -0.6152
vn -0.5789 -0.5507 -0.6013
vn -0.7705 0.2095 -0.6021
vn -0.6908 -0.3225 -0.6471
vn -0.7658 0.2626 -0.5870
vn -0.7347 -0.1801 -0.6540
vn -0.7549 -0.0830 -0.6505
vn -0.7652 -0.0098 -0.6437
vn -0.8382 -0.2120 -0.5024
vn -0.8613 -0.1158 -0.4948
vn -0.8730 -0.0430 -0.4859
vn -0.8790 0.0173 -0.4765
vn -0.8816 0.0711 -0.4666
vn -0.3038 -0.8853 -0.3521
vn -0.8567 0.1186 -0.5019
vn -0.6605 -0.5758 -0.4818
vn -0.8328 0.1517 -0.5324
vn -0.7881 -0.3525 -0.5046
vn -0.9042 0.0241 -0.4265
vn -0.3297 -0.8981 -0.2910
vn -0.7167 -0.6037 -0.3491
vn -0.8552 -0.3858 -0.3462
vn -0.9095 -0.2474 -0.3340
vn -0.9345 -0.1522 -0.3217
vn -0.9472 -0.0798 -0.3104
vn -0.9538 -0.0199 -0.2998
vn -0.9459 -0.2850 -0.1551
vn -0.9719 -0.1908 -0.1379
vn -0.9851 -0.1190 -0.1242
vn -0.9772 -0.0641 -0.2023
vn -0.9805 -0.0453 -0.1913
vn -0.3429 -0.9118 -0.2262
vn -0.7453 -0.6334 -0.2082
vn -0.8894 -0.4211 -0.1781
vn -0.3428 -0.9256 -0.1601
vn -0.7453 -0.6636 -0.0645
vn -0.8894 -0.4572 -0.0066
vn -0.9459 -0.3234 0.0272
vn -0.9719 -0.2302 0.0494
vn -0.9851 -0.1589 0.0657
vn -0.9670 -0.2508 0.0446
vn -0.9345 -0.2688 0.2332
vn -0.9472 -0.1981 0.2520
vn -0.3297 -0.9393 -0.0953
vn -0.7167 -0.6932 0.0764
vn -0.8552 -0.4925 0.1615
vn -0.9095 -0.3610 0.2060
vn -0.6605 -0.7211 0.2091
vn -0.7881 -0.5258 0.3199
vn -0.8382 -0.3964 0.3745
vn -0.8613 -0.3052 0.4063
vn -0.3039 -0.9521 -0.0343
vn -0.2663 -0.9637 0.0207
vn -0.5789 -0.7462 0.3286
vn -0.6908 -0.5558 0.4625
vn -0.7347 -0.4282 0.5261
vn -0.9373 -0.2602 0.2317
vn -0.4752 -0.7676 0.4302
vn -0.5669 -0.5813 0.5837
vn -0.5566 -0.4485 0.6993
vn -0.5022 -0.6400 0.5815
vn -0.2186 -0.9735 0.0674
vn -0.1624 -0.9812 0.1042
vn -0.3530 -0.7844 0.5100
vn -0.4213 -0.6013 0.6790
vn -0.4480 -0.4767 0.7563
vn -0.2594 -0.6151 0.7446
vn -0.3172 -0.4799 0.8180
vn -0.1000 -0.9865 0.1295
vn -0.2174 -0.7959 0.5650
vn -0.0337 -0.9892 0.1424
vn -0.0734 -0.8018 0.5930
vn -0.0876 -0.6221 0.7780
vn -0.0913 -0.5459 0.8328
vn 0.0876 -0.6221 0.7780
vn 0.0913 -0.5459 0.8328
vn 0.0337 -0.9892 0.1424
vn 0.0734 -0.8018 0.5930
vn 0.1000 -0.9865 0.1295
vn 0.2174 -0.7959 0.5650
vn 0.2594 -0.6151 0.7446
vn 0.1454 -0.5548 0.8192
vn 0.4167 -0.6179 0.6668
vn 0.1624 -0.9812 0.1042
vn 0.3530 -0.7844 0.5100
vn 0.4213 -0.6013 0.6790
vn 0.2186 -0.9735 0.0675
vn 0.4751 -0.7676 0.4302
vn 0.5669 -0.5813 0.5837
vn 0.9044 -0.4171 0.0902
vn 0.5432 -0.7880 0.2899
vn 0.2663 -0.9637 0.0207
vn 0.5789 -0.7462 0.3286
vn 0.6908 -0.5558 0.4625
vn 0.7347 -0.4282 0.5261
vn 0.3038 -0.9521 -0.0342
vn 0.6605 -0.7211 0.2092
vn 0.7881 -0.5258 0.3199
vn 0.8382 -0.3964 0.3745
vn 0.7475 -0.6015 0.2818
vn 0.9203 -0.2657 0.2870
vn 0.9210 -0.2857 0.2649
vn 0.3297 -0.9393 -0.0953
vn 0.7167 -0.6932 0.0764
vn 0.8552 -0.4925 0.1615
vn 0.9095 -0.3610 0.2060
vn 0.7453 -0.6636 -0.0645
vn 0.8894 -0.4572 -0.0066
vn 0.9459 -0.3234 0.0272
vn 0.9719 -0.2302 0.0494
vn 0.9726 -0.1662 -0.1628
vn 0.3429 -0.9256 -0.1601
vn 0.9851 -0.1190 -0.1242
vn 0.9747 -0.0369 -0.2207
vn 0.9746 -0.0370 -0.2207
vn 0.3429 -0.9118 -0.2262
vn 0.7453 -0.6334 -0.2082
vn 0.8894 -0.4211 -0.1781
vn 0.9459 -0.2850 -0.1551
vn 0.9719 -0.1908 -0.1379
vn 0.7167 -0.6037 -0.3491
vn 0.8552 -0.3858 -0.3462
vn 0.9095 -0.2474 -0.3340
vn 0.9345 -0.1522 -0.3217
vn 0.9472 -0.0798 -0.3104
vn 0.9538 -0.0199 -0.2998
vn 0.9042 0.0241 -0.4265
vn 0.3297 -0.8981 -0.2910
vn 0.8730 -0.0430 -0.4859
vn 0.8790 0.0173 -0.4765
vn 0.8816 0.0711 -0.4666
vn 0.3038 -0.8853 -0.3521
vn 0.8567 0.1186 -0.5019
vn 0.6605 -0.5758 -0.4818
vn 0.7200 0.2204 -0.6581
vn 0.7881 -0.3525 -0.5046
vn 0.5787 0.4630 -0.6714
vn 0.8382 -0.2120 -0.5024
vn 0.8613 -0.1158 -0.4948
vn 0.7705 0.2095 -0.6021
vn 0.6908 -0.3225 -0.6471
vn 0.7401 0.4074 -0.5350
vn 0.7347 -0.1801 -0.6540
vn 0.7549 -0.0830 -0.6505
vn 0.7652 -0.0098 -0.6437
vn 0.7705 0.0507 -0.6355
vn 0.7727 0.1046 -0.6260
vn 0.2663 -0.8737 -0.4070
vn 0.7727 0.1563 -0.6152
vn 0.5789 -0.5507 -0.6013
vn 0.6323 0.0791 -0.7707
vn 0.6342 0.1331 -0.7616
vn 0.2186 -0.8639 -0.4538
vn 0.6342 0.1849 -0.7508
vn 0.4751 -0.5293 -0.7029
vn 0.6323 0.2379 -0.7373
vn 0.5669 -0.2970 -0.7684
vn 0.5919 0.5006 -0.6317
vn 0.6030 -0.1530 -0.7830
vn 0.6195 -0.0552 -0.7830
vn 0.6280 0.0185 -0.7780
vn 0.3482 0.6421 -0.6830
vn 0.4481 -0.1317 -0.8843
vn 0.4604 -0.0333 -0.8871
vn 0.4666 0.0406 -0.8835
vn 0.4698 0.1014 -0.8769
vn 0.4712 0.1555 -0.8682
vn 0.1625 -0.8562 -0.4905
vn 0.4712 0.2073 -0.8573
vn 0.3531 -0.5126 -0.7827
vn 0.4698 0.2603 -0.8435
vn 0.4213 -0.2770 -0.8636
vn 0.2902 0.1710 -0.9416
vn 0.1000 -0.8509 -0.5158
vn 0.2902 0.2227 -0.9307
vn 0.2174 -0.5010 -0.8377
vn 0.2893 0.2757 -0.9167
vn 0.2594 -0.2632 -0.9292
vn 0.2572 0.6284 -0.7342
vn 0.2759 -0.1170 -0.9540
vn 0.2835 -0.0182 -0.9588
vn 0.2873 0.0559 -0.9562
vn 0.2893 0.1168 -0.9501
vn 0.0932 -0.1096 -0.9896
vn 0.0957 -0.0105 -0.9954
vn 0.0970 0.0637 -0.9932
vn 0.0977 0.1247 -0.9874
vn 0.0980 0.1788 -0.9790
vn 0.0338 -0.8482 -0.5287
vn 0.0980 0.2305 -0.9681
vn 0.0734 -0.4951 -0.8657
vn 0.0977 0.2835 -0.9540
vn 0.0876 -0.2561 -0.9627
vn 0.0889 0.5987 -0.7960
vn 0.0954 -0.0813 -0.9921
vn 0.0931 -0.1726 -0.9806
vn 0.0885 -0.3007 -0.9496
vn 0.0794 -0.4709 -0.8786
vn 0.0606 -0.6958 -0.7157
vn 0.0243 -0.9276 -0.3728
vn 0.2814 -0.1056 -0.9537
vn 0.2759 -0.1774 -0.9447
vn 0.2621 -0.3053 -0.9155
vn 0.2351 -0.4751 -0.8479
vn 0.1797 -0.6990 -0.6922
vn 0.0721 -0.9289 -0.3634
vn 0.3820 -0.4833 -0.7877
vn 0.2918 -0.7052 -0.6461
vn 0.1171 -0.9313 -0.3448
vn 0.5146 0.0877 -0.8529
vn 0.4603 -0.0855 -0.8836
vn 0.4483 -0.1869 -0.8741
vn 0.4258 -0.3144 -0.8484
vn 0.6199 -0.0996 -0.7783
vn 0.6037 -0.2007 -0.7716
vn 0.5734 -0.3275 -0.7510
vn 0.5143 -0.4951 -0.7002
vn 0.3928 -0.7143 -0.5792
vn 0.1576 -0.9349 -0.3179
vn 0.6314 0.0363 -0.7746
vn 0.4789 -0.7258 -0.4939
vn 0.1920 -0.9395 -0.2836
vn 0.7704 0.0252 -0.6371
vn 0.7560 -0.1175 -0.6440
vn 0.7361 -0.2182 -0.6407
vn 0.6992 -0.3442 -0.6267
vn 0.6271 -0.5102 -0.5886
vn 0.8631 -0.1385 -0.4856
vn 0.8404 -0.2387 -0.4865
vn 0.7982 -0.3638 -0.4802
vn 0.7158 -0.5278 -0.4572
vn 0.5465 -0.7393 -0.3935
vn 0.2191 -0.9449 -0.2433
vn 0.8756 -0.0435 -0.4812
vn 0.8810 0.0729 -0.4674
vn 0.5931 -0.7542 -0.2818
vn 0.2378 -0.9508 -0.1985
vn 0.8557 0.0321 -0.5164
vn 0.9502 -0.0768 -0.3021
vn 0.9371 -0.1619 -0.3093
vn 0.9124 -0.2615 -0.3149
vn 0.8665 -0.3855 -0.3171
vn 0.7770 -0.5474 -0.3110
vn 0.9491 -0.2857 -0.1324
vn 0.9014 -0.4085 -0.1438
vn 0.8082 -0.5680 -0.1556
vn 0.6169 -0.7700 -0.1632
vn 0.9617 -0.2424 -0.1279
vn 0.2472 -0.9571 -0.1510
vn 0.9944 -0.0246 -0.1025
vn 0.9885 -0.1019 -0.1121
vn 0.9748 -0.1867 -0.1219
vn 0.9640 -0.2586 0.0620
vn 0.2472 -0.9635 -0.1025
vn 0.9944 -0.0503 0.0926
vn 0.9885 -0.1275 0.0818
vn 0.9748 -0.2119 0.0693
vn 0.9491 -0.3103 0.0537
vn 0.9014 -0.4318 0.0329
vn 0.8082 -0.5889 0.0029
vn 0.6169 -0.7859 -0.0422
vn 0.9124 -0.3343 0.2362
vn 0.8665 -0.4546 0.2063
vn 0.7770 -0.6093 0.1583
vn 0.5931 -0.8015 0.0765
vn 0.9444 -0.1957 0.2644
vn 0.2377 -0.9698 -0.0549
vn 0.9559 -0.0756 0.2838
vn 0.9502 -0.1525 0.2718
vn 0.9371 -0.2366 0.2567
vn 0.2191 -0.9756 -0.0101
vn 0.8805 -0.0993 0.4636
vn 0.8752 -0.1761 0.4506
vn 0.8631 -0.2598 0.4331
vn 0.8404 -0.3568 0.4080
vn 0.7982 -0.4759 0.3694
vn 0.7158 -0.6284 0.3046
vn 0.8715 0.0665 0.4858
vn 0.5465 -0.8161 0.1882
vn 0.8808 -0.0365 0.4721
vn 0.6992 -0.4950 0.5159
vn 0.6271 -0.6454 0.4361
vn 0.6847 0.1684 0.7091
vn 0.4788 -0.8291 0.2887
vn 0.7711 -0.1207 0.6251
vn 0.1920 -0.9809 0.0302
vn 0.7711 -0.1206 0.6252
vn 0.7665 -0.1972 0.6112
vn 0.7560 -0.2805 0.5914
vn 0.7361 -0.3769 0.5622
vn 0.6285 -0.2151 0.7474
vn 0.6199 -0.2981 0.7258
vn 0.6037 -0.3940 0.6931
vn 0.5734 -0.5111 0.6403
vn 0.5143 -0.6598 0.5478
vn 0.3928 -0.8401 0.3740
vn 0.6325 -0.1282 0.7638
vn 0.1575 -0.9854 0.0645
vn 0.6323 -0.1386 0.7622
vn 0.3820 -0.6711 0.6354
vn 0.2919 -0.8487 0.4410
vn 0.4691 -0.0588 0.8812
vn 0.1171 -0.9889 0.0914
vn 0.4695 -0.1528 0.8696
vn 0.4667 -0.2291 0.8542
vn 0.4603 -0.3119 0.8312
vn 0.4482 -0.4073 0.7957
vn 0.4258 -0.5237 0.7378
vn 0.2872 -0.2387 0.9276
vn 0.2833 -0.3213 0.9036
vn 0.2759 -0.4164 0.8663
vn 0.4910 0.1748 0.8535
vn 0.2621 -0.5324 0.8049
vn 0.4870 0.0781 0.8699
vn 0.2352 -0.6788 0.6956
vn 0.3480 -0.1199 0.9298
vn 0.1797 -0.8546 0.4872
vn 0.2875 -0.0198 0.9576
vn 0.0720 -0.9913 0.1099
vn 0.2889 -0.1625 0.9435
vn 0.0794 -0.6828 0.7263
vn 0.0964 0.0275 0.9950
vn 0.0606 -0.8576 0.5107
vn 0.0976 -0.1258 0.9872
vn 0.0244 -0.9925 0.1194
vn 0.0975 -0.1674 0.9810
vn 0.0970 -0.2436 0.9650
vn 0.0956 -0.3261 0.9405
vn 0.0931 -0.4211 0.9022
vn 0.0314 0.1489 0.9884
vn 0.0885 -0.5368 0.8391
vn 0.0956 0.0710 0.9929
vn -0.0956 -0.3261 0.9405
vn -0.0931 -0.4211 0.9022
vn -0.0931 0.1726 0.9806
vn -0.0885 -0.5368 0.8391
vn -0.0956 0.0710 0.9929
vn -0.0794 -0.6828 0.7263
vn -0.0958 0.0620 0.9935
vn -0.0606 -0.8576 0.5107
vn -0.0976 -0.1560 0.9829
vn -0.0244 -0.9925 0.1194
vn -0.0975 -0.1674 0.9810
vn -0.0970 -0.2436 0.9650
vn -0.2861 0.0196 0.9580
vn -0.1796 -0.8546 0.4872
vn -0.2891 -0.1095 0.9510
vn -0.0720 -0.9913 0.1099
vn -0.2890 -0.1625 0.9435
vn -0.2872 -0.2387 0.9276
vn -0.2833 -0.3213 0.9036
vn -0.2759 -0.4164 0.8663
vn -0.2174 0.1521 0.9642
vn -0.2621 -0.5324 0.8049
vn -0.2833 0.0759 0.9560
vn -0.2352 -0.6788 0.6956
vn -0.4603 -0.3119 0.8312
vn -0.4483 -0.4073 0.7957
vn -0.6501 0.1894 0.7359
vn -0.4258 -0.5237 0.7378
vn -0.4603 0.0856 0.8836
vn -0.3820 -0.6711 0.6354
vn -0.3735 0.0030 0.9276
vn -0.2918 -0.8487 0.4410
vn -0.4695 -0.1547 0.8693
vn -0.1171 -0.9889 0.0914
vn -0.4695 -0.1528 0.8696
vn -0.4667 -0.2291 0.8542
vn -0.3928 -0.8401 0.3740
vn -0.6248 -0.2571 0.7373
vn -0.1575 -0.9854 0.0645
vn -0.6323 -0.1386 0.7622
vn -0.6285 -0.2151 0.7474
vn -0.6199 -0.2981 0.7258
vn -0.6037 -0.3940 0.6931
vn -0.5734 -0.5111 0.6403
vn -0.6027 0.2053 0.7711
vn -0.5144 -0.6598 0.5478
vn -0.6036 0.2007 0.7716
vn -0.7361 -0.3769 0.5622
vn -0.6992 -0.4950 0.5159
vn -0.7382 0.2091 0.6413
vn -0.6271 -0.6454 0.4361
vn -0.7277 0.2515 0.6381
vn -0.4789 -0.8291 0.2886
vn -0.7569 -0.2747 0.5930
vn -0.1921 -0.9809 0.0302
vn -0.7711 -0.1206 0.6252
vn -0.7665 -0.1972 0.6112
vn -0.7560 -0.2805 0.5914
vn -0.2191 -0.9757 -0.0101
vn -0.8805 -0.0993 0.4636
vn -0.8752 -0.1761 0.4506
vn -0.8631 -0.2598 0.4330
vn -0.8404 -0.3568 0.4080
vn -0.7982 -0.4759 0.3694
vn -0.8328 0.2653 0.4859
vn -0.7158 -0.6284 0.3046
vn -0.8424 0.2313 0.4867
vn -0.5465 -0.8161 0.1882
vn -0.8710 -0.2104 0.4439
vn -0.8665 -0.4546 0.2063
vn -0.7770 -0.6093 0.1583
vn -0.9917 -0.0163 0.1276
vn -0.5931 -0.8015 0.0765
vn -0.9563 -0.0611 0.2858
vn -0.2377 -0.9698 -0.0549
vn -0.9559 -0.0756 0.2838
vn -0.9502 -0.1525 0.2718
vn -0.9371 -0.2366 0.2567
vn -0.9124 -0.3343 0.2362
vn -0.9944 -0.0503 0.0926
vn -0.9885 -0.1275 0.0818
vn -0.9748 -0.2119 0.0693
vn -0.9491 -0.3103 0.0537
vn -0.9014 -0.4318 0.0329
vn -0.8082 -0.5889 0.0029
vn -0.6169 -0.7859 -0.0422
vn -0.2472 -0.9635 -0.1025
vn -0.9014 -0.4085 -0.1438
vn -0.8082 -0.5680 -0.1556
vn -0.6169 -0.7700 -0.1632
vn -0.2472 -0.9571 -0.1510
vn -0.9951 0.0253 -0.0959
vn -0.9885 -0.1019 -0.1121
vn -0.9748 -0.1867 -0.1219
vn -0.9491 -0.2857 -0.1324
vn -0.9502 -0.0768 -0.3021
vn -0.9371 -0.1619 -0.3093
vn -0.9124 -0.2615 -0.3149
vn -0.8665 -0.3855 -0.3171
vn -0.7770 -0.5474 -0.3110
vn -0.5931 -0.7542 -0.2818
vn -0.2377 -0.9508 -0.1985
vn -0.9565 0.0486 -0.2875
vn -0.7158 -0.5278 -0.4572
vn -0.5464 -0.7393 -0.3935
vn -0.2191 -0.9449 -0.2433
vn -0.6655 0.2840 -0.6903
vn -0.8802 0.0185 -0.4742
vn -0.8631 -0.1385 -0.4856
vn -0.8404 -0.2387 -0.4865
vn -0.7982 -0.3638 -0.4802
vn -0.7560 -0.1175 -0.6440
vn -0.7361 -0.2181 -0.6407
vn -0.6992 -0.3442 -0.6267
vn -0.6271 -0.5102 -0.5886
vn -0.4789 -0.7258 -0.4938
vn -0.1921 -0.9395 -0.2836
vn -0.5143 -0.4951 -0.7002
vn -0.3929 -0.7143 -0.5792
vn -0.1576 -0.9349 -0.3179
vn -0.6415 0.0472 -0.7657
vn -0.6199 -0.0996 -0.7783
vn -0.6037 -0.2007 -0.7716
vn -0.5734 -0.3275 -0.7510
vn -0.4603 -0.0856 -0.8836
vn -0.4482 -0.1869 -0.8742
vn -0.4258 -0.3144 -0.8484
vn -0.3820 -0.4833 -0.7877
vn -0.2918 -0.7052 -0.6461
vn -0.1171 -0.9313 -0.3448
vn -0.4690 0.0550 -0.8815
vn -0.1797 -0.6990 -0.6922
vn -0.0721 -0.9289 -0.3633
vn -0.2833 -0.0759 -0.9560
vn -0.2759 -0.1774 -0.9447
vn -0.2621 -0.3053 -0.9155
vn -0.2351 -0.4751 -0.8479
vn -0.0931 -0.1726 -0.9806
vn -0.0885 -0.3007 -0.9496
vn -0.0794 -0.4709 -0.8786
vn -0.0607 -0.6958 -0.7157
vn -0.0243 -0.9276 -0.3728
vn -0.0955 -0.0783 -0.9923
vn -0.0956 -0.0710 0.9929
vn -0.0931 -0.1726 0.9806
vn -0.0885 -0.3007 0.9496
vn -0.0794 -0.4709 0.8786
vn -0.0606 -0.6958 0.7157
vn -0.0243 -0.9276 0.3728
vn -0.0972 0.0424 0.9944
vn -0.2866 -0.0076 0.9580
vn -0.2833 -0.0759 0.9560
vn -0.2759 -0.1774 0.9447
vn -0.2621 -0.3053 0.9155
vn -0.2351 -0.4751 0.8479
vn -0.1797 -0.6990 0.6922
vn -0.0722 -0.9289 0.3634
vn -0.3820 -0.4833 0.7877
vn -0.2918 -0.7052 0.6461
vn -0.1171 -0.9313 0.3448
vn -0.4152 -0.3621 0.8346
vn -0.4603 -0.0856 0.8836
vn -0.4482 -0.1869 0.8742
vn -0.4258 -0.3144 0.8485
vn -0.6199 -0.0996 0.7783
vn -0.6037 -0.2007 0.7716
vn -0.5734 -0.3275 0.7510
vn -0.5143 -0.4951 0.7002
vn -0.3928 -0.7143 0.5792
vn -0.1576 -0.9349 0.3179
vn -0.5688 -0.3433 0.7474
vn -0.4789 -0.7258 0.4938
vn -0.1921 -0.9395 0.2836
vn -0.7448 -0.1793 0.6428
vn -0.7560 -0.1175 0.6440
vn -0.7361 -0.2182 0.6407
vn -0.6992 -0.3442 0.6267
vn -0.6271 -0.5102 0.5886
vn -0.8631 -0.1385 0.4856
vn -0.8404 -0.2387 0.4865
vn -0.7982 -0.3638 0.4802
vn -0.7158 -0.5278 0.4572
vn -0.5465 -0.7393 0.3935
vn -0.2191 -0.9449 0.2433
vn -0.8784 -0.0152 0.4776
vn -0.5931 -0.7542 0.2818
vn -0.2377 -0.9508 0.1985
vn -0.9502 -0.0768 0.3021
vn -0.9371 -0.1619 0.3093
vn -0.9124 -0.2615 0.3149
vn -0.8665 -0.3855 0.3171
vn -0.7770 -0.5473 0.3110
vn -0.9491 -0.2857 0.1324
vn -0.9014 -0.4085 0.1438
vn -0.8082 -0.5680 0.1556
vn -0.6169 -0.7700 0.1631
vn -0.9680 0.1519 0.2000
vn -0.2472 -0.9571 0.1510
vn -0.9859 -0.0158 0.1669
vn -0.9885 -0.1019 0.1121
vn -0.9748 -0.1867 0.1219
vn -0.9882 0.1039 -0.1123
vn -0.2473 -0.9635 0.1025
vn -0.9944 -0.0503 -0.0926
vn -0.9885 -0.1275 -0.0818
vn -0.9748 -0.2119 -0.0693
vn -0.9491 -0.3103 -0.0537
vn -0.9014 -0.4318 -0.0329
vn -0.8082 -0.5889 -0.0029
vn -0.6169 -0.7859 0.0422
vn -0.9124 -0.3343 -0.2362
vn -0.8665 -0.4546 -0.2063
vn -0.7770 -0.6093 -0.1584
vn -0.9901 0.0987 -0.0999
vn -0.5931 -0.8015 -0.0764
vn -0.9559 -0.0006 -0.2936
vn -0.2377 -0.9698 0.0550
vn -0.9559 -0.0756 -0.2838
vn -0.9502 -0.1525 -0.2718
vn -0.9371 -0.2366 -0.2567
vn -0.2191 -0.9757 0.0101
vn -0.8805 -0.0993 -0.4636
vn -0.8752 -0.1761 -0.4506
vn -0.8631 -0.2598 -0.4330
vn -0.8404 -0.3568 -0.4080
vn -0.7982 -0.4759 -0.3694
vn -0.8792 0.0025 -0.4764
vn -0.7158 -0.6284 -0.3046
vn -0.8752 0.0531 -0.4809
vn -0.5465 -0.8161 -0.1882
vn -0.8805 -0.0244 -0.4735
vn -0.6992 -0.4950 -0.5159
vn -0.7657 0.0410 -0.6419
vn -0.6271 -0.6454 -0.4361
vn -0.7665 0.0319 -0.6414
vn -0.4789 -0.8290 -0.2886
vn -0.7711 -0.0458 -0.6350
vn -0.1920 -0.9809 -0.0302
vn -0.7711 -0.1206 -0.6252
vn -0.7665 -0.1972 -0.6112
vn -0.7560 -0.2805 -0.5914
vn -0.7361 -0.3769 -0.5622
vn -0.6285 -0.2151 -0.7474
vn -0.6199 -0.2981 -0.7258
vn -0.6037 -0.3940 -0.6931
vn -0.5734 -0.5111 -0.6403
vn -0.6099 0.1667 -0.7748
vn -0.5144 -0.6598 -0.5478
vn -0.6286 0.0138 -0.7776
vn -0.3928 -0.8401 -0.3740
vn -0.6323 -0.0639 -0.7721
vn -0.1576 -0.9854 -0.0644
vn -0.6323 -0.1386 -0.7622
vn -0.4603 0.0855 -0.8836
vn -0.3820 -0.6711 -0.6354
vn -0.4667 -0.0004 -0.8844
vn -0.2918 -0.8487 -0.4411
vn -0.4695 -0.0781 -0.8795
vn -0.1171 -0.9889 -0.0914
vn -0.4695 -0.1528 -0.8696
vn -0.4667 -0.2291 -0.8542
vn -0.4603 -0.3119 -0.8312
vn -0.4482 -0.4073 -0.7957
vn -0.9895 0.0607 -0.1311
vn -0.4258 -0.5237 -0.7378
vn -0.2872 -0.2387 -0.9276
vn -0.2833 -0.3213 -0.9036
vn -0.2759 -0.4164 -0.8663
vn -0.1283 0.5064 -0.8527
vn -0.2621 -0.5324 -0.8049
vn -0.2833 0.0759 -0.9560
vn -0.2352 -0.6788 -0.6956
vn -0.2872 -0.0101 -0.9578
vn -0.1797 -0.8546 -0.4872
vn -0.2889 -0.0878 -0.9533
vn -0.0721 -0.9913 -0.1099
vn -0.2890 -0.1625 -0.9435
vn -0.0794 -0.6828 -0.7263
vn -0.0970 -0.0151 -0.9952
vn -0.0607 -0.8576 -0.5107
vn -0.0975 -0.0928 -0.9909
vn -0.0244 -0.9925 -0.1194
vn -0.0975 -0.1674 -0.9810
vn -0.0970 -0.2436 -0.9650
vn -0.0956 -0.3261 -0.9405
vn -0.0931 -0.4211 -0.9022
vn -0.0885 -0.5368 -0.8391
vn -0.0952 0.0934 -0.9911
vn 0.0956 -0.3261 -0.9405
vn 0.0931 -0.4211 -0.9022
vn 0.9418 0.2003 -0.2698
vn 0.0885 -0.5368 -0.8391
vn 0.0952 0.0934 -0.9911
vn 0.0794 -0.6828 -0.7263
vn 0.0970 -0.0151 -0.9952
vn 0.0606 -0.8576 -0.5107
vn 0.0975 -0.0928 -0.9909
vn 0.0244 -0.9925 -0.1194
vn 0.0975 -0.1674 -0.9810
vn 0.0970 -0.2436 -0.9650
vn 0.2872 -0.0101 -0.9578
vn 0.1797 -0.8546 -0.4872
vn 0.2890 -0.0878 -0.9533
vn 0.0721 -0.9913 -0.1099
vn 0.2890 -0.1625 -0.9435
vn 0.2872 -0.2387 -0.9276
vn 0.2833 -0.3213 -0.9036
vn 0.2759 -0.4164 -0.8663
vn 0.1615 -0.2429 -0.9565
vn 0.2621 -0.5324 -0.8049
vn 0.2833 0.0759 -0.9560
vn 0.2351 -0.6788 -0.6956
vn 0.4603 -0.3119 -0.8312
vn 0.4482 -0.4073 -0.7957
vn 0.6524 -0.0615 -0.7554
vn 0.4258 -0.5237 -0.7378
vn 0.4603 0.0856 -0.8836
vn 0.3820 -0.6711 -0.6354
vn 0.4667 -0.0004 -0.8844
vn 0.2919 -0.8487 -0.4410
vn 0.4695 -0.0781 -0.8795
vn 0.1171 -0.9889 -0.0914
vn 0.4695 -0.1528 -0.8696
vn 0.4667 -0.2291 -0.8542
vn 0.3928 -0.8401 -0.3740
vn 0.6323 -0.0639 -0.7721
vn 0.1575 -0.9854 -0.0645
vn 0.6323 -0.1386 -0.7622
vn 0.6286 -0.2151 -0.7474
vn 0.6199 -0.2981 -0.7258
vn 0.6037 -0.3940 -0.6931
vn 0.5734 -0.5111 -0.6403
vn 0.6048 0.1948 -0.7722
vn 0.5143 -0.6598 -0.5478
vn 0.6286 0.0138 -0.7776
vn 0.7361 -0.3769 -0.5622
vn 0.6992 -0.4950 -0.5159
vn 0.7489 0.1584 -0.6435
vn 0.6271 -0.6454 -0.4361
vn 0.7665 0.0319 -0.6414
vn 0.4788 -0.8291 -0.2887
vn 0.7711 -0.0458 -0.6350
vn 0.1920 -0.9809 -0.0302
vn 0.7711 -0.1206 -0.6251
vn 0.7665 -0.1972 -0.6112
vn 0.7560 -0.2805 -0.5914
vn 0.2191 -0.9756 0.0101
vn 0.8805 -0.0993 -0.4636
vn 0.8752 -0.1761 -0.4506
vn 0.8631 -0.2598 -0.4330
vn 0.8404 -0.3568 -0.4080
vn 0.7982 -0.4759 -0.3694
vn -0.3285 -0.3016 -0.8950
vn 0.7158 -0.6284 -0.3046
vn 0.8752 0.0531 -0.4809
vn 0.5465 -0.8161 -0.1882
vn 0.8805 -0.0244 -0.4735
vn 0.8665 -0.4546 -0.2063
vn 0.7770 -0.6093 -0.1583
vn 0.9335 0.1791 -0.3105
vn 0.5931 -0.8015 -0.0764
vn 0.9559 -0.0006 -0.2936
vn 0.2377 -0.9698 0.0550
vn 0.9559 -0.0756 -0.2838
vn 0.9502 -0.1525 -0.2718
vn 0.9371 -0.2366 -0.2567
vn 0.9124 -0.3343 -0.2362
vn 0.9944 -0.0503 -0.0926
vn 0.9885 -0.1275 -0.0818
vn 0.9748 -0.2120 -0.0693
vn 0.9491 -0.3103 -0.0537
vn 0.9014 -0.4318 -0.0329
vn 0.8082 -0.5889 -0.0029
vn 0.6169 -0.7859 0.0422
vn 0.9944 0.0246 -0.1025
vn 0.2473 -0.9635 0.1025
vn 0.9014 -0.4085 0.1438
vn 0.8082 -0.5680 0.1556
vn 0.6169 -0.7700 0.1631
vn 0.9902 -0.0862 0.1102
vn 0.2472 -0.9571 0.1510
vn 0.9944 -0.0246 0.1025
vn 0.9885 -0.1019 0.1121
vn 0.9748 -0.1867 0.1219
vn 0.9491 -0.2857 0.1324
vn 0.9502 -0.0768 0.3021
vn 0.9371 -0.1619 0.3093
vn 0.9124 -0.2615 0.3149
vn 0.8665 -0.3855 0.3171
vn 0.7770 -0.5473 0.3110
vn 0.5931 -0.7542 0.2818
vn 0.2377 -0.9508 0.1985
vn 0.9559 0.0006 0.2936
vn 0.7158 -0.5278 0.4572
vn 0.5465 -0.7393 0.3935
vn 0.2191 -0.9449 0.2433
vn 0.8752 -0.0531 0.4809
vn 0.8631 -0.1385 0.4856
vn 0.8404 -0.2387 0.4865
vn 0.7982 -0.3638 0.4802
vn 0.7679 -0.0150 0.6404
vn 0.7560 -0.1175 0.6440
vn 0.7361 -0.2181 0.6407
vn 0.6992 -0.3442 0.6267
vn 0.6271 -0.5102 0.5886
vn 0.4789 -0.7258 0.4938
vn 0.1921 -0.9395 0.2836
vn 0.5143 -0.4951 0.7002
vn 0.3928 -0.7143 0.5792
vn 0.1575 -0.9349 0.3179
vn 0.6307 0.0215 0.7757
vn 0.6199 -0.0996 0.7783
vn 0.6037 -0.2007 0.7716
vn 0.5734 -0.3275 0.7510
vn 0.4603 -0.0856 0.8836
vn 0.4482 -0.1869 0.8742
vn 0.4258 -0.3144 0.8484
vn 0.3820 -0.4833 0.7877
vn 0.2918 -0.7052 0.6461
vn 0.1171 -0.9313 0.3448
vn 0.4241 -0.3226 0.8462
vn 0.1797 -0.6990 0.6922
vn 0.0721 -0.9289 0.3633
vn 0.2616 -0.3091 0.9143
vn 0.2833 -0.0759 0.9560
vn 0.2759 -0.1774 0.9447
vn 0.2621 -0.3053 0.9155
vn 0.2351 -0.4751 0.8479
vn 0.0931 -0.1726 0.9806
vn 0.0885 -0.3007 0.9496
vn 0.0794 -0.4709 0.8786
vn 0.0607 -0.6958 0.7157
vn 0.0243 -0.9276 0.3728
vn 0.0972 0.0424 0.9944
vn 0.0956 -0.0710 0.9929
vn 0.3569 -0.8984 -0.2560
vn -0.0735 0.7369 0.6720
vn 0.2875 0.0731 0.9550
vn -0.2773 0.9332 -0.2285
vn 0.3627 -0.6102 0.7043
vn -0.0969 0.9105 0.4019
vn 0.4899 -0.8713 -0.0287
vn 0.1754 0.2830 0.9429
vn -0.2733 0.8672 -0.4163
vn 0.3407 -0.4549 0.8228
vn -0.1577 0.9484 0.2750
vn -0.1920 -0.0878 -0.9775
vn -0.3049 0.2179 -0.9271
vn 0.3120 -0.9244 0.2193
vn 0.0911 0.4533 0.8867
vn -0.2667 0.7655 -0.5856
vn 0.1460 -0.8019 -0.5793
vn 0.3197 -0.2786 0.9057
vn -0.0966 -0.2643 -0.9596
vn 0.3476 -0.8495 0.3969
vn 0.0195 0.6098 0.7923
vn -0.3309 0.5137 -0.7916
vn 0.3004 -0.0882 0.9497
vn -0.2428 0.9697 0.0284
vn -0.0209 -0.5539 -0.8323
vn 0.3834 -0.7333 0.5615
vn -0.0366 0.7469 0.6639
vn 0.0851 0.7061 0.7030
vn 0.2729 -0.9414 -0.1982
vn -0.1463 0.8400 0.5225
vn 0.3128 -0.9498 -0.0055
vn -0.2134 0.9109 0.3532
vn 0.3474 -0.9192 0.1852
vn -0.2723 0.9470 0.1706
vn 0.3685 -0.8533 0.3689
vn -0.3004 0.9528 0.0433
vn 0.3753 -0.7548 0.5379
vn -0.3571 0.9109 -0.2068
vn 0.3679 -0.6281 0.6857
vn -0.3798 0.8400 -0.3875
vn 0.3469 -0.4785 0.8067
vn -0.2055 -0.0908 -0.9744
vn -0.3880 0.7369 -0.5536
vn 0.3138 -0.3122 0.8967
vn -0.1377 -0.2743 -0.9517
vn -0.3687 0.5044 -0.7808
vn 0.2700 -0.1354 0.9533
vn -0.0174 -0.5530 -0.8330
vn -0.3534 0.4942 -0.7943
vn 0.2173 0.0460 0.9750
vn 0.0067 -0.5793 -0.8151
vn -0.3206 0.3212 -0.8911
vn 0.1574 0.2265 0.9612
vn 0.0783 -0.7156 -0.6941
vn -0.2875 0.2219 -0.9317
vn 0.0912 0.4013 0.9114
vn 0.1472 -0.8015 -0.5796
vn 0.0115 0.5816 0.8134
vn 0.2100 -0.9014 -0.3786
vn -0.1321 0.9852 0.1088
vn 0.3535 -0.8547 -0.3802
vn -0.0353 0.8091 0.5866
vn 0.4675 -0.8570 -0.2168
vn -0.1554 0.8830 0.4429
vn 0.5646 -0.8243 -0.0411
vn -0.2702 0.9220 0.2772
vn 0.6388 -0.7566 0.1394
vn -0.5431 -0.1187 -0.8312
vn -0.3742 0.9223 0.0972
vn 0.6854 -0.6562 0.3156
vn -0.4555 -0.3028 -0.8372
vn -0.4616 0.8827 -0.0877
vn 0.7020 -0.5279 0.4780
vn -0.3489 -0.4771 -0.8066
vn -0.6744 0.3992 -0.6212
vn 0.6891 -0.3788 0.6178
vn -0.4540 -0.0945 -0.8860
vn -0.6524 0.2412 -0.7185
vn 0.6495 -0.2165 0.7289
vn -0.3678 -0.2564 -0.8939
vn -0.6090 0.0657 -0.7904
vn 0.5875 -0.0486 0.8078
vn -0.2662 -0.4075 -0.8735
vn 0.5076 0.1190 0.8533
vn -0.1521 -0.5434 -0.8256
vn 0.4146 0.2820 0.8652
vn -0.0288 -0.6599 -0.7508
vn 0.3123 0.4373 0.8434
vn 0.0997 -0.7530 -0.6504
vn 0.2018 0.5802 0.7891
vn 0.2290 -0.8191 -0.5260
vn -0.8906 -0.3680 0.2671
vn 0.7201 -0.5386 0.4374
vn -0.8212 0.3189 -0.4732
vn -0.2866 0.9580 -0.0067
vn 0.7608 -0.3810 0.5253
vn -0.8171 -0.0940 -0.5687
vn -0.4340 0.8930 -0.1191
vn 0.6916 -0.5319 0.4886
vn -0.7807 -0.2489 -0.5732
vn -0.5675 0.7920 -0.2253
vn 0.7322 -0.3623 0.5767
vn -0.7217 -0.3998 -0.5651
vn -0.6802 0.6587 -0.3217
vn 0.7467 -0.1775 0.6411
vn -0.6389 -0.5453 -0.5427
vn -0.7662 0.4986 -0.4053
vn 0.7353 0.0162 0.6776
vn -0.5301 -0.6824 -0.5034
vn 0.6981 0.2113 0.6841
vn -0.3931 -0.8056 -0.4433
vn 0.6358 0.3996 0.6603
vn -0.2274 -0.9054 -0.3585
vn 0.5495 0.5723 0.6087
vn -0.0373 -0.9684 -0.2465
vn 0.4414 0.7213 0.5338
vn 0.1644 -0.9802 -0.1102
vn 0.3149 0.8404 0.4411
vn 0.3577 -0.9330 0.0405
vn 0.1740 0.9255 0.3363
vn 0.5212 -0.8320 0.1902
vn 0.0233 0.9743 0.2242
vn 0.6425 -0.6939 0.3252
vn 0.3103 0.9451 0.1025
vn -0.7242 0.6036 0.3333
vn 0.9303 -0.0597 -0.3620
vn -0.8138 -0.5381 0.2194
vn -0.8287 0.4386 0.3477
vn 0.9318 0.1351 -0.3370
vn -0.7047 -0.6905 0.1628
vn -0.9013 0.2565 0.3490
vn 0.8976 0.3245 -0.2984
vn -0.5663 -0.8182 0.0987
vn 0.8291 0.5012 -0.2477
vn -0.4033 -0.9146 0.0295
vn 0.7288 0.6586 -0.1874
vn -0.2224 -0.9740 -0.0423
vn 0.6005 0.7906 -0.1201
vn -0.0314 -0.9931 -0.1134
vn 0.4489 0.8922 -0.0489
vn 0.1605 -0.9704 -0.1807
vn 0.2798 0.9598 0.0233
vn 0.3443 -0.9074 -0.2410
vn 0.0997 0.9906 0.0936
vn 0.5117 -0.8081 -0.2916
vn -0.0846 0.9836 0.1592
vn 0.6559 -0.6787 -0.3305
vn -0.2658 0.9391 0.2178
vn 0.7732 -0.5245 -0.3565
vn -0.9392 0.0644 0.3374
vn -0.4372 0.8587 0.2674
vn 0.8597 -0.3533 -0.3689
vn -0.9407 -0.1304 0.3132
vn -0.5920 0.7454 0.3063
vn 0.9137 -0.1732 -0.3676
vn 0.0166 0.9079 0.4189
vn 0.2406 -0.9395 -0.2440
vn 0.1302 0.9762 0.1736
vn 0.4322 -0.8528 -0.2932
vn -0.0532 0.9688 0.2420
vn 0.5976 -0.7337 -0.3235
vn -0.2332 0.9234 0.3048
vn 0.7310 -0.5936 -0.3365
vn -0.9043 0.0472 0.4244
vn -0.4028 0.8418 0.3592
vn 0.8320 -0.4417 -0.3356
vn -0.9123 -0.0682 0.4037
vn -0.5559 0.7273 0.4024
vn 0.9023 -0.2842 -0.3241
vn -0.9001 -0.2414 0.3628
vn -0.6868 0.5846 0.4319
vn 0.9444 -0.1241 -0.3044
vn -0.8581 -0.4101 0.3091
vn -0.7908 0.4192 0.4461
vn 0.9598 0.0375 -0.2781
vn -0.7848 -0.5699 0.2434
vn -0.8641 0.2378 0.4436
vn 0.9271 0.3075 -0.2143
vn -0.6788 -0.7151 0.1669
vn 0.8603 0.4836 -0.1615
vn -0.5397 -0.8378 0.0820
vn 0.7605 0.6413 -0.1021
vn -0.3696 -0.9292 -0.0075
vn 0.6318 0.7742 -0.0373
vn -0.1748 -0.9799 -0.0959
vn 0.4797 0.8769 0.0315
vn 0.0334 -0.9837 -0.1769
vn 0.5883 0.3149 -0.7448
vn 0.4100 -0.5706 -0.7116
vn -0.4566 0.0237 0.8894
vn -0.0884 0.8234 0.5605
vn 0.4844 -0.4011 -0.7774
vn -0.4798 -0.1875 0.8571
vn -0.1876 0.7069 0.6820
vn 0.5425 -0.2172 -0.8115
vn -0.4791 -0.3697 0.7961
vn -0.2773 0.5627 0.7787
vn 0.5784 -0.0484 -0.8143
vn -0.4581 -0.5391 0.7068
vn -0.3539 0.3964 0.8471
vn 0.6005 0.1440 -0.7865
vn -0.4174 -0.6894 0.5921
vn -0.4145 0.2144 0.8844
vn 0.6021 0.3303 -0.7269
vn -0.3583 -0.8148 0.4557
vn 0.5830 0.5033 -0.6378
vn -0.2829 -0.9101 0.3028
vn 0.5439 0.6565 -0.5227
vn -0.1939 -0.9712 0.1388
vn 0.4863 0.7839 -0.3860
vn -0.0947 -0.9951 -0.0297
vn 0.4125 0.8807 -0.2330
vn 0.0108 -0.9805 -0.1960
vn 0.3250 0.9431 -0.0697
vn 0.1182 -0.9280 -0.3534
vn 0.2273 0.9689 0.0977
vn 0.2233 -0.8395 -0.4955
vn 0.1232 0.9570 0.2626
vn 0.3218 -0.7186 -0.6164
vn 0.8953 -0.0511 0.4425
vn -0.3302 -0.7959 0.5074
vn 0.5670 0.4884 -0.6633
vn -0.2568 -0.8980 0.3572
vn 0.5271 0.6429 -0.5557
vn -0.1706 -0.9659 0.1945
vn 0.4597 0.7909 -0.4039
vn -0.0751 -0.9968 0.0256
vn 0.3841 0.8883 -0.2517
vn 0.0261 -0.9894 -0.1428
vn 0.2964 0.9510 -0.0881
vn 0.1291 -0.9438 -0.3042
vn 0.1998 0.9765 0.0804
vn 0.2298 -0.8618 -0.4522
vn 0.0982 0.9639 0.2474
vn 0.3243 -0.7466 -0.5809
vn -0.0045 0.9137 0.4064
vn 0.4088 -0.6029 -0.6852
vn -0.4370 0.0198 0.8993
vn -0.1044 0.8277 0.5513
vn 0.4800 -0.4365 -0.7610
vn -0.4523 -0.1732 0.8749
vn -0.1974 0.7094 0.6766
vn 0.5351 -0.2543 -0.8056
vn -0.4477 -0.3598 0.8186
vn -0.2801 0.5634 0.7772
vn 0.5722 -0.0634 -0.8176
vn -0.4287 -0.5056 0.7487
vn -0.3492 0.3954 0.8496
vn 0.5901 0.1287 -0.7970
vn -0.3882 -0.6634 0.6396
vn -0.4022 0.2118 0.8907
vn -0.4850 0.4517 0.7488
vn -0.0429 -0.7331 0.6788
vn -0.3748 -0.5763 0.7263
vn 0.0094 0.9592 -0.2826
vn -0.0310 -0.7711 0.6360
vn -0.7945 0.4085 0.4494
vn 0.4667 -0.5893 0.6595
vn -0.0314 -0.4171 0.9083
vn -0.0354 -0.9521 0.3038
vn -0.6096 0.5026 0.6130
vn 0.0521 0.9665 0.2512
vn -0.0327 -0.7711 -0.6359
vn 0.8456 0.5293 0.0692
vn -0.8325 0.5001 0.2382
vn -0.0596 -0.4171 -0.9069
vn -0.5222 -0.5943 -0.6117
vn 0.3257 -0.6506 -0.6860
vn -0.0994 -0.4190 -0.9025
vn -0.2362 -0.3924 -0.8889
vn 0.9095 0.0360 -0.4142
vn 0.1660 -0.7058 0.6887
vn -0.2891 -0.5975 0.7479
vn -0.9383 -0.2440 0.2450
vn 0.0961 -0.4310 -0.8972
vn -0.2798 -0.3719 0.8851
vn -0.5275 0.0317 -0.8490
vn 0.4831 -0.0446 -0.8744
vn -0.8826 -0.4347 0.1793
vn 0.0068 -0.9056 -0.4242
vn -0.7049 -0.6429 -0.2998
vn 0.7860 0.6105 0.0972
vn 0.5943 0.6105 -0.5235
vn 0.0514 0.9708 0.2342
vn 0.9041 -0.3947 0.1638
vn -0.3504 0.0464 0.9354
vn 0.8195 -0.2619 0.5097
vn 0.5190 0.4244 0.7420
vn 0.6380 0.7455 -0.1927
vn -0.0690 -0.3609 0.9301
vn -0.8552 -0.4674 0.2240
vn 0.6950 0.3931 0.6020
vn 0.0859 0.6558 -0.7500
vn 0.0991 0.4924 -0.8647
vn 0.1084 0.3057 -0.9459
vn 0.1132 0.1037 -0.9881
vn 0.0105 0.9957 -0.0920
vn 0.0314 0.9613 -0.2737
vn 0.0513 0.8927 -0.4478
vn 0.0697 0.7903 -0.6087
vn 0.2055 0.7864 -0.5825
vn 0.2526 0.6510 -0.7159
vn 0.2905 0.4876 -0.8233
vn 0.3172 0.3021 -0.8989
vn 0.3310 0.1024 -0.9381
vn 0.0312 0.9956 -0.0885
vn 0.0928 0.9603 -0.2629
vn 0.1515 0.8903 -0.4295
vn 0.5254 0.1001 -0.8450
vn 0.0507 0.9954 -0.0815
vn 0.1504 0.9586 -0.2419
vn 0.2449 0.8859 -0.3939
vn 0.3308 0.7794 -0.5320
vn 0.4047 0.6423 -0.6509
vn 0.4635 0.4791 -0.7454
vn 0.5044 0.2959 -0.8112
vn 0.5355 0.6314 -0.5609
vn 0.6100 0.4685 -0.6390
vn 0.6612 0.2882 -0.6926
vn 0.6872 0.0973 -0.7199
vn 0.0682 0.9951 -0.0715
vn 0.2019 0.9563 -0.2115
vn 0.3275 0.8804 -0.3431
vn 0.4401 0.7706 -0.4610
vn 0.0831 0.9948 -0.0586
vn 0.2454 0.9538 -0.1731
vn 0.3964 0.8745 -0.2797
vn 0.5298 0.7613 -0.3738
vn 0.6409 0.6203 -0.4522
vn 0.7264 0.4579 -0.5125
vn 0.7843 0.2805 -0.5533
vn 0.8135 0.0945 -0.5739
vn 0.7197 0.6105 -0.3307
vn 0.8121 0.4486 -0.3732
vn 0.8739 0.2740 -0.4016
vn 0.9048 0.0921 -0.4158
vn 0.0948 0.9945 -0.0435
vn 0.2793 0.9516 -0.1283
vn 0.4495 0.8691 -0.2065
vn 0.5979 0.7530 -0.2747
vn 0.3025 0.9499 -0.0789
vn 0.4854 0.8651 -0.1266
vn 0.6435 0.7469 -0.1678
vn 0.7717 0.6033 -0.2012
vn 0.8680 0.4419 -0.2264
vn 0.9319 0.2693 -0.2430
vn 0.9637 0.0904 -0.2513
vn 0.1028 0.9943 -0.0268
vn 0.8956 0.4384 -0.0758
vn 0.9603 0.2668 -0.0813
vn 0.9924 0.0895 -0.0840
vn 0.1069 0.9942 -0.0091
vn 0.3143 0.9490 -0.0266
vn 0.5036 0.8629 -0.0426
vn 0.6663 0.7436 -0.0564
vn 0.7975 0.5995 -0.0675
vn 0.5036 0.8629 0.0426
vn 0.6663 0.7436 0.0564
vn 0.7975 0.5995 0.0675
vn 0.8956 0.4384 0.0758
vn 0.9603 0.2668 0.0813
vn 0.9924 0.0895 0.0840
vn 0.1069 0.9942 0.0091
vn 0.3143 0.9490 0.0266
vn 0.9319 0.2693 0.2430
vn 0.9637 0.0904 0.2513
vn 0.1028 0.9943 0.0268
vn 0.3025 0.9499 0.0789
vn 0.4854 0.8651 0.1266
vn 0.6435 0.7469 0.1678
vn 0.7717 0.6033 0.2012
vn 0.8680 0.4419 0.2264
vn 0.4495 0.8691 0.2065
vn 0.5979 0.7530 0.2747
vn 0.7197 0.6105 0.3307
vn 0.8121 0.4486 0.3732
vn 0.8739 0.2740 0.4016
vn 0.9048 0.0921 0.4158
vn 0.0948 0.9945 0.0435
vn 0.2793 0.9516 0.1283
vn 0.7843 0.2805 0.5533
vn 0.8135 0.0945 0.5739
vn 0.0831 0.9948 0.0586
vn 0.2454 0.9538 0.1731
vn 0.3964 0.8745 0.2797
vn 0.5298 0.7613 0.3738
vn 0.6409 0.6203 0.4522
vn 0.7264 0.4579 0.5125
vn 0.4401 0.7706 0.4610
vn 0.5355 0.6314 0.5609
vn 0.6100 0.4685 0.6390
vn 0.6612 0.2882 0.6926
vn 0.6872 0.0973 0.7199
vn 0.0682 0.9951 0.0715
vn 0.2019 0.9563 0.2115
vn 0.3275 0.8804 0.3431
vn 0.5254 0.1001 0.8450
vn 0.0507 0.9954 0.0815
vn 0.1504 0.9586 0.2419
vn 0.2449 0.8859 0.3939
vn 0.3308 0.7794 0.5320
vn 0.4047 0.6423 0.6509
vn 0.4635 0.4791 0.7454
vn 0.5044 0.2959 0.8112
vn 0.2055 0.7864 0.5825
vn 0.2526 0.6510 0.7159
vn 0.2905 0.4876 0.8233
vn 0.3172 0.3021 0.8989
vn 0.3310 0.1024 0.9381
vn 0.0312 0.9956 0.0885
vn 0.0928 0.9603 0.2629
vn 0.1515 0.8903 0.4295
vn 0.1132 0.1037 0.9881
vn 0.0105 0.9957 0.0920
vn 0.0314 0.9613 0.2737
vn 0.0513 0.8927 0.4478
vn 0.0697 0.7903 0.6087
vn 0.0859 0.6558 0.7500
vn 0.0991 0.4924 0.8647
vn 0.1084 0.3057 0.9459
vn -0.0859 0.6558 0.7500
vn -0.0991 0.4924 0.8647
vn -0.1084 0.3057 0.9459
vn -0.1132 0.1037 0.9881
vn -0.0105 0.9957 0.0920
vn -0.0314 0.9613 0.2737
vn -0.0513 0.8927 0.4478
vn -0.0697 0.7903 0.6087
vn -0.0928 0.9603 0.2629
vn -0.1515 0.8903 0.4295
vn -0.2055 0.7864 0.5825
vn -0.2526 0.6510 0.7159
vn -0.2905 0.4876 0.8233
vn -0.3172 0.3021 0.8989
vn -0.3310 0.1024 0.9381
vn -0.0312 0.9956 0.0885
vn -0.4635 0.4791 0.7454
vn -0.5044 0.2959 0.8112
vn -0.5254 0.1001 0.8450
vn -0.0507 0.9954 0.0815
vn -0.1504 0.9586 0.2419
vn -0.2449 0.8859 0.3939
vn -0.3308 0.7794 0.5320
vn -0.4047 0.6423 0.6509
vn -0.2019 0.9563 0.2115
vn -0.3275 0.8804 0.3431
vn -0.4401 0.7706 0.4610
vn -0.5355 0.6314 0.5609
vn -0.6100 0.4685 0.6390
vn -0.6612 0.2882 0.6926
vn -0.6872 0.0973 0.7199
vn -0.0682 0.9951 0.0715
vn -0.7264 0.4579 0.5125
vn -0.7843 0.2805 0.5533
vn -0.8135 0.0945 0.5739
vn -0.0831 0.9948 0.0586
vn -0.2454 0.9538 0.1731
vn -0.3964 0.8745 0.2797
vn -0.5298 0.7613 0.3738
vn -0.6409 0.6203 0.4522
vn -0.4495 0.8691 0.2065
vn -0.5979 0.7530 0.2747
vn -0.7197 0.6105 0.3307
vn -0.8121 0.4486 0.3732
vn -0.8739 0.2740 0.4016
vn -0.9048 0.0921 0.4158
vn -0.0948 0.9945 0.0435
vn -0.2793 0.9516 0.1283
vn -0.9319 0.2693 0.2430
vn -0.9637 0.0904 0.2513
vn -0.1028 0.9943 0.0268
vn -0.3025 0.9499 0.0789
vn -0.4854 0.8651 0.1266
vn -0.6435 0.7469 0.1678
vn -0.7717 0.6033 0.2012
vn -0.8680 0.4419 0.2264
vn -0.5036 0.8629 0.0426
vn -0.6663 0.7436 0.0564
vn -0.7975 0.5995 0.0675
vn -0.8956 0.4384 0.0758
vn -0.9603 0.2668 0.0813
vn -0.9924 0.0895 0.0840
vn -0.1069 0.9942 0.0091
vn -0.3143 0.9490 0.0266
vn -0.9603 0.2668 -0.0813
vn -0.9924 0.0895 -0.0840
vn -0.1069 0.9942 -0.0091
vn -0.3143 0.9490 -0.0266
vn -0.5036 0.8629 -0.0426
vn -0.6663 0.7436 -0.0564
vn -0.7975 0.5995 -0.0675
vn -0.8956 0.4384 -0.0758
vn -0.6435 0.7469 -0.1678
vn -0.7717 0.6033 -0.2012
vn -0.8680 0.4419 -0.2264
vn -0.9319 0.2693 -0.2430
vn -0.9637 0.0904 -0.2513
vn -0.1028 0.9943 -0.0268
vn -0.3025 0.9499 -0.0789
vn -0.4854 0.8651 -0.1266
vn -0.9048 0.0921 -0.4158
vn -0.0948 0.9945 -0.0435
vn -0.2793 0.9516 -0.1283
vn -0.4495 0.8691 -0.2065
vn -0.5979 0.7530 -0.2747
vn -0.7197 0.6105 -0.3307
vn -0.8121 0.4486 -0.3732
vn -0.8739 0.2740 -0.4016
vn -0.0000 -1.0000 -0.0000
vn -0.7279 0.2805 -0.6257
vn -0.4917 0.7612 -0.4227
vn -0.0771 0.9948 -0.0663
vn -0.2277 0.9538 -0.1958
vn -0.3679 0.8744 -0.3163
vn -0.7549 0.0945 -0.6490
vn -0.4047 0.6423 -0.6509
vn -0.4635 0.4791 -0.7454
vn -0.5044 0.2959 -0.8112
vn -0.5254 0.1001 -0.8450
vn -0.0507 0.9954 -0.0815
vn -0.1504 0.9586 -0.2419
vn -0.2449 0.8859 -0.3939
vn -0.3308 0.7794 -0.5320
vn -0.0928 0.9603 -0.2629
vn -0.1515 0.8903 -0.4295
vn -0.2055 0.7864 -0.5825
vn -0.2526 0.6510 -0.7159
vn -0.2905 0.4876 -0.8233
vn -0.3172 0.3021 -0.8989
vn -0.3310 0.1024 -0.9381
vn -0.0312 0.9956 -0.0885
vn -0.0991 0.4924 -0.8647
vn -0.1084 0.3057 -0.9459
vn -0.1132 0.1037 -0.9881
vn -0.0105 0.9957 -0.0920
vn -0.0314 0.9613 -0.2737
vn -0.0513 0.8927 -0.4478
vn -0.0697 0.7903 -0.6087
vn -0.0859 0.6558 -0.7500
vn -0.6742 0.4578 -0.5796
vn -0.5948 0.6202 -0.5114
vn 0.0687 -0.8147 -0.5758
vn 0.1080 0.4114 -0.9050
vn 0.2938 0.4984 -0.8157
vn 0.1928 -0.8293 -0.5245
vn 0.5313 0.0079 -0.8472
vn 0.4979 -0.0066 -0.8672
vn 0.2672 0.8709 -0.4125
vn 0.0480 0.8339 -0.5499
vn 0.4292 0.6137 -0.6627
vn 0.3549 -0.7575 -0.5479
vn 0.6460 0.4366 -0.6262
vn 0.4172 -0.8063 -0.4194
vn 0.6513 0.3832 -0.6549
vn 0.7870 0.3107 -0.5330
vn 0.7415 -0.0377 -0.6698
vn 0.5049 -0.7926 -0.3419
vn 0.5726 -0.7799 -0.2526
vn 0.6187 -0.7702 -0.1549
vn 0.6421 -0.7648 -0.0522
vn 0.6421 -0.7648 0.0522
vn 0.6187 -0.7702 0.1549
vn 0.5726 -0.7799 0.2526
vn 0.7493 0.4255 0.5074
vn 0.6881 0.4495 0.5696
vn 0.7870 0.3107 0.5330
vn 0.7269 -0.0124 0.6866
vn 0.5049 -0.7926 0.3419
vn 0.0559 0.1087 0.9925
vn 0.5644 0.5996 0.5675
vn 0.4172 -0.8063 0.4194
vn 0.7008 -0.0075 0.7133
vn 0.3560 0.7557 0.5496
vn 0.3120 -0.8190 0.4816
vn 0.3131 0.4201 0.8517
vn 0.1024 0.9549 0.2786
vn 0.5286 0.0044 0.8489
vn 0.0845 0.7013 0.7078
vn 0.0269 0.9739 -0.2253
vn -0.0620 -0.8521 0.5196
vn -0.5390 0.4132 0.7340
vn -0.7970 0.5626 -0.2200
vn -0.6104 0.1174 0.7834
vn -0.2220 0.7654 0.6040
vn -0.1785 -0.8558 0.4856
vn -0.3120 -0.8190 0.4816
vn -0.4207 0.2249 0.8789
vn -0.5703 0.0041 0.8214
vn -0.4172 -0.8063 0.4194
vn -0.5049 -0.7926 0.3419
vn -0.7688 0.3712 0.5207
vn -0.8836 0.2996 0.3598
vn -0.7420 -0.0384 0.6693
vn -0.5726 -0.7799 0.2526
vn -0.6187 -0.7702 0.1549
vn -0.6421 -0.7648 0.0522
vn -0.6421 -0.7648 -0.0522
vn -0.6187 -0.7702 -0.1549
vn -0.5726 -0.7799 -0.2526
vn -0.5049 -0.7926 -0.3419
vn -0.7688 0.3712 -0.5207
vn -0.7690 0.3114 -0.5582
vn -0.4148 0.5103 -0.7533
vn -0.5848 0.4012 -0.7050
vn -0.2224 0.9490 -0.2236
vn -0.1762 0.8300 -0.5291
vn -0.5644 0.5996 -0.5675
vn -0.4172 -0.8063 -0.4194
vn -0.3356 -0.7867 -0.5181
vn -0.5683 0.4045 -0.7165
vn -0.0691 -0.8126 -0.5787
vn -0.3356 0.5706 -0.7496
vn 0.0762 -0.9578 -0.2770
vn 0.5145 -0.0845 -0.8533
vn 0.5256 -0.2287 -0.8194
vn 0.4731 -0.3331 -0.8156
vn 0.5532 0.2291 -0.8010
vn 0.5433 -0.6640 -0.5138
vn 0.6854 -0.7254 -0.0634
vn 0.2191 -0.9510 -0.2183
vn 0.6761 0.2337 -0.6988
vn 0.5923 -0.5056 -0.6273
vn 0.2590 -0.9480 -0.1847
vn 0.7970 0.2387 -0.5548
vn 0.8835 0.2427 -0.4006
vn 0.9389 0.2453 -0.2416
vn 0.9659 0.2461 -0.0807
vn 0.9659 0.2461 0.0807
vn 0.9389 0.2453 0.2416
vn 0.8835 0.2427 0.4006
vn 0.7970 0.2387 0.5548
vn 0.2590 -0.9480 0.1847
vn 0.6761 0.2337 0.6988
vn 0.4873 -0.3670 0.7924
vn 0.5629 -0.2813 0.7772
vn 0.8936 -0.4466 0.0450
vn 0.1758 -0.9537 0.2439
vn 0.5190 0.2286 0.8236
vn 0.7474 -0.6531 -0.1217
vn 0.7425 0.0725 0.6659
vn 0.4623 -0.1071 0.8802
vn 0.4075 -0.1202 0.9053
vn 0.4834 -0.2777 0.8302
vn -0.2660 -0.9621 -0.0598
vn 0.0063 -0.9998 -0.0186
vn -0.4201 -0.3353 0.8433
vn -0.5496 0.1913 0.8133
vn -0.7529 -0.6581 -0.0017
vn -0.4288 -0.0858 0.8993
vn -0.0275 -0.9319 0.3618
vn -0.5190 0.2286 0.8236
vn -0.4489 -0.5156 0.7298
vn -0.9207 -0.3877 -0.0450
vn -0.6761 0.2337 0.6988
vn -0.7970 0.2387 0.5548
vn -0.8835 0.2427 0.4006
vn -0.9389 0.2453 0.2416
vn -0.9456 -0.2091 0.2493
vn -0.5760 -0.3753 0.7262
vn -0.6258 -0.6043 0.4931
vn -0.7086 -0.6784 0.1943
vn -0.9659 0.2461 0.0807
vn -0.8681 0.4908 0.0743
vn -0.8379 -0.4773 0.2648
vn -0.8727 0.4824 -0.0747
vn -0.8057 -0.4741 0.3550
vn -0.6166 -0.7558 0.2203
vn -0.9659 0.2461 -0.0807
vn -0.9389 0.2453 -0.2416
vn -0.9456 -0.2091 -0.2493
vn -0.4577 -0.4231 -0.7820
vn -0.5394 -0.6261 -0.5630
vn -0.8835 0.2427 -0.4006
vn -0.6149 -0.6553 -0.4386
vn -0.4832 -0.8755 -0.0083
vn -0.2645 -0.9563 -0.1247
vn -0.7970 0.2387 -0.5548
vn -0.6761 0.2337 -0.6988
vn -0.5337 0.2289 -0.8141
vn -0.5145 -0.0922 -0.8525
vn -0.4803 -0.2131 -0.8508
vn -0.4873 -0.3670 -0.7924
vn -0.4801 -0.3771 -0.7920
vn -0.3266 -0.3018 -0.8957
vn -0.0252 -0.9650 -0.2612
vn 0.0027 -0.9641 -0.2654
vn 0.2841 0.3929 0.8746
vn 0.3531 -0.5126 0.7827
vn 0.4666 0.0406 0.8835
vn 0.6035 0.4529 0.6562
vn 0.7882 -0.3525 0.5046
vn 0.8631 0.4765 0.1674
vn 0.9948 0.0460 0.0904
vn 0.9747 0.1780 -0.1355
vn 0.8894 -0.4571 0.0066
vn 0.9095 -0.3610 -0.2060
vn 0.7882 -0.5258 -0.3199
vn 0.8730 -0.2350 -0.4274
vn 0.8860 -0.1734 -0.4300
vn 0.7347 -0.4282 -0.5261
vn 0.6195 -0.3658 -0.6945
vn 0.4691 -0.2767 -0.8387
vn -0.4691 -0.2767 -0.8387
vn -0.4752 -0.7676 -0.4302
vn -0.6195 -0.3658 -0.6945
vn -0.5790 -0.7462 -0.3286
vn -0.6605 -0.7211 -0.2092
vn -0.7882 -0.5258 -0.3199
vn -0.8730 -0.2350 -0.4274
vn -0.9538 -0.1389 -0.2664
vn -0.8552 -0.4925 -0.1616
vn -0.9948 -0.0460 -0.0905
vn -0.9948 0.0460 0.0904
vn -0.9347 0.2680 0.2334
vn -0.8552 -0.3857 0.3462
vn -0.7944 0.0260 0.6068
vn -0.7881 -0.3524 0.5046
vn -0.8730 0.2350 0.4274
vn -0.5790 -0.5507 0.6013
vn -0.3530 -0.5126 0.7827
vn -0.2873 0.3339 0.8978
vn -0.1011 0.8939 0.4367
vn -0.0735 -0.4951 0.8657
vn -0.2759 -0.1171 -0.9540
vn -0.3531 -0.5126 -0.7827
vn -0.4666 0.0406 -0.8835
vn -0.5370 0.6556 -0.5308
vn -0.6342 0.1848 -0.7508
vn -0.4751 -0.5293 -0.7029
vn -0.8816 0.1228 -0.4557
vn -0.8776 0.1767 -0.4457
vn -0.9566 0.0338 -0.2894
vn -0.9919 -0.0593 -0.1123
vn -0.8894 -0.4211 -0.1780
vn -0.8894 -0.4571 -0.0066
vn -0.8552 -0.4925 0.1616
vn -0.9095 -0.3609 0.2060
vn -0.6873 -0.5639 0.4578
vn -0.4751 -0.7676 0.4302
vn -0.6030 -0.4554 0.6551
vn -0.2782 -0.4679 0.8388
vn 0.2756 -0.4945 0.8243
vn 0.6030 -0.4554 0.6550
vn 0.6605 -0.7211 0.2091
vn 0.9345 -0.2688 0.2332
vn 0.8552 -0.4925 0.1616
vn 0.9095 -0.3609 0.2060
vn 0.8894 -0.4571 -0.0066
vn 0.9851 -0.1589 0.0657
vn 0.9716 -0.1922 -0.1382
vn 0.7453 -0.6334 -0.2081
vn 0.8894 -0.4211 -0.1780
vn 0.9566 0.0338 -0.2894
vn 0.8816 0.1228 -0.4557
vn 0.8450 0.0913 -0.5268
vn 0.5790 -0.5507 -0.6013
vn 0.4751 -0.5294 -0.7029
vn 0.4008 0.6694 -0.6255
vn 0.4480 -0.1317 -0.8843
vn 0.0883 -0.0784 -0.9930
vn 0.0607 -0.6958 -0.7157
vn 0.4440 -0.0772 -0.8927
vn 0.4482 -0.1869 -0.8742
vn 0.3929 -0.7143 -0.5792
vn 0.4788 -0.7258 -0.4939
vn 0.8575 0.0471 -0.5124
vn 0.7770 -0.5473 -0.3110
vn 0.9748 -0.2120 0.0693
vn 0.8631 -0.2598 0.4330
vn 0.8776 -0.0420 0.4775
vn 0.4789 -0.8291 0.2886
vn 0.5144 -0.6598 0.5478
vn 0.2918 -0.8487 0.4410
vn 0.2351 -0.6788 0.6956
vn 0.4800 0.0842 0.8732
vn 0.3449 0.0375 0.9379
vn 0.0607 -0.8576 0.5107
vn 0.0931 0.1726 0.9806
vn 0.0318 0.0938 0.9951
vn -0.0607 -0.8576 0.5107
vn -0.1797 -0.8546 0.4872
vn -0.2759 0.1774 0.9447
vn -0.2205 0.0970 0.9705
vn -0.2351 -0.6788 0.6956
vn -0.4482 -0.4073 0.7957
vn -0.6504 0.1885 0.7358
vn -0.4698 -0.1005 0.8770
vn -0.2918 -0.8487 0.4411
vn -0.3732 -0.0538 0.9262
vn -0.3929 -0.8401 0.3740
vn -0.6286 -0.2151 0.7474
vn -0.5143 -0.6598 0.5478
vn -0.4789 -0.8291 0.2887
vn -0.8631 -0.2598 0.4331
vn -0.8404 -0.3568 0.4079
vn -0.9420 0.1349 0.3073
vn -0.9416 0.3363 -0.0179
vn -0.9975 0.0336 -0.0618
vn -0.7770 -0.5473 -0.3110
vn -0.5465 -0.7393 -0.3934
vn -0.8433 -0.0449 -0.5355
vn -0.6825 -0.0613 -0.7283
vn -0.4788 -0.7258 -0.4939
vn -0.3928 -0.7143 -0.5792
vn -0.7689 0.1928 -0.6096
vn -0.7034 -0.0682 -0.7075
vn -0.4603 -0.0855 -0.8836
vn -0.3756 -0.1169 -0.9194
vn 0.0160 -0.1060 -0.9942
vn -0.0607 -0.6958 0.7157
vn 0.0123 0.0038 0.9999
vn 0.1795 -0.1481 0.9726
vn -0.2352 -0.4751 0.8479
vn -0.4258 -0.3144 0.8484
vn -0.7951 -0.2021 0.5718
vn -0.4788 -0.7258 0.4939
vn -0.7361 -0.2181 0.6407
vn -0.5465 -0.7393 0.3934
vn -0.9471 -0.1744 0.2693
vn -0.7770 -0.5474 0.3110
vn -0.6169 -0.7700 0.1632
vn -0.9872 -0.0227 0.1578
vn -0.9825 -0.0687 0.1733
vn -0.7770 -0.6093 -0.1583
vn -0.5931 -0.8015 -0.0765
vn -0.9895 0.1026 -0.1019
vn -0.8631 -0.2598 -0.4331
vn -0.8404 -0.3568 -0.4079
vn -0.5465 -0.8160 -0.1882
vn -0.5885 0.1588 -0.7928
vn -0.4788 -0.8291 -0.2887
vn -0.6286 -0.2151 -0.7474
vn -0.3929 -0.8401 -0.3740
vn -0.6118 0.1667 -0.7732
vn -0.4822 -0.2156 -0.8491
vn -0.1576 0.1175 -0.9805
vn -0.2351 -0.6788 -0.6956
vn -0.2890 -0.0878 -0.9533
vn -0.2889 -0.1625 -0.9435
vn 0.0607 -0.8576 -0.5107
vn 0.1576 0.1175 -0.9805
vn 0.2352 -0.6788 -0.6956
vn 0.6315 0.1778 -0.7547
vn 0.2918 -0.8487 -0.4411
vn 0.6285 -0.2151 -0.7474
vn 0.5144 -0.6598 -0.5478
vn 0.4789 -0.8291 -0.2886
vn 0.9643 0.2307 -0.1300
vn 0.5931 -0.8015 -0.0765
vn 0.9559 -0.0006 -0.2937
vn 0.9806 -0.0256 -0.1942
vn 0.6169 -0.7700 0.1632
vn 0.8562 0.1227 0.5019
vn 0.8277 -0.0045 0.5611
vn 0.7361 -0.2182 0.6407
vn 0.4789 -0.7258 0.4939
vn 0.3929 -0.7143 0.5792
vn 0.4603 -0.0855 0.8836
vn 0.4258 -0.3144 0.8485
vn 0.8408 -0.1409 0.5227
vn -0.2106 -0.0664 0.9753
vn 0.2688 0.1052 0.9574
vn -0.0277 0.8694 0.4934
vn 0.1238 -0.8598 -0.4953
vn -0.2501 0.7971 -0.5496
vn -0.1199 -0.2298 -0.9658
vn 0.3846 -0.7379 0.5546
vn -0.4555 0.8642 0.2135
vn 0.2581 -0.9375 -0.2335
vn 0.3199 -0.9473 0.0187
vn -0.2284 0.9287 0.2923
vn 0.3526 -0.9123 0.2081
vn 0.3719 -0.8424 0.3898
vn -0.3208 0.9470 -0.0184
vn 0.3770 -0.7401 0.5569
vn 0.3679 -0.6089 0.7028
vn 0.3449 -0.4539 0.8216
vn -0.2131 -0.0577 -0.9753
vn 0.3093 -0.2810 0.9085
vn -0.1456 -0.2456 -0.9584
vn -0.3553 0.6397 -0.6816
vn 0.2625 -0.0969 0.9600
vn -0.0489 -0.4156 -0.9082
vn 0.2066 0.0911 0.9742
vn 0.1434 0.2756 0.9505
vn -0.2729 0.1340 -0.9526
vn 0.0753 0.4495 0.8901
vn 0.1552 -0.8212 -0.5491
vn 0.0022 0.6053 0.7960
vn -0.3563 0.9317 -0.0713
vn 0.5643 -0.7748 0.2849
vn -0.5317 0.8460 0.0410
vn 0.6001 -0.6696 0.4375
vn -0.5906 0.7966 -0.1285
vn 0.6109 -0.5428 0.5764
vn -0.6319 0.7190 -0.2894
vn 0.5959 -0.3979 0.6975
vn -0.5691 0.4137 -0.7106
vn -0.6552 0.6160 -0.4374
vn 0.5552 -0.2391 0.7966
vn -0.5418 0.2511 -0.8022
vn -0.6537 0.5353 -0.5349
vn 0.4899 -0.0713 0.8688
vn -0.4923 0.0845 -0.8663
vn -0.5059 0.8122 -0.2906
vn 0.4024 0.1000 0.9100
vn -0.1926 -0.6271 -0.7547
vn -0.5516 0.7013 -0.4516
vn 0.2962 0.2684 0.9166
vn -0.0604 -0.7541 -0.6540
vn -0.5727 0.5661 -0.5929
vn 0.1753 0.4279 0.8866
vn 0.0737 -0.8476 -0.5256
vn 0.0248 0.5856 0.8102
vn 0.2027 -0.9040 -0.3764
vn -0.1347 0.7177 0.6832
vn 0.3207 -0.9227 -0.2140
vn -0.2551 0.8006 0.5422
vn 0.4225 -0.9052 -0.0456
vn -0.3628 0.8495 0.3830
vn 0.5045 -0.8547 0.1224
vn -0.9067 -0.3200 0.2749
vn 0.5152 -0.8096 0.2812
vn -0.8396 0.0631 -0.5395
vn -0.5181 0.8310 -0.2024
vn 0.6056 -0.6871 0.4013
vn -0.8492 0.1237 -0.5135
vn -0.6455 0.6979 -0.3103
vn 0.7574 -0.2259 0.6126
vn -0.8350 -0.0700 -0.5458
vn -0.7383 0.5466 -0.3953
vn 0.7514 -0.0818 0.6548
vn -0.7882 -0.2594 -0.5580
vn -0.7993 0.3869 -0.4599
vn 0.7320 0.0584 0.6788
vn -0.7113 -0.4377 -0.5500
vn -0.8321 0.2246 -0.5072
vn 0.7008 0.1981 0.6853
vn -0.6078 -0.5988 -0.5216
vn 0.6561 0.3408 0.6734
vn -0.4822 -0.7374 -0.4730
vn 0.5929 0.4882 0.6405
vn -0.3399 -0.8488 -0.4049
vn 0.5038 0.6381 0.5823
vn -0.1868 -0.9293 -0.3187
vn 0.3809 0.7813 0.4944
vn -0.0295 -0.9759 -0.2163
vn 0.2214 0.8999 0.3757
vn 0.1254 -0.9870 -0.1007
vn 0.0326 0.9721 0.2322
vn 0.2714 -0.9622 0.0242
vn -0.1672 0.9829 0.0777
vn 0.4027 -0.9024 0.1534
vn 0.4116 0.9102 0.0454
vn -0.7768 0.5307 0.3391
vn 0.9339 0.0106 -0.3573
vn -0.8366 -0.4977 0.2289
vn -0.8645 0.3631 0.3475
vn 0.9244 0.1928 -0.3293
vn -0.7343 -0.6562 0.1739
vn -0.9208 0.1841 0.3438
vn 0.8829 0.3701 -0.2890
vn -0.6039 -0.7892 0.1118
vn 0.8091 0.5377 -0.2372
vn -0.4505 -0.8916 0.0448
vn 0.7029 0.6893 -0.1754
vn -0.2804 -0.9596 -0.0247
vn 0.5663 0.8174 -0.1057
vn -0.1000 -0.9905 -0.0942
vn 0.4035 0.9145 -0.0314
vn 0.0838 -0.9833 -0.1613
vn 0.2217 0.9741 0.0440
vn 0.2640 -0.9384 -0.2232
vn 0.0295 0.9928 0.1165
vn 0.4337 -0.8573 -0.2774
vn -0.1634 0.9695 0.1826
vn 0.5867 -0.7431 -0.3217
vn -0.3475 0.9066 0.2394
vn 0.7171 -0.6002 -0.3541
vn -0.9445 -0.0010 0.3285
vn -0.5149 0.8085 0.2850
vn 0.8200 -0.4342 -0.3730
vn -0.9348 -0.1869 0.3018
vn -0.6594 0.6811 0.3183
vn 0.8914 -0.2513 -0.3771
vn -0.0038 0.8956 0.4449
vn 0.2545 -0.9345 -0.2489
vn 0.2153 0.9679 0.1299
vn 0.4285 -0.8550 -0.2921
vn 0.0089 0.9771 0.2126
vn 0.5870 -0.7433 -0.3209
vn -0.1936 0.9380 0.2876
vn 0.7236 -0.6033 -0.3352
vn -0.8974 0.1065 0.4281
vn -0.3798 0.8563 0.3501
vn 0.8326 -0.4406 -0.3357
vn -0.9116 -0.1443 0.3849
vn -0.5416 0.7408 0.3973
vn 0.9095 -0.2610 -0.3234
vn -0.8828 -0.3309 0.3335
vn -0.6748 0.6010 0.4283
vn 0.9514 -0.0715 -0.2996
vn -0.8200 -0.5050 0.2694
vn -0.7782 0.4448 0.4433
vn 0.9564 0.1210 -0.2656
vn -0.7254 -0.6599 0.1955
vn -0.8522 0.2784 0.4430
vn 0.9457 0.2032 -0.2537
vn -0.6024 -0.7898 0.1153
vn 0.9049 0.3675 -0.2146
vn -0.4554 -0.8897 0.0326
vn 0.8327 0.5284 -0.1656
vn -0.2898 -0.9558 -0.0487
vn 0.7263 0.6793 -0.1056
vn -0.1117 -0.9859 -0.1249
vn 0.5848 0.8105 -0.0346
vn 0.0721 -0.9786 -0.1926
vn 0.5863 0.3340 -0.7381
vn 0.3997 -0.5880 -0.7032
vn -0.4612 0.0010 0.8873
vn -0.1081 0.8050 0.5834
vn 0.4755 -0.4215 -0.7722
vn -0.4797 -0.1684 0.8611
vn -0.2055 0.6836 0.7003
vn 0.5354 -0.2392 -0.8100
vn -0.4807 -0.3546 0.8020
vn -0.2923 0.5366 0.7916
vn 0.5812 -0.0254 -0.8134
vn -0.4608 -0.5278 0.7135
vn -0.3654 0.3696 0.8543
vn 0.6009 0.1665 -0.7818
vn -0.4209 -0.6811 0.5991
vn -0.4224 0.1889 0.8865
vn 0.6000 0.3517 -0.7186
vn -0.3624 -0.8088 0.4631
vn 0.5784 0.5232 -0.6259
vn -0.2877 -0.9059 0.3108
vn 0.5367 0.6744 -0.5072
vn -0.1997 -0.9686 0.1479
vn 0.4763 0.7991 -0.3669
vn -0.1018 -0.9946 -0.0193
vn 0.3995 0.8922 -0.2106
vn 0.0022 -0.9828 -0.1845
vn 0.3093 0.9499 -0.0445
vn 0.1083 -0.9338 -0.3411
vn 0.2092 0.9699 0.1247
vn 0.2126 -0.8492 -0.4834
vn 0.1034 0.9514 0.2900
vn 0.3109 -0.7325 -0.6056
vn 0.8954 -0.0512 0.4423
vn 0.8954 -0.0511 0.4423
vn 0.8954 -0.0510 0.4424
vn 0.8953 -0.0511 0.4426
vn 0.8953 -0.0511 0.4424
vn 0.8953 -0.0512 0.4425
vn 0.8954 -0.0513 0.4423
vn 0.8953 -0.0512 0.4424
vn 0.8953 -0.0512 0.4426
vn 0.8953 -0.0510 0.4426
vn 0.8953 -0.0510 0.4425
vn 0.8954 -0.0511 0.4424
vn 0.8954 -0.0512 0.4424
vn -0.3212 -0.8130 0.4856
vn 0.5623 0.5084 -0.6522
vn -0.2462 -0.9097 0.3343
vn 0.5192 0.6628 -0.5395
vn -0.1593 -0.9722 0.1719
vn 0.4687 0.7733 -0.4269
vn -0.0637 -0.9980 0.0043
vn 0.3965 0.8743 -0.2798
vn 0.0370 -0.9861 -0.1620
vn 0.3118 0.9425 -0.1203
vn 0.1390 -0.9369 -0.3206
vn 0.2177 0.9749 0.0456
vn 0.2384 -0.8523 -0.4656
vn 0.1176 0.9702 0.2120
vn 0.3314 -0.7353 -0.5912
vn 0.0152 0.9279 0.3725
vn 0.4144 -0.5903 -0.6926
vn -0.4337 0.0559 0.8993
vn -0.0855 0.8494 0.5208
vn 0.4843 -0.4230 -0.7659
vn -0.4527 -0.1389 0.8808
vn -0.1805 0.7373 0.6509
vn 0.5381 -0.2397 -0.8081
vn -0.4514 -0.3286 0.8296
vn -0.2660 0.5960 0.7577
vn 0.5739 -0.0474 -0.8176
vn -0.4244 -0.5327 0.7322
vn -0.3385 0.4308 0.8366
vn 0.5902 0.1463 -0.7939
vn -0.3813 -0.6858 0.6199
vn -0.3951 0.2484 0.8844
vn 0.1330 -0.6500 0.7482
vn -0.3803 -0.5221 0.7634
vn 0.4401 0.8749 -0.2019
vn -0.8449 0.5298 -0.0741
vn 0.2730 0.9422 0.1944
vn 0.7865 0.6102 0.0955
vn 0.2357 -0.9428 -0.2357
vn 0.8794 0.4760 -0.0103
vn -0.8690 0.4602 0.1820
vn -0.8195 0.5159 0.2494
vn -0.2523 -0.3480 -0.9029
vn 0.5713 -0.7448 0.3449
vn 0.1058 -0.7244 0.6812
vn -0.9258 -0.3054 0.2228
vn -0.8730 -0.2350 0.4274
vn -0.9511 -0.3082 0.0195
vn -0.1355 -0.2852 0.9488
vn -0.2710 -0.3550 0.8947
vn 0.2362 -0.3823 0.8933
vn 0.0935 -0.4104 0.9071
vn -0.1285 -0.4232 0.8969
vn -0.0935 -0.4104 0.9071
vn -0.0937 -0.4187 -0.9033
vn -0.0076 -0.9070 -0.4211
vn 0.8314 -0.4642 -0.3055
vn -0.5119 0.3824 0.7692
vn 0.9578 -0.2531 0.1365
vn 0.3209 -0.2127 0.9229
vn -0.1800 -0.3377 0.9239
vn 0.9049 0.3027 0.2991
vn 0.5105 0.7740 -0.3746
vn -0.5011 -0.5085 0.7002
vn -0.8110 -0.4933 0.3146
vn 0.3172 0.3022 -0.8989
vn 0.3172 0.3022 0.8989
vt 0.321365 0.696080
vt 0.312208 0.729046
vt 0.295475 0.721207
vt 0.301779 0.696220
vt 0.280285 0.706443
vt 0.466169 0.494052
vt 0.574252 0.463139
vt 0.519080 0.504862
vt 0.439724 0.561918
vt 0.333105 0.781270
vt 0.345331 0.725063
vt 0.399742 0.602865
vt 0.374067 0.641386
vt 0.335184 0.721922
vt 0.351715 0.670422
vt 0.299055 0.754069
vt 0.280691 0.741233
vt 0.130513 0.206391
vt 0.211638 0.298311
vt 0.089925 0.241378
vt 0.265775 0.725780
vt 0.252972 0.702838
vt 0.174984 0.320344
vt 0.152554 0.311100
vt 0.137513 0.296829
vt 0.000145 0.095782
vt 0.037563 0.261432
vt 0.012174 0.321772
vt 0.019739 0.717776
vt 0.143631 0.312188
vt 0.000145 0.591805
vt 0.124769 0.299810
vt 0.188018 0.732752
vt 0.102886 0.280913
vt 0.191264 0.721663
vt 0.083188 0.284529
vt 0.190134 0.702905
vt 0.064388 0.278676
vt 0.056986 0.139372
vt 0.194517 0.681791
vt 0.090335 0.666046
vt 0.118279 0.667025
vt 0.080604 0.307356
vt 0.140837 0.665217
vt 0.062065 0.313755
vt 0.165477 0.660466
vt 0.041785 0.328289
vt 0.022958 0.383323
vt 0.026382 0.513346
vt 0.140251 0.314259
vt 0.119616 0.306758
vt 0.099387 0.303228
vt 0.035414 0.494810
vt 0.138523 0.316664
vt 0.057675 0.579509
vt 0.117567 0.313520
vt 0.077067 0.605031
vt 0.098358 0.315096
vt 0.096746 0.619595
vt 0.080117 0.322067
vt 0.121105 0.632362
vt 0.062579 0.334071
vt 0.150743 0.641663
vt 0.046137 0.356809
vt 0.032832 0.406454
vt 0.089171 0.577153
vt 0.110915 0.598572
vt 0.065907 0.349855
vt 0.142973 0.623947
vt 0.052774 0.375892
vt 0.043620 0.420398
vt 0.045284 0.481318
vt 0.137773 0.319191
vt 0.059701 0.533466
vt 0.116990 0.319616
vt 0.074188 0.559299
vt 0.098640 0.324469
vt 0.081539 0.334214
vt 0.137811 0.321720
vt 0.065319 0.505024
vt 0.117459 0.325203
vt 0.077240 0.528860
vt 0.100139 0.332753
vt 0.089275 0.545384
vt 0.084592 0.344848
vt 0.106844 0.566412
vt 0.071183 0.362786
vt 0.138564 0.605567
vt 0.061086 0.389865
vt 0.055456 0.429023
vt 0.056449 0.469604
vt 0.077864 0.373011
vt 0.107917 0.541657
vt 0.133393 0.576909
vt 0.070521 0.399481
vt 0.067847 0.433527
vt 0.069724 0.464094
vt 0.138571 0.324148
vt 0.073879 0.485970
vt 0.118843 0.330287
vt 0.084047 0.508602
vt 0.102753 0.340108
vt 0.093996 0.523698
vt 0.088980 0.353992
vt 0.082745 0.459740
vt 0.087222 0.479200
vt 0.140041 0.326381
vt 0.121054 0.334793
vt 0.093667 0.495605
vt 0.106158 0.346568
vt 0.101895 0.510118
vt 0.094079 0.361929
vt 0.113248 0.526669
vt 0.085160 0.381374
vt 0.131876 0.556981
vt 0.080483 0.406209
vt 0.080087 0.434704
vt 0.134772 0.543662
vt 0.093206 0.386552
vt 0.090511 0.409141
vt 0.092070 0.433788
vt 0.095500 0.455616
vt 0.142221 0.328320
vt 0.100180 0.473101
vt 0.124151 0.338569
vt 0.105398 0.487594
vt 0.110571 0.351770
vt 0.111842 0.500773
vt 0.100191 0.367846
vt 0.120953 0.516836
vt 0.145079 0.329870
vt 0.128045 0.341510
vt 0.117489 0.481436
vt 0.115781 0.355659
vt 0.122713 0.493806
vt 0.106930 0.371979
vt 0.129751 0.509571
vt 0.101507 0.389443
vt 0.139864 0.534600
vt 0.100311 0.409776
vt 0.103698 0.431441
vt 0.107774 0.451609
vt 0.112748 0.467981
vt 0.109805 0.390767
vt 0.112648 0.399073
vt 0.119277 0.447556
vt 0.148574 0.330941
vt 0.130741 0.456453
vt 0.132688 0.343522
vt 0.129776 0.476680
vt 0.121661 0.358216
vt 0.134083 0.488498
vt 0.114048 0.374604
vt 0.139127 0.503880
vt 0.145850 0.528021
vt 0.142507 0.473589
vt 0.138091 0.344510
vt 0.128203 0.359374
vt 0.146027 0.484771
vt 0.121406 0.375935
vt 0.149044 0.499454
vt 0.152046 0.522844
vt 0.152611 0.331484
vt 0.157009 0.331562
vt 0.144283 0.344437
vt 0.135588 0.455890
vt 0.156649 0.472605
vt 0.135572 0.358958
vt 0.158930 0.482511
vt 0.130497 0.380075
vt 0.160322 0.496236
vt 0.158130 0.518591
vt 0.172705 0.480220
vt 0.143747 0.357133
vt 0.174132 0.493228
vt 0.161557 0.331403
vt 0.152157 0.456731
vt 0.164040 0.441544
vt 0.168715 0.461510
vt 0.151205 0.343535
vt 0.170781 0.470888
vt 0.166119 0.331286
vt 0.178169 0.439754
vt 0.182236 0.459424
vt 0.158751 0.342378
vt 0.184347 0.468468
vt 0.152169 0.354392
vt 0.186719 0.477358
vt 0.159150 0.378735
vt 0.190789 0.489464
vt 0.171084 0.415077
vt 0.150276 0.441673
vt 0.180555 0.382270
vt 0.200341 0.474324
vt 0.206150 0.485927
vt 0.750171 0.752792
vt 0.740544 0.732968
vt 0.750171 0.728872
vt 0.213571 0.499055
vt 0.195420 0.501967
vt 0.192206 0.436299
vt 0.170643 0.331464
vt 0.195369 0.456430
vt 0.176114 0.345494
vt 0.197675 0.465434
vt 0.191559 0.364192
vt 0.175054 0.331816
vt 0.241999 0.434240
vt 0.209917 0.392033
vt 0.220209 0.404122
vt 0.185198 0.347496
vt 0.211229 0.461659
vt 0.198772 0.365187
vt 0.213577 0.471171
vt 0.205676 0.379360
vt 0.218655 0.483691
vt 0.229534 0.502198
vt 0.226264 0.468645
vt 0.230104 0.482352
vt 0.217879 0.391336
vt 0.238108 0.502707
vt 0.179434 0.332222
vt 0.192463 0.348530
vt 0.227705 0.438420
vt 0.224388 0.458229
vt 0.205603 0.365253
vt 0.213080 0.378911
vt 0.183753 0.332497
vt 0.198843 0.348682
vt 0.233451 0.439425
vt 0.237741 0.455708
vt 0.212108 0.364396
vt 0.238886 0.467138
vt 0.220444 0.377548
vt 0.241323 0.481981
vt 0.226256 0.389744
vt 0.247245 0.503688
vt 0.230283 0.401972
vt 0.235076 0.387583
vt 0.252732 0.482508
vt 0.256652 0.505252
vt 0.240878 0.399869
vt 0.246080 0.413687
vt 0.233786 0.415315
vt 0.250456 0.427205
vt 0.187759 0.332399
vt 0.251261 0.441841
vt 0.240323 0.438529
vt 0.204428 0.347924
vt 0.251351 0.454864
vt 0.218307 0.362698
vt 0.251698 0.466924
vt 0.227863 0.375459
vt 0.264784 0.442054
vt 0.209170 0.346277
vt 0.265110 0.455301
vt 0.224151 0.360246
vt 0.264812 0.467834
vt 0.235287 0.372760
vt 0.264398 0.483944
vt 0.244187 0.384989
vt 0.266253 0.507670
vt 0.251738 0.397692
vt 0.258467 0.412376
vt 0.263213 0.427082
vt 0.191169 0.331763
vt 0.276269 0.486416
vt 0.276129 0.511465
vt 0.262656 0.395229
vt 0.271009 0.410925
vt 0.276593 0.426838
vt 0.193868 0.330594
vt 0.278869 0.442483
vt 0.213025 0.343819
vt 0.279167 0.456561
vt 0.229533 0.357113
vt 0.278177 0.469795
vt 0.242563 0.369497
vt 0.253338 0.381938
vt 0.293540 0.443258
vt 0.293484 0.459220
vt 0.234314 0.353363
vt 0.291672 0.473208
vt 0.249520 0.365697
vt 0.288288 0.490253
vt 0.262290 0.378374
vt 0.286750 0.517921
vt 0.273430 0.392313
vt 0.283600 0.409095
vt 0.290462 0.426455
vt 0.195859 0.328979
vt 0.215936 0.340631
vt 0.283940 0.388787
vt 0.296342 0.407226
vt 0.304968 0.427021
vt 0.197159 0.327007
vt 0.308820 0.446737
vt 0.217816 0.336753
vt 0.308134 0.463624
vt 0.238329 0.348980
vt 0.305466 0.478187
vt 0.256039 0.361386
vt 0.300709 0.495892
vt 0.270933 0.374328
vt 0.297255 0.525569
vt 0.218637 0.332312
vt 0.241449 0.344093
vt 0.319275 0.485149
vt 0.262019 0.356685
vt 0.312875 0.503045
vt 0.279081 0.369830
vt 0.306540 0.534018
vt 0.293906 0.384604
vt 0.308860 0.405059
vt 0.320303 0.429225
vt 0.197789 0.324774
vt 0.324889 0.452405
vt 0.323095 0.470277
vt 0.302915 0.379359
vt 0.320573 0.401973
vt 0.336770 0.433564
vt 0.197753 0.322347
vt 0.341938 0.461459
vt 0.218255 0.327336
vt 0.338142 0.480016
vt 0.243413 0.338688
vt 0.332831 0.494793
vt 0.267253 0.351580
vt 0.324525 0.512386
vt 0.286512 0.364914
vt 0.314455 0.543459
vt 0.345863 0.508360
vt 0.243788 0.332618
vt 0.271484 0.346022
vt 0.335439 0.525105
vt 0.292871 0.359552
vt 0.320896 0.554657
vt 0.310781 0.372732
vt 0.330948 0.397395
vt 0.362290 0.447899
vt 0.197021 0.319767
vt 0.357776 0.475986
vt 0.216335 0.321691
vt 0.352719 0.494355
vt 0.355098 0.413984
vt 0.195580 0.317085
vt 0.377313 0.502300
vt 0.367862 0.516209
vt 0.358309 0.528063
vt 0.274982 0.340157
vt 0.345171 0.543405
vt 0.319423 0.366848
vt 0.325359 0.569342
vt 0.287450 0.338627
vt 0.350083 0.571718
vt 0.323167 0.643194
vt 0.376845 0.454861
vt 0.390484 0.398106
vt 0.405022 0.504253
vt 0.194047 0.315083
vt 0.393524 0.528207
vt 0.380010 0.542846
vt 0.367456 0.554970
vt 0.424652 0.527402
vt 0.192159 0.313625
vt 0.404031 0.560459
vt 0.386428 0.580929
vt 0.370325 0.602841
vt 0.348621 0.626903
vt 0.237458 0.606276
vt 0.229441 0.607409
vt 0.234644 0.604308
vt 0.231841 0.601849
vt 0.225023 0.615936
vt 0.226691 0.609193
vt 0.254588 0.692837
vt 0.204972 0.658994
vt 0.253563 0.680115
vt 0.209914 0.649107
vt 0.256244 0.667301
vt 0.233311 0.647152
vt 0.215649 0.640507
vt 0.221433 0.633617
vt 0.224857 0.623218
vt 0.225858 0.630456
vt 0.225042 0.609585
vt 0.199693 0.670038
vt 0.218543 0.622364
vt 0.221302 0.615532
vt 0.223735 0.609502
vt 0.179236 0.656513
vt 0.189872 0.649569
vt 0.200195 0.642623
vt 0.208599 0.635609
vt 0.214396 0.628859
vt 0.181189 0.641038
vt 0.192997 0.635819
vt 0.202771 0.630362
vt 0.210153 0.625022
vt 0.215569 0.619803
vt 0.219324 0.614403
vt 0.222560 0.609178
vt 0.168772 0.645572
vt 0.212877 0.617045
vt 0.217545 0.612922
vt 0.221516 0.608667
vt 0.161383 0.633568
vt 0.174779 0.631648
vt 0.187436 0.628461
vt 0.198140 0.624758
vt 0.206538 0.620934
vt 0.183284 0.620593
vt 0.194520 0.618760
vt 0.203555 0.616540
vt 0.210575 0.614039
vt 0.215995 0.611185
vt 0.220633 0.608004
vt 0.156439 0.620890
vt 0.170229 0.621603
vt 0.214717 0.609265
vt 0.219939 0.607225
vt 0.153825 0.608469
vt 0.167408 0.611358
vt 0.180444 0.612409
vt 0.191865 0.612462
vt 0.201249 0.611900
vt 0.208738 0.610836
vt 0.189997 0.606034
vt 0.199489 0.607173
vt 0.207272 0.607582
vt 0.213676 0.607256
vt 0.219356 0.606424
vt 0.149264 0.582847
vt 0.165631 0.600227
vt 0.178644 0.604031
vt 0.219001 0.605578
vt 0.149339 0.565893
vt 0.164704 0.586422
vt 0.177925 0.595108
vt 0.189037 0.599400
vt 0.198413 0.602345
vt 0.206283 0.604303
vt 0.212975 0.605192
vt 0.198050 0.597499
vt 0.205779 0.601096
vt 0.212640 0.603152
vt 0.218878 0.604724
vt 0.151919 0.553670
vt 0.165436 0.573420
vt 0.178397 0.585984
vt 0.189017 0.592687
vt 0.155874 0.544573
vt 0.218975 0.603896
vt 0.167676 0.562482
vt 0.180041 0.577193
vt 0.189915 0.586063
vt 0.198377 0.592696
vt 0.205769 0.598067
vt 0.212686 0.601219
vt 0.199232 0.587878
vt 0.206278 0.595339
vt 0.213115 0.599472
vt 0.219267 0.603115
vt 0.160523 0.537437
vt 0.170924 0.553789
vt 0.182697 0.568994
vt 0.191727 0.579710
vt 0.219727 0.602388
vt 0.174579 0.546588
vt 0.186356 0.562346
vt 0.197576 0.572267
vt 0.199028 0.583363
vt 0.208759 0.594861
vt 0.165508 0.531425
vt 0.217375 0.597304
vt 0.221183 0.601668
vt 0.169820 0.523370
vt 0.175416 0.538066
vt 0.187260 0.550025
vt 0.201411 0.564031
vt 0.227715 0.597659
vt 0.227658 0.600222
vt 0.232752 0.598025
vt 0.217583 0.529393
vt 0.228879 0.526125
vt 0.229770 0.538898
vt 0.218531 0.540043
vt 0.239043 0.559141
vt 0.236121 0.566215
vt 0.240393 0.572805
vt 0.238050 0.588620
vt 0.240501 0.593363
vt 0.222282 0.510137
vt 0.229428 0.514181
vt 0.241103 0.582649
vt 0.243498 0.578957
vt 0.242744 0.586684
vt 0.241570 0.593317
vt 0.238362 0.515648
vt 0.238246 0.528971
vt 0.240345 0.544482
vt 0.243168 0.559208
vt 0.243381 0.569602
vt 0.247598 0.547116
vt 0.247695 0.560522
vt 0.246948 0.571034
vt 0.246055 0.579951
vt 0.244464 0.587154
vt 0.242557 0.593447
vt 0.247482 0.517656
vt 0.247377 0.532057
vt 0.246136 0.588013
vt 0.243468 0.593738
vt 0.256793 0.520395
vt 0.256189 0.535559
vt 0.254343 0.550036
vt 0.252332 0.562743
vt 0.250465 0.573065
vt 0.248557 0.581439
vt 0.260599 0.553447
vt 0.256774 0.565821
vt 0.253850 0.575714
vt 0.250968 0.583363
vt 0.247717 0.589214
vt 0.244285 0.594186
vt 0.266364 0.524237
vt 0.264962 0.539981
vt 0.249162 0.590714
vt 0.244976 0.594786
vt 0.276439 0.529869
vt 0.274048 0.546015
vt 0.270490 0.559908
vt 0.267070 0.564515
vt 0.257155 0.578895
vt 0.253215 0.585703
vt 0.268121 0.569866
vt 0.260261 0.582682
vt 0.255234 0.588415
vt 0.250428 0.592468
vt 0.245502 0.595524
vt 0.287679 0.538654
vt 0.281754 0.551726
vt 0.275078 0.561438
vt 0.751956 0.728582
vt 0.742048 0.709649
vt 0.762194 0.725272
vt 0.245904 0.596341
vt 0.289361 0.561138
vt 0.276179 0.567646
vt 0.762194 0.710474
vt 0.263164 0.586706
vt 0.257084 0.591402
vt 0.251514 0.594410
vt 0.296321 0.547395
vt 0.258535 0.594682
vt 0.252338 0.596496
vt 0.246074 0.597242
vt 0.302856 0.555581
vt 0.293852 0.568448
vt 0.283586 0.579629
vt 0.273535 0.570290
vt 0.273375 0.586201
vt 0.265290 0.591180
vt 0.297251 0.576384
vt 0.286024 0.586295
vt 0.275595 0.592038
vt 0.267008 0.595910
vt 0.259671 0.598163
vt 0.252879 0.598660
vt 0.245971 0.598189
vt 0.307901 0.564374
vt 0.268345 0.600904
vt 0.259899 0.605944
vt 0.253683 0.604020
vt 0.244840 0.600058
vt 0.311317 0.574104
vt 0.299439 0.585248
vt 0.287658 0.593870
vt 0.277161 0.598458
vt 0.288280 0.603366
vt 0.278026 0.606020
vt 0.269190 0.606367
vt 0.312719 0.586490
vt 0.300111 0.596423
vt 0.308843 0.644350
vt 0.297308 0.652795
vt 0.287191 0.621088
vt 0.276804 0.621557
vt 0.269876 0.611614
vt 0.284444 0.652249
vt 0.273805 0.639336
vt 0.241041 0.601768
vt 0.198642 0.503310
vt 0.197895 0.507108
vt 0.195011 0.507550
vt 0.196809 0.531400
vt 0.196754 0.534462
vt 0.195671 0.531932
vt 0.194531 0.528772
vt 0.196234 0.528110
vt 0.193514 0.525058
vt 0.195686 0.524272
vt 0.192723 0.520952
vt 0.195519 0.520097
vt 0.192325 0.516611
vt 0.195819 0.515733
vt 0.198579 0.537563
vt 0.198963 0.538639
vt 0.198393 0.537657
vt 0.192810 0.512118
vt 0.196571 0.511355
vt 0.197668 0.536329
vt 0.198096 0.536118
vt 0.197499 0.534106
vt 0.191629 0.508089
vt 0.196054 0.534933
vt 0.194620 0.532631
vt 0.192973 0.529669
vt 0.191414 0.526119
vt 0.189935 0.522152
vt 0.189087 0.517781
vt 0.198231 0.537791
vt 0.189269 0.513162
vt 0.197286 0.536621
vt 0.187386 0.523613
vt 0.185843 0.519327
vt 0.198087 0.537948
vt 0.184987 0.514847
vt 0.196960 0.536979
vt 0.186360 0.509989
vt 0.195456 0.535531
vt 0.193624 0.533487
vt 0.191624 0.530758
vt 0.189375 0.527499
vt 0.196693 0.537389
vt 0.194961 0.536225
vt 0.168217 0.512265
vt 0.192805 0.534495
vt 0.190353 0.532084
vt 0.187762 0.528981
vt 0.185175 0.525290
vt 0.182347 0.521498
vt 0.197980 0.538134
vt 0.180348 0.517092
vt 0.177039 0.513510
vt 0.183275 0.527188
vt 0.180163 0.523275
vt 0.197907 0.538337
vt 0.177119 0.519136
vt 0.196503 0.537841
vt 0.173628 0.515234
vt 0.194550 0.536998
vt 0.192130 0.535647
vt 0.189402 0.533487
vt 0.186341 0.530723
vt 0.171578 0.516737
vt 0.191652 0.536913
vt 0.188584 0.535150
vt 0.185169 0.532639
vt 0.181795 0.529083
vt 0.178239 0.525277
vt 0.197862 0.538551
vt 0.174907 0.521042
vt 0.196382 0.538323
vt 0.194324 0.537830
vt 0.180479 0.531423
vt 0.176770 0.527254
vt 0.197857 0.538770
vt 0.172711 0.523463
vt 0.196345 0.538825
vt 0.194205 0.538706
vt 0.191410 0.538220
vt 0.188017 0.536973
vt 0.184342 0.534574
vt 0.191362 0.539616
vt 0.187777 0.538748
vt 0.183688 0.537067
vt 0.179507 0.533806
vt 0.175566 0.529331
vt 0.197902 0.538983
vt 0.196397 0.539332
vt 0.194274 0.539580
vt 0.197980 0.539189
vt 0.196566 0.539808
vt 0.194461 0.540473
vt 0.191555 0.540961
vt 0.187803 0.540765
vt 0.183437 0.539013
vt 0.178692 0.536984
vt 0.191937 0.542357
vt 0.188073 0.542547
vt 0.183474 0.541274
vt 0.178333 0.538976
vt 0.198095 0.539377
vt 0.196802 0.540265
vt 0.194810 0.541316
vt 0.197141 0.540654
vt 0.195340 0.542053
vt 0.192569 0.543599
vt 0.188857 0.545164
vt 0.198253 0.539531
vt 0.189638 0.547102
vt 0.198435 0.539660
vt 0.197560 0.540964
vt 0.196030 0.542686
vt 0.193410 0.544611
vt 0.198645 0.539740
vt 0.198034 0.541223
vt 0.196893 0.543220
vt 0.194553 0.545426
vt 0.198867 0.539787
vt 0.198564 0.541371
vt 0.197957 0.543644
vt 0.197389 0.546454
vt 0.201568 0.551052
vt 0.199006 0.543706
vt 0.199140 0.546841
vt 0.199096 0.539768
vt 0.199132 0.541380
vt 0.199321 0.539699
vt 0.199688 0.541214
vt 0.200023 0.543513
vt 0.200471 0.546708
vt 0.200239 0.540921
vt 0.200990 0.542984
vt 0.201645 0.546096
vt 0.199530 0.539581
vt 0.199723 0.539431
vt 0.200743 0.540477
vt 0.202009 0.541936
vt 0.202885 0.544636
vt 0.206521 0.537993
vt 0.199868 0.539231
vt 0.201169 0.539933
vt 0.203191 0.539935
vt 0.199984 0.539016
vt 0.201402 0.539252
vt 0.203623 0.538622
vt 0.206957 0.536456
vt 0.212163 0.532703
vt 0.211404 0.531847
vt 0.200036 0.538776
vt 0.201519 0.538637
vt 0.203779 0.537613
vt 0.206900 0.535358
vt 0.200058 0.538541
vt 0.201541 0.538083
vt 0.203652 0.536794
vt 0.206533 0.534464
vt 0.210447 0.531108
vt 0.214285 0.526880
vt 0.209421 0.530368
vt 0.212799 0.526279
vt 0.215719 0.522154
vt 0.217111 0.517371
vt 0.200025 0.538315
vt 0.201434 0.537588
vt 0.203399 0.536077
vt 0.206037 0.533658
vt 0.201245 0.537153
vt 0.203026 0.535452
vt 0.205390 0.532944
vt 0.208302 0.529663
vt 0.211306 0.525687
vt 0.214124 0.521513
vt 0.199954 0.538106
vt 0.209760 0.525100
vt 0.212399 0.520916
vt 0.215208 0.516715
vt 0.199849 0.537921
vt 0.218305 0.512600
vt 0.200999 0.536772
vt 0.202534 0.534922
vt 0.204591 0.532331
vt 0.207105 0.529019
vt 0.200687 0.536455
vt 0.215572 0.511907
vt 0.216450 0.507514
vt 0.201951 0.534486
vt 0.214968 0.503063
vt 0.203688 0.531807
vt 0.205810 0.528452
vt 0.208124 0.524555
vt 0.210540 0.520372
vt 0.213120 0.516131
vt 0.199713 0.537764
vt 0.206380 0.524087
vt 0.208505 0.519892
vt 0.210799 0.515618
vt 0.199557 0.537636
vt 0.212724 0.511344
vt 0.200309 0.536218
vt 0.214028 0.507116
vt 0.201318 0.534124
vt 0.202687 0.531382
vt 0.204402 0.527990
vt 0.211642 0.506870
vt 0.199904 0.536038
vt 0.200600 0.533892
vt 0.212489 0.502845
vt 0.201602 0.531086
vt 0.202906 0.527652
vt 0.204490 0.523734
vt 0.206279 0.519520
vt 0.208153 0.515224
vt 0.199375 0.537547
vt 0.209993 0.510983
vt 0.202461 0.523534
vt 0.203817 0.519309
vt 0.205276 0.514994
vt 0.199179 0.537497
vt 0.207045 0.510773
vt 0.199462 0.535950
vt 0.208777 0.506697
vt 0.199845 0.533760
vt 0.210313 0.502844
vt 0.200452 0.530909
vt 0.201308 0.527466
vt 0.205606 0.506679
vt 0.207446 0.502943
vt 0.199256 0.530912
vt 0.199619 0.527439
vt 0.200272 0.523527
vt 0.201117 0.519301
vt 0.202148 0.514972
vt 0.198978 0.537479
vt 0.203509 0.510712
vt 0.199007 0.535928
vt 0.199062 0.533760
vt 0.199010 0.515211
vt 0.198775 0.537499
vt 0.199916 0.510906
vt 0.198547 0.535986
vt 0.201304 0.506807
vt 0.198268 0.533857
vt 0.198036 0.531076
vt 0.197916 0.527664
vt 0.198006 0.523767
vt 0.198336 0.519552
vt 0.297182 0.692912
vt 0.298725 0.691464
vt 0.274455 0.670098
vt 0.277566 0.671742
vt 0.276232 0.672643
vt 0.280414 0.674369
vt 0.278490 0.675709
vt 0.283751 0.677369
vt 0.281229 0.679176
vt 0.287380 0.680680
vt 0.284502 0.682841
vt 0.291340 0.684090
vt 0.288559 0.686319
vt 0.272339 0.666653
vt 0.271722 0.665557
vt 0.272548 0.666520
vt 0.295106 0.687831
vt 0.293012 0.689675
vt 0.273189 0.668114
vt 0.273676 0.667812
vt 0.275306 0.669522
vt 0.297164 0.685432
vt 0.300067 0.689650
vt 0.276051 0.668860
vt 0.278720 0.670648
vt 0.282045 0.672818
vt 0.285945 0.675200
vt 0.290096 0.677881
vt 0.294018 0.681150
vt 0.272728 0.666353
vt 0.274090 0.667425
vt 0.292425 0.674678
vt 0.296481 0.677568
vt 0.272880 0.666164
vt 0.299328 0.682056
vt 0.274425 0.666979
vt 0.301608 0.686718
vt 0.276657 0.668080
vt 0.279670 0.669442
vt 0.283424 0.671049
vt 0.287805 0.672755
vt 0.277128 0.667238
vt 0.306321 0.675472
vt 0.280416 0.668140
vt 0.284499 0.669180
vt 0.289243 0.670236
vt 0.294153 0.671572
vt 0.298535 0.673644
vt 0.272986 0.665951
vt 0.303006 0.674084
vt 0.274693 0.666502
vt 0.295483 0.668465
vt 0.300589 0.668352
vt 0.273050 0.665724
vt 0.306753 0.664118
vt 0.274852 0.665990
vt 0.312198 0.661164
vt 0.277461 0.666355
vt 0.280938 0.666749
vt 0.285312 0.667230
vt 0.290322 0.667684
vt 0.281256 0.665356
vt 0.285873 0.665255
vt 0.291110 0.665077
vt 0.296616 0.664766
vt 0.301883 0.663802
vt 0.273068 0.665491
vt 0.274932 0.665468
vt 0.277611 0.665442
vt 0.297552 0.660129
vt 0.273038 0.665262
vt 0.274914 0.664945
vt 0.277629 0.664539
vt 0.281375 0.663982
vt 0.286190 0.663232
vt 0.291641 0.662450
vt 0.281309 0.662632
vt 0.286321 0.661263
vt 0.291936 0.659500
vt 0.272968 0.665039
vt 0.274773 0.664448
vt 0.277485 0.663665
vt 0.272845 0.664837
vt 0.274538 0.663984
vt 0.277188 0.662849
vt 0.281053 0.661338
vt 0.286270 0.659182
vt 0.292061 0.656520
vt 0.286115 0.657278
vt 0.292013 0.654126
vt 0.272685 0.664654
vt 0.274213 0.663560
vt 0.276723 0.662127
vt 0.280594 0.660136
vt 0.273796 0.663189
vt 0.276116 0.661481
vt 0.279953 0.659075
vt 0.285949 0.655323
vt 0.272480 0.664511
vt 0.272246 0.664396
vt 0.273269 0.662921
vt 0.275308 0.660978
vt 0.278968 0.658193
vt 0.272654 0.662746
vt 0.274275 0.660606
vt 0.276643 0.657457
vt 0.271983 0.664336
vt 0.271707 0.664327
vt 0.271948 0.662648
vt 0.272994 0.660468
vt 0.271232 0.662738
vt 0.271108 0.660486
vt 0.267580 0.658338
vt 0.271428 0.664372
vt 0.271160 0.664471
vt 0.270493 0.662955
vt 0.269722 0.660829
vt 0.268514 0.661544
vt 0.270917 0.664622
vt 0.269826 0.663350
vt 0.270702 0.664804
vt 0.269228 0.663878
vt 0.266633 0.663446
vt 0.265749 0.664685
vt 0.270551 0.665036
vt 0.268801 0.664539
vt 0.270442 0.665279
vt 0.268553 0.665157
vt 0.265494 0.665742
vt 0.260020 0.667612
vt 0.260837 0.668679
vt 0.270390 0.665531
vt 0.268473 0.665758
vt 0.265530 0.666686
vt 0.270394 0.665781
vt 0.268557 0.666326
vt 0.265820 0.667550
vt 0.261900 0.669694
vt 0.259422 0.673848
vt 0.270462 0.666018
vt 0.268749 0.666848
vt 0.266253 0.668346
vt 0.262933 0.670688
vt 0.269032 0.667318
vt 0.266880 0.669062
vt 0.264066 0.671614
vt 0.261104 0.674964
vt 0.258448 0.679157
vt 0.270567 0.666238
vt 0.262976 0.675967
vt 0.260976 0.680298
vt 0.258497 0.684881
vt 0.270722 0.666427
vt 0.269401 0.667728
vt 0.267616 0.669689
vt 0.265365 0.672439
vt 0.269867 0.668050
vt 0.268475 0.670193
vt 0.266762 0.673119
vt 0.264958 0.676785
vt 0.263701 0.681248
vt 0.262605 0.686129
vt 0.262119 0.691319
vt 0.270905 0.666587
vt 0.266509 0.681872
vt 0.266102 0.686747
vt 0.266048 0.691828
vt 0.271124 0.666703
vt 0.264690 0.696891
vt 0.270384 0.668291
vt 0.276762 0.701657
vt 0.269404 0.670581
vt 0.268271 0.673629
vt 0.267244 0.677423
vt 0.279659 0.700944
vt 0.270932 0.668458
vt 0.270413 0.670814
vt 0.269907 0.673920
vt 0.269473 0.677747
vt 0.269407 0.682162
vt 0.269748 0.686952
vt 0.271390 0.691923
vt 0.271361 0.666779
vt 0.273633 0.696712
vt 0.272388 0.682075
vt 0.274022 0.686708
vt 0.275681 0.691413
vt 0.271610 0.666810
vt 0.278057 0.695893
vt 0.271511 0.668507
vt 0.282889 0.699639
vt 0.271459 0.670874
vt 0.271532 0.673975
vt 0.271794 0.677758
vt 0.272493 0.670791
vt 0.273137 0.673786
vt 0.274078 0.677427
vt 0.275589 0.681548
vt 0.277368 0.685999
vt 0.279836 0.690374
vt 0.271861 0.666797
vt 0.284300 0.693983
vt 0.272090 0.668460
vt 0.291342 0.696071
vt 0.280945 0.684724
vt 0.284632 0.688517
vt 0.272108 0.666749
vt 0.290327 0.691409
vt 0.272655 0.668331
vt 0.295078 0.694301
vt 0.273505 0.670535
vt 0.274732 0.673340
vt 0.276399 0.676721
vt 0.278367 0.680631
vt 0.226829 0.593820
vt 0.221288 0.594370
vt 0.223844 0.592034
vt 0.225989 0.591546
vt 0.223976 0.589956
vt 0.225036 0.589652
vt 0.223719 0.588252
vt 0.224266 0.588082
vt 0.223434 0.586905
vt 0.223668 0.586830
vt 0.223180 0.585787
vt 0.219408 0.593968
vt 0.221855 0.591943
vt 0.222892 0.589993
vt 0.223147 0.588297
vt 0.223188 0.586931
vt 0.222582 0.588220
vt 0.222943 0.586906
vt 0.214923 0.594574
vt 0.217830 0.593019
vt 0.220375 0.591498
vt 0.221876 0.589793
vt 0.216508 0.591993
vt 0.219140 0.590758
vt 0.220978 0.589402
vt 0.222054 0.588032
vt 0.222707 0.586834
vt 0.213308 0.593161
vt 0.222493 0.586719
vt 0.212290 0.591698
vt 0.215476 0.590804
vt 0.218171 0.589896
vt 0.220217 0.588859
vt 0.221584 0.587749
vt 0.214693 0.589503
vt 0.217427 0.588926
vt 0.219610 0.588216
vt 0.221189 0.587390
vt 0.222307 0.586567
vt 0.203616 0.586658
vt 0.211564 0.590025
vt 0.222156 0.586385
vt 0.207387 0.587350
vt 0.210921 0.587901
vt 0.214109 0.588076
vt 0.216887 0.587877
vt 0.219155 0.587503
vt 0.220880 0.586974
vt 0.216555 0.586777
vt 0.218854 0.586746
vt 0.220661 0.586522
vt 0.222045 0.586182
vt 0.203434 0.584121
vt 0.207201 0.585110
vt 0.210663 0.585984
vt 0.213803 0.586562
vt 0.203845 0.581819
vt 0.221984 0.585962
vt 0.207399 0.582964
vt 0.210728 0.584124
vt 0.213770 0.585062
vt 0.216460 0.585656
vt 0.218731 0.585965
vt 0.220555 0.586043
vt 0.213982 0.583607
vt 0.216559 0.584560
vt 0.218755 0.585195
vt 0.220543 0.585565
vt 0.221968 0.585738
vt 0.204785 0.579201
vt 0.207973 0.580783
vt 0.211091 0.582311
vt 0.221996 0.585518
vt 0.206068 0.576071
vt 0.208883 0.578565
vt 0.211736 0.580575
vt 0.214425 0.582229
vt 0.216842 0.583516
vt 0.218916 0.584457
vt 0.220621 0.585102
vt 0.750466 0.728872
vt 0.750466 0.728893
vt 0.750461 0.728875
vt 0.204385 0.570470
vt 0.217296 0.582550
vt 0.219205 0.583770
vt 0.220784 0.584668
vt 0.750461 0.728895
vt 0.222067 0.585309
vt 0.207436 0.573678
vt 0.210038 0.576583
vt 0.212626 0.578983
vt 0.215079 0.580963
vt 0.211441 0.574925
vt 0.213737 0.577586
vt 0.215923 0.579837
vt 0.217903 0.581685
vt 0.219610 0.583152
vt 0.221024 0.584276
vt 0.222176 0.585119
vt 0.209110 0.571933
vt 0.220118 0.582619
vt 0.221333 0.583937
vt 0.222320 0.584954
vt 0.211202 0.570384
vt 0.213084 0.573533
vt 0.215040 0.576403
vt 0.216933 0.578873
vt 0.218645 0.580941
vt 0.214866 0.572399
vt 0.216493 0.575447
vt 0.218081 0.578088
vt 0.219505 0.580332
vt 0.204717 0.559068
vt 0.207399 0.559683
vt 0.220713 0.582184
vt 0.210144 0.562179
vt 0.221700 0.583661
vt 0.215787 0.562319
vt 0.222494 0.584819
vt 0.213454 0.568899
vt 0.221379 0.581858
vt 0.222114 0.583455
vt 0.212120 0.559720
vt 0.222691 0.584718
vt 0.215531 0.567868
vt 0.216700 0.571569
vt 0.218059 0.574729
vt 0.219345 0.577493
vt 0.220459 0.579873
vt 0.206314 0.555475
vt 0.210188 0.555843
vt 0.220706 0.577103
vt 0.221488 0.579566
vt 0.207501 0.553985
vt 0.222096 0.581637
vt 0.214349 0.557782
vt 0.222558 0.583316
vt 0.222904 0.584652
vt 0.217578 0.567426
vt 0.218620 0.571087
vt 0.219734 0.574273
vt 0.216896 0.556926
vt 0.223128 0.584625
vt 0.219799 0.567509
vt 0.220687 0.570953
vt 0.221525 0.574086
vt 0.222152 0.576930
vt 0.222575 0.579428
vt 0.213302 0.553416
vt 0.222851 0.581540
vt 0.223026 0.583257
vt 0.223662 0.576980
vt 0.223696 0.579466
vt 0.208561 0.552790
vt 0.223625 0.581571
vt 0.219260 0.555846
vt 0.223503 0.583281
vt 0.228005 0.567295
vt 0.223354 0.584640
vt 0.222741 0.568174
vt 0.222995 0.571140
vt 0.223438 0.574167
vt 0.223576 0.584695
vt 0.225543 0.568757
vt 0.225439 0.571565
vt 0.225441 0.574512
vt 0.225204 0.577254
vt 0.224821 0.579681
vt 0.224394 0.581732
vt 0.221573 0.554584
vt 0.223973 0.583389
vt 0.225914 0.580069
vt 0.225134 0.582021
vt 0.223883 0.554801
vt 0.224422 0.583579
vt 0.223785 0.584790
vt 0.228383 0.569545
vt 0.227983 0.572285
vt 0.227472 0.575122
vt 0.226725 0.577748
vt 0.223974 0.584922
vt 0.230630 0.573305
vt 0.229445 0.575962
vt 0.228164 0.578439
vt 0.226938 0.580622
vt 0.225822 0.582432
vt 0.223674 0.550157
vt 0.224834 0.583848
vt 0.231594 0.570684
vt 0.226432 0.582957
vt 0.225194 0.584187
vt 0.226041 0.555161
vt 0.232972 0.565439
vt 0.224136 0.585086
vt 0.234533 0.571557
vt 0.233047 0.574372
vt 0.231220 0.576951
vt 0.229455 0.579296
vt 0.227855 0.581324
vt 0.235063 0.575376
vt 0.232716 0.578038
vt 0.230557 0.580292
vt 0.228636 0.582158
vt 0.226943 0.583584
vt 0.225488 0.584590
vt 0.224264 0.585277
vt 0.229246 0.583111
vt 0.227319 0.584302
vt 0.225688 0.585046
vt 0.224346 0.585492
vt 0.236634 0.576475
vt 0.233914 0.579237
vt 0.231446 0.581413
vt 0.237806 0.577815
vt 0.234879 0.580592
vt 0.232131 0.582654
vt 0.229682 0.584165
vt 0.227559 0.585088
vt 0.225799 0.585536
vt 0.224384 0.585718
vt 0.227644 0.585924
vt 0.225810 0.586044
vt 0.224376 0.585948
vt 0.237588 0.581788
vt 0.235620 0.582091
vt 0.232592 0.584012
vt 0.229931 0.585314
vt 0.232875 0.585498
vt 0.229951 0.586541
vt 0.227551 0.586789
vt 0.225714 0.586551
vt 0.224321 0.586173
vt 0.227256 0.587652
vt 0.225506 0.587034
vt 0.224218 0.586383
vt 0.236439 0.585433
vt 0.232866 0.587049
vt 0.229671 0.587839
vt 0.236455 0.587433
vt 0.232316 0.588738
vt 0.228983 0.589257
vt 0.226734 0.588462
vt 0.225187 0.587467
vt 0.224071 0.586568
vt 0.224767 0.587824
vt 0.223885 0.586720
vt 0.230661 0.591364
vt 0.227776 0.590533
vt 0.225984 0.589150
vt 0.238811 0.609017
vt 0.242516 0.610579
vt 0.239749 0.611617
vt 0.242755 0.613119
vt 0.240991 0.613831
vt 0.243208 0.615281
vt 0.242197 0.615717
vt 0.243728 0.617032
vt 0.243183 0.617278
vt 0.244192 0.618416
vt 0.243954 0.618525
vt 0.244593 0.619569
vt 0.241759 0.607889
vt 0.240744 0.605206
vt 0.249433 0.607645
vt 0.245990 0.610250
vt 0.244640 0.612823
vt 0.244285 0.615069
vt 0.244312 0.616903
vt 0.244447 0.618356
vt 0.244906 0.616895
vt 0.244707 0.618347
vt 0.251832 0.608150
vt 0.248628 0.610652
vt 0.246398 0.612956
vt 0.245352 0.615092
vt 0.250370 0.611384
vt 0.247882 0.613418
vt 0.246344 0.615330
vt 0.245479 0.617006
vt 0.244963 0.618388
vt 0.253533 0.609182
vt 0.245203 0.618478
vt 0.254904 0.610490
vt 0.251709 0.612390
vt 0.249082 0.614110
vt 0.247217 0.615746
vt 0.246006 0.617224
vt 0.252765 0.613598
vt 0.250044 0.614980
vt 0.247953 0.616305
vt 0.246468 0.617535
vt 0.245419 0.618610
vt 0.259850 0.611257
vt 0.255953 0.612142
vt 0.245601 0.618779
vt 0.256854 0.613882
vt 0.253601 0.614992
vt 0.250796 0.615991
vt 0.248544 0.616976
vt 0.246852 0.617921
vt 0.251343 0.617112
vt 0.248984 0.617730
vt 0.247148 0.618365
vt 0.245745 0.618978
vt 0.264917 0.613659
vt 0.261142 0.614996
vt 0.257520 0.615892
vt 0.254216 0.616512
vt 0.265301 0.616575
vt 0.245839 0.619202
vt 0.261549 0.617537
vt 0.257898 0.617938
vt 0.254570 0.618127
vt 0.251666 0.618309
vt 0.249250 0.618550
vt 0.247332 0.618859
vt 0.254665 0.619786
vt 0.251776 0.619535
vt 0.249358 0.619393
vt 0.247417 0.619370
vt 0.272958 0.621259
vt 0.269247 0.621352
vt 0.245885 0.619438
vt 0.265411 0.620596
vt 0.261604 0.620302
vt 0.257973 0.620077
vt 0.245884 0.619677
vt 0.265012 0.623960
vt 0.261274 0.623077
vt 0.257720 0.622238
vt 0.254489 0.621440
vt 0.251672 0.620753
vt 0.249310 0.620231
vt 0.272359 0.625101
vt 0.247402 0.619883
vt 0.268738 0.625002
vt 0.251358 0.621926
vt 0.249111 0.621038
vt 0.270702 0.631706
vt 0.247291 0.620379
vt 0.267637 0.629136
vt 0.245837 0.619911
vt 0.264128 0.627323
vt 0.260530 0.625779
vt 0.257125 0.624337
vt 0.254041 0.623038
vt 0.259360 0.628287
vt 0.256187 0.626294
vt 0.253325 0.624528
vt 0.250843 0.623018
vt 0.248768 0.621791
vt 0.269067 0.635810
vt 0.247088 0.620843
vt 0.265990 0.632960
vt 0.245745 0.620130
vt 0.262732 0.630452
vt 0.269888 0.640917
vt 0.266916 0.638786
vt 0.248293 0.622466
vt 0.246801 0.621259
vt 0.263932 0.636019
vt 0.245611 0.620328
vt 0.260867 0.633161
vt 0.257779 0.630499
vt 0.254921 0.628039
vt 0.252357 0.625861
vt 0.250141 0.623998
vt 0.255816 0.632350
vt 0.253359 0.629519
vt 0.251164 0.627001
vt 0.249271 0.624836
vt 0.264436 0.647633
vt 0.247700 0.623043
vt 0.264133 0.641792
vt 0.246440 0.621615
vt 0.261393 0.638587
vt 0.245441 0.620498
vt 0.258546 0.635407
vt 0.247009 0.623505
vt 0.246016 0.621898
vt 0.258213 0.640682
vt 0.245241 0.620633
vt 0.255688 0.637164
vt 0.253547 0.633803
vt 0.251556 0.630701
vt 0.249781 0.627918
vt 0.248260 0.625510
vt 0.261183 0.644206
vt 0.248239 0.628594
vt 0.247138 0.626011
vt 0.230212 0.637926
vt 0.246244 0.623852
vt 0.256781 0.645623
vt 0.245549 0.622112
vt 0.254338 0.642038
vt 0.245019 0.620734
vt 0.252533 0.638380
vt 0.250987 0.634846
vt 0.249536 0.631561
vt 0.252688 0.646317
vt 0.250145 0.642594
vt 0.244781 0.620792
vt 0.248930 0.638987
vt 0.248131 0.635436
vt 0.247320 0.632069
vt 0.246566 0.628999
vt 0.245925 0.626313
vt 0.255909 0.649632
vt 0.245419 0.624059
vt 0.245045 0.622238
vt 0.244808 0.629116
vt 0.244655 0.626402
vt 0.244558 0.624118
vt 0.245008 0.645538
vt 0.244521 0.622271
vt 0.244674 0.642359
vt 0.244535 0.620806
vt 0.244974 0.638986
vt 0.245113 0.635547
vt 0.244986 0.632200
vt 0.244290 0.620774
vt 0.239875 0.641679
vt 0.241259 0.638500
vt 0.242118 0.635209
vt 0.242626 0.631955
vt 0.243023 0.628937
vt 0.243368 0.626271
vt 0.243688 0.624023
vt 0.237868 0.644639
vt 0.243995 0.622209
vt 0.242105 0.625924
vt 0.242838 0.623778
vt 0.234797 0.644033
vt 0.243484 0.622053
vt 0.236716 0.640951
vt 0.244054 0.620699
vt 0.238070 0.637714
vt 0.239257 0.634477
vt 0.240318 0.631356
vt 0.241270 0.628474
vt 0.243836 0.620581
vt 0.236527 0.633373
vt 0.238123 0.630435
vt 0.239606 0.627744
vt 0.240909 0.625371
vt 0.242037 0.623386
vt 0.243007 0.621806
vt 0.234005 0.639986
vt 0.235027 0.636552
vt 0.241314 0.622858
vt 0.242581 0.621477
vt 0.243644 0.620425
vt 0.232002 0.634933
vt 0.233931 0.631918
vt 0.236103 0.629234
vt 0.238087 0.626778
vt 0.239820 0.624629
vt 0.231504 0.630159
vt 0.234322 0.627810
vt 0.236758 0.625611
vt 0.238875 0.623720
vt 0.240695 0.622209
vt 0.242223 0.621074
vt 0.243486 0.620236
vt 0.228146 0.632354
vt 0.238124 0.622667
vt 0.240225 0.621453
vt 0.241965 0.620605
vt 0.243376 0.620018
vt 0.229649 0.628347
vt 0.232853 0.626224
vt 0.235669 0.624281
vt 0.228151 0.626390
vt 0.231702 0.624515
vt 0.234827 0.622820
vt 0.237581 0.621505
vt 0.239909 0.620622
vt 0.241803 0.620094
vt 0.243312 0.619782
vt 0.239766 0.619738
vt 0.241749 0.619559
vt 0.243298 0.619538
vt 0.230765 0.622668
vt 0.234267 0.621255
vt 0.237270 0.620252
vt 0.230264 0.620771
vt 0.234004 0.619568
vt 0.237236 0.618930
vt 0.239820 0.618828
vt 0.241811 0.619020
vt 0.243335 0.619295
vt 0.240090 0.617926
vt 0.241991 0.618499
vt 0.243423 0.619063
vt 0.230065 0.618510
vt 0.234178 0.617775
vt 0.237542 0.617563
vt 0.230596 0.616226
vt 0.235029 0.615840
vt 0.238263 0.616185
vt 0.240587 0.617072
vt 0.242288 0.618019
vt 0.243559 0.618851
vt 0.242692 0.617605
vt 0.243739 0.618669
vt 0.234327 0.612373
vt 0.237084 0.613494
vt 0.239448 0.614888
vt 0.241302 0.616318
vt 0.721934 0.841331
vt 0.665931 0.844999
vt 0.684861 0.839045
vt 0.608783 0.738444
vt 0.630514 0.737633
vt 0.619594 0.742287
vt 0.574542 0.744114
vt 0.585226 0.782599
vt 0.574542 0.831400
vt 0.651660 0.703615
vt 0.675061 0.731268
vt 0.663790 0.726742
vt 0.596493 0.824127
vt 0.607609 0.834142
vt 0.620208 0.731979
vt 0.651226 0.847907
vt 0.591197 0.757223
vt 0.586782 0.769337
vt 0.686345 0.738199
vt 0.589005 0.811584
vt 0.647309 0.724755
vt 0.631268 0.727452
vt 0.730463 0.756969
vt 0.715979 0.791901
vt 0.716042 0.781059
vt 0.710339 0.762574
vt 0.640324 0.870114
vt 0.636102 0.846912
vt 0.598738 0.746758
vt 0.696533 0.745954
vt 0.705739 0.822405
vt 0.585566 0.797342
vt 0.714136 0.803669
vt 0.621323 0.841866
vt 0.653411 0.735062
vt 0.647475 0.743291
vt 0.636982 0.744141
vt 0.661527 0.837618
vt 0.672797 0.834461
vt 0.641948 0.735254
vt 0.649325 0.838753
vt 0.636803 0.837511
vt 0.664224 0.737022
vt 0.624441 0.833657
vt 0.612914 0.827093
vt 0.674005 0.740903
vt 0.603186 0.818139
vt 0.682773 0.746379
vt 0.596155 0.807291
vt 0.706295 0.789745
vt 0.690368 0.752986
vt 0.592546 0.795294
vt 0.705655 0.796574
vt 0.696564 0.760293
vt 0.592397 0.783209
vt 0.703860 0.803361
vt 0.704003 0.775127
vt 0.701145 0.767850
vt 0.595284 0.771169
vt 0.696554 0.817005
vt 0.700865 0.810286
vt 0.705773 0.782636
vt 0.601170 0.759315
vt 0.690335 0.823637
vt 0.609614 0.749432
vt 0.682285 0.829789
vt 0.676454 0.754381
vt 0.674406 0.766570
vt 0.667860 0.748712
vt 0.651000 0.828914
vt 0.658389 0.828298
vt 0.657997 0.744878
vt 0.643387 0.828274
vt 0.635722 0.826280
vt 0.628238 0.822847
vt 0.694028 0.788450
vt 0.683363 0.761299
vt 0.621218 0.817873
vt 0.693850 0.792955
vt 0.688429 0.768850
vt 0.614897 0.811076
vt 0.692956 0.797633
vt 0.609504 0.802038
vt 0.689312 0.806751
vt 0.691437 0.802223
vt 0.691746 0.776407
vt 0.605906 0.789886
vt 0.686245 0.811465
vt 0.693472 0.783116
vt 0.606119 0.775558
vt 0.682263 0.816034
vt 0.610660 0.762981
vt 0.677430 0.820201
vt 0.618083 0.753621
vt 0.671784 0.823768
vt 0.627077 0.747491
vt 0.665384 0.826533
vt 0.679267 0.795480
vt 0.667345 0.790003
vt 0.679991 0.792846
vt 0.635131 0.817555
vt 0.643832 0.819580
vt 0.680903 0.787565
vt 0.677170 0.770609
vt 0.625428 0.812230
vt 0.680501 0.790221
vt 0.679113 0.774598
vt 0.680331 0.778333
vt 0.615915 0.801982
vt 0.678330 0.798137
vt 0.680942 0.781716
vt 0.611396 0.788742
vt 0.677136 0.800826
vt 0.681084 0.784764
vt 0.613749 0.773394
vt 0.675582 0.803592
vt 0.622622 0.761698
vt 0.673510 0.806528
vt 0.633715 0.755593
vt 0.670739 0.809658
vt 0.644179 0.753681
vt 0.667159 0.812822
vt 0.653030 0.754288
vt 0.662752 0.815723
vt 0.660232 0.756316
vt 0.657497 0.818052
vt 0.666055 0.759213
vt 0.651259 0.819490
vt 0.670732 0.762701
vt 0.652274 0.764408
vt 0.646669 0.770735
vt 0.647901 0.763174
vt 0.666525 0.778838
vt 0.665403 0.776105
vt 0.619183 0.786142
vt 0.620922 0.795062
vt 0.666687 0.792974
vt 0.667244 0.781574
vt 0.620743 0.777470
vt 0.665632 0.795926
vt 0.667612 0.784325
vt 0.625084 0.770535
vt 0.664112 0.798833
vt 0.630804 0.765986
vt 0.662056 0.801639
vt 0.636939 0.763522
vt 0.659422 0.804244
vt 0.642769 0.762742
vt 0.656234 0.806508
vt 0.652580 0.808290
vt 0.648574 0.809475
vt 0.655984 0.766182
vt 0.644295 0.809975
vt 0.659122 0.768343
vt 0.639732 0.809667
vt 0.661730 0.770781
vt 0.634811 0.808316
vt 0.667661 0.787111
vt 0.663818 0.773399
vt 0.629593 0.805550
vt 0.624582 0.801055
vt 0.652878 0.775103
vt 0.643985 0.779617
vt 0.643007 0.778869
vt 0.644960 0.802053
vt 0.647747 0.801093
vt 0.649180 0.771981
vt 0.641882 0.802499
vt 0.651248 0.773481
vt 0.638503 0.802307
vt 0.634680 0.801212
vt 0.656471 0.784987
vt 0.654105 0.776751
vt 0.630367 0.798637
vt 0.656375 0.788271
vt 0.656463 0.786629
vt 0.655002 0.778396
vt 0.626354 0.793972
vt 0.656152 0.789931
vt 0.655641 0.780043
vt 0.624354 0.787179
vt 0.655778 0.791602
vt 0.656077 0.781692
vt 0.626026 0.778975
vt 0.655232 0.793271
vt 0.656347 0.783341
vt 0.654475 0.794933
vt 0.630433 0.773385
vt 0.653442 0.796578
vt 0.635557 0.770548
vt 0.652031 0.798199
vt 0.640042 0.769670
vt 0.650138 0.799750
vt 0.643672 0.769892
vt 0.631097 0.783873
vt 0.636279 0.784864
vt 0.636151 0.785401
vt 0.635922 0.793662
vt 0.646812 0.786008
vt 0.646716 0.784788
vt 0.644829 0.780489
vt 0.634430 0.792873
vt 0.645531 0.781463
vt 0.632953 0.791602
vt 0.646751 0.787264
vt 0.646081 0.782519
vt 0.630890 0.786995
vt 0.631747 0.789808
vt 0.646524 0.788486
vt 0.646476 0.783636
vt 0.646094 0.789661
vt 0.632424 0.781085
vt 0.645489 0.790758
vt 0.634411 0.779095
vt 0.644721 0.791745
vt 0.636566 0.777937
vt 0.643805 0.792599
vt 0.638057 0.777621
vt 0.642732 0.793306
vt 0.639437 0.777616
vt 0.641532 0.793837
vt 0.640720 0.777843
vt 0.640221 0.794162
vt 0.641913 0.778269
vt 0.638840 0.794260
vt 0.637400 0.794105
vt 0.636562 0.786772
vt 0.637692 0.783893
vt 0.639785 0.785163
vt 0.639382 0.787062
vt 0.639561 0.786835
vt 0.636548 0.784394
vt 0.639158 0.787253
vt 0.636906 0.784056
vt 0.638905 0.787409
vt 0.638615 0.787515
vt 0.637304 0.783940
vt 0.638299 0.787569
vt 0.637960 0.787559
vt 0.638105 0.783875
vt 0.637609 0.787485
vt 0.638483 0.783925
vt 0.637251 0.787336
vt 0.638825 0.784033
vt 0.636896 0.787102
vt 0.639865 0.785453
vt 0.639119 0.784193
vt 0.639888 0.785746
vt 0.639365 0.784394
vt 0.636326 0.786397
vt 0.639854 0.786033
vt 0.639559 0.784629
vt 0.636171 0.785934
vt 0.639690 0.786581
vt 0.639767 0.786307
vt 0.639699 0.784888
vt 0.165026 0.400183
vt 0.169866 0.395511
vt 0.171374 0.400136
vt 0.167287 0.391775
vt 0.172608 0.411089
vt 0.170729 0.411170
vt 0.235755 0.433026
vt 0.230415 0.432624
vt 0.223756 0.433568
vt 0.163942 0.393063
vt 0.310839 0.291611
vt 0.249364 0.290870
vt 0.310114 0.286830
vt 0.381188 0.340797
vt 0.389736 0.351923
vt 0.379481 0.342457
vt 0.187485 0.000145
vt 0.311311 0.292648
vt 0.319277 0.296895
vt 0.320339 0.281534
vt 0.354699 0.397817
vt 0.460078 0.090124
vt 0.561807 0.247259
vt 0.730753 0.828430
vt 0.730753 0.703615
vt 0.740254 0.827409
vt 0.357647 0.389739
vt 0.788154 0.585749
vt 0.762931 0.559981
vt 0.787932 0.560681
vt 0.761784 0.535547
vt 0.787666 0.536815
vt 0.761836 0.512091
vt 0.787370 0.513916
vt 0.763301 0.489529
vt 0.787074 0.491722
vt 0.788665 0.670313
vt 0.788890 0.703325
vt 0.780016 0.670648
vt 0.773483 0.640618
vt 0.788496 0.640276
vt 0.768658 0.612350
vt 0.788336 0.612209
vt 0.765202 0.585533
vt 0.742344 0.585019
vt 0.737967 0.558007
vt 0.735928 0.531900
vt 0.736332 0.506773
vt 0.739516 0.482892
vt 0.771590 0.671749
vt 0.758711 0.641804
vt 0.749155 0.612936
vt 0.715987 0.471590
vt 0.763587 0.673639
vt 0.744382 0.643960
vt 0.729948 0.614199
vt 0.719600 0.584522
vt 0.712992 0.555105
vt 0.710046 0.526172
vt 0.710918 0.498096
vt 0.687972 0.551840
vt 0.684092 0.518891
vt 0.685680 0.486438
vt 0.693190 0.455656
vt 0.756221 0.676363
vt 0.730738 0.647293
vt 0.711205 0.616521
vt 0.697029 0.584553
vt 0.749716 0.679953
vt 0.718071 0.652044
vt 0.693150 0.620378
vt 0.674720 0.585778
vt 0.662861 0.548980
vt 0.657948 0.510800
vt 0.660607 0.472408
vt 0.671820 0.435836
vt 0.637588 0.547489
vt 0.631424 0.502852
vt 0.635631 0.456619
vt 0.652618 0.411979
vt 0.744301 0.684409
vt 0.706718 0.658449
vt 0.676073 0.626312
vt 0.652798 0.589005
vt 0.697080 0.666718
vt 0.660361 0.634924
vt 0.631448 0.595231
vt 0.612011 0.548682
vt 0.604089 0.496525
vt 0.610348 0.440322
vt 0.636601 0.384271
vt 0.740202 0.689692
vt 0.574845 0.494280
vt 0.583394 0.426536
vt 0.625318 0.351746
vt 0.737642 0.695715
vt 0.689652 0.677021
vt 0.646577 0.646892
vt 0.610988 0.605751
vt 0.585869 0.554465
vt 0.645493 0.056990
vt 0.695855 0.037010
vt 0.659323 0.068905
vt 0.610112 0.098248
vt 0.630622 0.108677
vt 0.585246 0.149623
vt 0.611423 0.155269
vt 0.574542 0.209834
vt 0.603781 0.207422
vt 0.583473 0.277427
vt 0.610396 0.263578
vt 0.636793 0.320004
vt 0.736217 0.007910
vt 0.787244 0.000145
vt 0.738795 0.013925
vt 0.688393 0.026733
vt 0.631084 0.200906
vt 0.635532 0.247007
vt 0.652624 0.291477
vt 0.742908 0.019195
vt 0.705517 0.045248
vt 0.675068 0.077459
vt 0.652005 0.114810
vt 0.637019 0.156325
vt 0.716885 0.051616
vt 0.692165 0.083333
vt 0.673948 0.117952
vt 0.662310 0.154719
vt 0.657608 0.192792
vt 0.660462 0.230945
vt 0.671773 0.267016
vt 0.748332 0.023635
vt 0.683781 0.184619
vt 0.685582 0.216858
vt 0.693225 0.247272
vt 0.754839 0.027204
vt 0.729556 0.056328
vt 0.710224 0.087133
vt 0.696264 0.119105
vt 0.687435 0.151777
vt 0.728956 0.089398
vt 0.718822 0.119073
vt 0.712445 0.148460
vt 0.709740 0.177325
vt 0.710840 0.205301
vt 0.716025 0.231743
vt 0.762203 0.029906
vt 0.743193 0.059620
vt 0.736197 0.196625
vt 0.739542 0.220428
vt 0.770195 0.031775
vt 0.757504 0.061735
vt 0.748136 0.090605
vt 0.741529 0.118513
vt 0.737379 0.145499
vt 0.735575 0.171562
vt 0.767596 0.091136
vt 0.764332 0.117934
vt 0.762281 0.143460
vt 0.761375 0.167855
vt 0.761667 0.191250
vt 0.763350 0.213704
vt 0.778606 0.032854
vt 0.772248 0.062883
vt 0.787193 0.189386
vt 0.787187 0.211513
vt 0.787234 0.033171
vt 0.787225 0.063191
vt 0.787217 0.091226
vt 0.787210 0.117652
vt 0.787204 0.142688
vt 0.787197 0.166525
vt 0.812124 0.143466
vt 0.813014 0.167863
vt 0.812709 0.191268
vt 0.811023 0.213750
vt 0.795862 0.032858
vt 0.802202 0.062888
vt 0.806839 0.091143
vt 0.810088 0.117941
vt 0.816946 0.061745
vt 0.826299 0.090616
vt 0.832891 0.118523
vt 0.837028 0.145505
vt 0.838818 0.171555
vt 0.838171 0.196606
vt 0.834826 0.220412
vt 0.804272 0.031782
vt 0.864684 0.177300
vt 0.863594 0.205218
vt 0.858354 0.231491
vt 0.812266 0.029916
vt 0.831258 0.059634
vt 0.845479 0.089413
vt 0.855602 0.119083
vt 0.861973 0.148459
vt 0.844896 0.056347
vt 0.864211 0.087153
vt 0.878160 0.119124
vt 0.886985 0.151795
vt 0.890645 0.184643
vt 0.888857 0.216907
vt 0.881137 0.247299
vt 0.819631 0.027216
vt 0.916773 0.192863
vt 0.913890 0.231128
vt 0.902489 0.267586
vt 0.826140 0.023650
vt 0.857569 0.051640
vt 0.882270 0.083361
vt 0.900470 0.117982
vt 0.912093 0.154758
vt 0.899367 0.077492
vt 0.922407 0.114845
vt 0.937370 0.156360
vt 0.943282 0.200939
vt 0.938837 0.247039
vt 0.921677 0.291453
vt 0.831566 0.019213
vt 0.868939 0.045276
vt 0.964092 0.263444
vt 0.937665 0.319153
vt 0.835682 0.013945
vt 0.878605 0.037043
vt 0.915113 0.068944
vt 0.943787 0.108712
vt 0.962962 0.155284
vt 0.970609 0.207394
vt 0.928947 0.057034
vt 0.964298 0.098284
vt 0.989136 0.149627
vt 0.999855 0.209782
vt 0.991013 0.277356
vt 0.948904 0.351643
vt 0.838264 0.007930
vt 0.886072 0.026769
vt 0.990849 0.425389
vt 0.970591 0.495143
vt 0.963941 0.439321
vt 0.937537 0.383352
vt 0.839974 0.694940
vt 0.837336 0.688951
vt 0.887521 0.675648
vt 0.879976 0.665431
vt 0.930001 0.645135
vt 0.916091 0.633308
vt 0.964931 0.603827
vt 0.944360 0.593500
vt 0.989400 0.552583
vt 0.963183 0.547037
vt 0.999855 0.492639
vt 0.900311 0.624830
vt 0.922943 0.587443
vt 0.937542 0.546061
vt 0.943219 0.501755
vt 0.938751 0.455993
vt 0.921814 0.411860
vt 0.833180 0.683722
vt 0.870269 0.657260
vt 0.913637 0.472235
vt 0.902774 0.436307
vt 0.827730 0.679336
vt 0.858896 0.650963
vt 0.883225 0.619017
vt 0.901001 0.584353
vt 0.912208 0.547729
vt 0.916575 0.509978
vt 0.834379 0.482696
vt 0.865431 0.525565
vt 0.863774 0.497504
vt 0.846801 0.614006
vt 0.856818 0.584222
vt 0.813796 0.673524
vt 0.832676 0.643818
vt 0.857560 0.471525
vt 0.863025 0.554647
vt 0.834017 0.584766
vt 0.837971 0.557667
vt 0.839463 0.531514
vt 0.838348 0.506433
vt 0.805763 0.671670
vt 0.818308 0.641692
vt 0.827549 0.612767
vt 0.797320 0.670609
vt 0.803515 0.640557
vt 0.808021 0.612254
vt 0.811120 0.585393
vt 0.812956 0.559808
vt 0.813567 0.535369
vt 0.812899 0.511952
vt 0.810784 0.489479
vt 0.740544 0.721201
vt 0.755243 0.703615
s 0
usemtl Material.001
f 362/1/1 12/2/1 13/3/1
f 363/4/2 13/3/2 14/5/2
f 1/6/3 7/7/3 8/8/3
f 2/9/4 8/8/4 9/10/4
f 2/9/5 10/11/5 3/12/5
f 361/13/6 10/11/6 11/14/6
f 4/15/7 11/14/7 12/2/7
f 12/2/8 19/16/8 20/17/8
f 6/18/9 5/19/9 17/20/9
f 13/3/10 20/17/10 21/21/10
f 14/5/11 21/21/11 22/22/11
f 9/10/12 8/8/12 7/7/12
f 5/19/13 60/23/13 15/24/13
f 5/19/14 15/24/14 16/25/14
f 10/11/15 19/16/15 11/14/15
f 7/26/16 28/27/16 29/28/16
f 7/26/17 29/28/17 30/29/17
f 15/24/18 60/23/18 23/30/18
f 9/31/19 7/26/19 30/29/19
f 15/24/20 24/32/20 16/25/20
f 9/10/21 31/33/21 19/16/21
f 16/25/22 25/34/22 5/19/22
f 20/17/23 31/33/23 32/35/23
f 17/20/24 25/34/24 26/36/24
f 21/21/25 32/35/25 33/37/25
f 17/20/26 27/38/26 18/39/26
f 22/22/27 33/37/27 34/40/27
f 18/39/28 28/27/28 7/26/28
f 32/35/29 43/41/29 44/42/29
f 25/34/30 38/43/30 26/36/30
f 33/37/31 44/42/31 45/44/31
f 26/36/32 39/45/32 27/38/32
f 34/40/33 45/44/33 46/46/33
f 27/38/34 40/47/34 28/27/34
f 28/27/35 41/48/35 29/28/35
f 29/28/36 42/49/36 30/29/36
f 23/30/37 60/23/37 35/50/37
f 23/30/38 36/51/38 24/32/38
f 31/33/39 30/29/39 43/41/39
f 24/32/40 37/52/40 25/34/40
f 41/48/41 54/53/41 42/49/41
f 35/50/42 60/23/42 47/54/42
f 42/49/43 55/55/43 30/29/43
f 35/50/44 48/56/44 36/51/44
f 43/41/45 55/55/45 56/57/45
f 36/51/46 49/58/46 37/52/46
f 44/42/47 56/57/47 57/59/47
f 37/52/48 50/60/48 38/43/48
f 45/44/49 57/59/49 58/61/49
f 38/43/50 51/62/50 39/45/50
f 46/46/51 58/61/51 59/63/51
f 39/45/52 52/64/52 40/47/52
f 40/47/53 53/65/53 41/48/53
f 58/61/54 71/66/54 72/67/54
f 50/60/55 65/68/55 51/62/55
f 59/63/56 72/67/56 73/69/56
f 51/62/57 66/70/57 52/64/57
f 52/64/58 67/71/58 53/65/58
f 53/65/59 68/72/59 54/53/59
f 47/54/60 60/23/60 61/73/60
f 54/53/61 69/74/61 55/55/61
f 47/54/62 62/75/62 48/56/62
f 56/57/63 69/74/63 70/76/63
f 48/56/64 63/77/64 49/58/64
f 57/59/65 70/76/65 71/66/65
f 49/58/66 64/78/66 50/60/66
f 61/73/67 60/23/67 74/79/67
f 68/72/68 82/80/68 69/74/68
f 61/73/69 75/81/69 62/75/69
f 70/76/70 82/80/70 83/82/70
f 62/75/71 76/83/71 63/77/71
f 71/66/72 83/82/72 84/84/72
f 63/77/73 77/85/73 64/78/73
f 72/67/74 84/84/74 85/86/74
f 64/78/75 78/87/75 65/68/75
f 73/69/76 85/86/76 86/88/76
f 65/68/77 79/89/77 66/70/77
f 66/70/78 80/90/78 67/71/78
f 67/71/79 81/91/79 68/72/79
f 77/85/80 91/92/80 78/87/80
f 86/88/81 98/93/81 99/94/81
f 78/87/82 92/95/82 79/89/82
f 79/89/83 93/96/83 80/90/83
f 80/90/84 94/97/84 81/91/84
f 74/79/85 60/23/85 87/98/85
f 81/91/86 95/99/86 82/80/86
f 74/79/87 88/100/87 75/81/87
f 83/82/88 95/99/88 96/101/88
f 75/81/89 89/102/89 76/83/89
f 84/84/90 96/101/90 97/103/90
f 76/83/91 90/104/91 77/85/91
f 85/86/92 97/103/92 98/93/92
f 95/99/93 107/105/93 108/106/93
f 88/100/94 100/107/94 101/108/94
f 95/99/95 109/109/95 96/101/95
f 89/102/96 101/108/96 102/110/96
f 96/101/97 110/111/97 97/103/97
f 90/104/98 102/110/98 103/112/98
f 97/103/99 111/113/99 98/93/99
f 91/92/100 103/112/100 104/114/100
f 98/93/101 112/115/101 99/94/101
f 92/95/102 104/114/102 105/116/102
f 93/96/103 105/116/103 106/117/103
f 94/97/104 106/117/104 107/105/104
f 87/98/105 60/23/105 100/107/105
f 111/113/106 125/118/106 112/115/106
f 105/116/107 117/119/107 118/120/107
f 106/117/108 118/120/108 119/121/108
f 107/105/109 119/121/109 120/122/109
f 100/107/110 60/23/110 113/123/110
f 108/106/111 120/122/111 121/124/111
f 101/108/112 113/123/112 114/125/112
f 108/106/113 122/126/113 109/109/113
f 102/110/114 114/125/114 115/127/114
f 109/109/115 123/128/115 110/111/115
f 103/112/116 115/127/116 116/129/116
f 110/111/117 124/130/117 111/113/117
f 104/114/118 116/129/118 117/119/118
f 114/125/119 126/131/119 127/132/119
f 121/124/120 135/133/120 122/126/120
f 115/127/121 127/132/121 128/134/121
f 122/126/122 136/135/122 123/128/122
f 116/129/123 128/134/123 129/136/123
f 123/128/124 137/137/124 124/130/124
f 117/119/125 129/136/125 130/138/125
f 124/130/126 138/139/126 125/118/126
f 118/120/127 130/138/127 131/140/127
f 119/121/128 131/140/128 132/141/128
f 120/122/129 132/141/129 133/142/129
f 113/123/130 60/23/130 126/131/130
f 121/124/131 133/142/131 134/143/131
f 131/140/132 143/144/132 144/145/132
f 132/141/133 131/140/133 144/145/133
f 132/141/134 145/146/134 133/142/134
f 126/131/135 60/23/135 139/147/135
f 134/143/136 145/146/136 146/148/136
f 127/132/137 139/147/137 140/149/137
f 134/143/138 147/150/138 135/133/138
f 128/134/139 140/149/139 141/151/139
f 135/133/140 148/152/140 136/135/140
f 129/136/141 141/151/141 142/153/141
f 136/135/142 149/154/142 137/137/142
f 130/138/143 142/153/143 143/144/143
f 137/137/144 150/155/144 138/139/144
f 146/148/145 156/156/145 147/150/145
f 141/151/146 152/157/146 153/158/146
f 147/150/147 157/159/147 148/152/147
f 142/153/148 153/158/148 154/160/148
f 148/152/149 158/161/149 149/154/149
f 143/144/150 154/160/150 144/145/150
f 149/154/151 159/162/151 150/155/151
f 139/147/152 60/23/152 151/163/152
f 140/149/153 151/163/153 152/157/153
f 151/163/154 60/23/154 160/164/154
f 152/157/155 160/164/155 161/165/155
f 155/166/156 166/167/156 156/156/156
f 153/158/157 161/165/157 162/168/157
f 156/156/158 167/169/158 157/159/158
f 154/160/159 162/168/159 163/170/159
f 157/159/160 168/171/160 158/161/160
f 144/145/161 154/160/161 163/170/161
f 158/161/162 169/172/162 159/162/162
f 166/167/163 177/173/163 167/169/163
f 163/170/164 162/168/164 172/174/164
f 167/169/165 178/175/165 168/171/165
f 160/164/166 60/23/166 170/176/166
f 165/177/167 174/178/167 175/179/167
f 161/165/168 170/176/168 171/180/168
f 166/167/169 175/179/169 176/181/169
f 162/168/170 171/180/170 172/174/170
f 170/176/171 60/23/171 179/182/171
f 175/179/172 183/183/172 184/184/172
f 171/180/173 179/182/173 180/185/173
f 175/179/174 185/186/174 176/181/174
f 172/174/175 180/185/175 181/187/175
f 176/181/176 186/188/176 177/173/176
f 163/170/177 181/187/177 182/189/177
f 177/173/178 187/190/178 178/175/178
f 173/191/179 174/178/179 164/192/179
f 174/178/180 173/191/180 183/183/180
f 181/187/181 192/193/181 182/189/181
f 187/190/182 196/194/182 197/195/182
f 173/196/183 182/197/183 192/198/183
f 187/190/184 198/199/184 188/200/184
f 183/183/185 173/191/185 193/201/185
f 179/182/186 60/23/186 189/202/186
f 183/183/187 194/203/187 184/184/187
f 179/182/188 190/204/188 180/185/188
f 185/186/189 194/203/189 195/205/189
f 180/185/190 191/206/190 181/187/190
f 186/188/191 195/205/191 196/194/191
f 189/202/192 60/23/192 199/207/192
f 227/208/193 203/209/193 214/210/193
f 189/202/194 200/211/194 190/204/194
f 194/203/195 205/212/195 195/205/195
f 190/204/196 201/213/196 191/206/196
f 196/194/197 205/212/197 206/214/197
f 191/206/198 202/215/198 192/193/198
f 197/195/199 206/214/199 207/216/199
f 203/209/200 192/193/200 202/215/200
f 198/199/201 207/216/201 208/217/201
f 207/216/202 217/218/202 218/219/202
f 202/215/203 213/220/203 203/209/203
f 208/217/204 218/219/204 219/221/204
f 199/207/205 60/23/205 209/222/205
f 199/207/206 210/223/206 200/211/206
f 204/224/207 216/225/207 205/212/207
f 200/211/208 211/226/208 201/213/208
f 206/214/209 216/225/209 217/218/209
f 201/213/210 212/227/210 202/215/210
f 209/222/211 60/23/211 220/228/211
f 209/222/212 221/229/212 210/223/212
f 215/230/213 229/231/213 216/225/213
f 210/223/214 222/232/214 211/226/214
f 217/218/215 229/231/215 230/233/215
f 211/226/216 223/234/216 212/227/216
f 218/219/217 230/233/217 231/235/217
f 212/227/218 224/236/218 213/220/218
f 219/221/219 231/235/219 232/237/219
f 213/220/220 225/238/220 214/210/220
f 223/234/221 237/239/221 224/236/221
f 232/237/222 244/240/222 245/241/222
f 224/236/223 238/242/223 225/238/223
f 225/238/224 239/243/224 226/244/224
f 226/244/225 240/245/225 227/208/225
f 220/228/226 60/23/226 233/246/226
f 227/208/227 241/247/227 228/248/227
f 220/228/228 234/249/228 221/229/228
f 229/231/229 241/247/229 242/250/229
f 221/229/230 235/251/230 222/232/230
f 230/233/231 242/250/231 243/252/231
f 222/232/232 236/253/232 223/234/232
f 231/235/233 243/252/233 244/240/233
f 240/245/234 254/254/234 241/247/234
f 233/246/235 247/255/235 234/249/235
f 242/250/236 254/254/236 255/256/236
f 234/249/237 248/257/237 235/251/237
f 243/252/238 255/256/238 256/258/238
f 235/251/239 249/259/239 236/253/239
f 244/240/240 256/258/240 257/260/240
f 236/253/241 250/261/241 237/239/241
f 245/241/242 257/260/242 258/262/242
f 237/239/243 251/263/243 238/242/243
f 238/242/244 252/264/244 239/243/244
f 239/243/245 253/265/245 240/245/245
f 233/246/246 60/23/246 246/266/246
f 258/262/247 270/267/247 271/268/247
f 250/261/248 264/269/248 251/263/248
f 251/263/249 265/270/249 252/264/249
f 252/264/250 266/271/250 253/265/250
f 246/266/251 60/23/251 259/272/251
f 253/265/252 267/273/252 254/254/252
f 246/266/253 260/274/253 247/255/253
f 255/256/254 267/273/254 268/275/254
f 247/255/255 261/276/255 248/257/255
f 256/258/256 268/275/256 269/277/256
f 248/257/257 262/278/257 249/259/257
f 257/260/258 269/277/258 270/267/258
f 249/259/259 263/279/259 250/261/259
f 268/275/260 280/280/260 281/281/260
f 260/274/261 274/282/261 261/276/261
f 269/277/262 281/281/262 282/283/262
f 261/276/263 275/284/263 262/278/263
f 270/267/264 282/283/264 283/285/264
f 262/278/265 276/286/265 263/279/265
f 271/268/266 283/285/266 284/287/266
f 263/279/267 277/288/267 264/269/267
f 264/269/268 278/289/268 265/270/268
f 265/270/269 279/290/269 266/271/269
f 259/272/270 60/23/270 272/291/270
f 266/271/271 280/280/271 267/273/271
f 259/272/272 273/292/272 260/274/272
f 278/289/273 290/293/273 291/294/273
f 279/290/274 291/294/274 292/295/274
f 272/291/275 60/23/275 285/296/275
f 280/280/276 292/295/276 293/297/276
f 273/292/277 285/296/277 286/298/277
f 280/280/278 294/299/278 281/281/278
f 274/282/279 286/298/279 287/300/279
f 281/281/280 295/301/280 282/283/280
f 275/284/281 287/300/281 288/302/281
f 282/283/282 296/303/282 283/285/282
f 276/286/283 288/302/283 289/304/283
f 283/285/284 297/305/284 284/287/284
f 277/288/285 289/304/285 290/293/285
f 287/300/286 299/306/286 300/307/286
f 294/299/287 308/308/287 295/301/287
f 288/302/288 300/307/288 301/309/288
f 295/301/289 309/310/289 296/303/289
f 289/304/290 301/309/290 302/311/290
f 296/303/291 310/312/291 297/305/291
f 290/293/292 302/311/292 303/313/292
f 291/294/293 303/313/293 304/314/293
f 292/295/294 304/314/294 305/315/294
f 285/296/295 60/23/295 298/316/295
f 293/297/296 305/315/296 306/317/296
f 286/298/297 298/316/297 299/306/297
f 293/297/298 307/318/298 294/299/298
f 304/314/299 316/319/299 317/320/299
f 305/315/300 317/320/300 318/321/300
f 298/316/301 60/23/301 311/322/301
f 306/317/302 318/321/302 319/323/302
f 299/306/303 311/322/303 312/324/303
f 306/317/304 320/325/304 307/318/304
f 300/307/305 312/324/305 313/326/305
f 307/318/306 321/327/306 308/308/306
f 301/309/307 313/326/307 314/328/307
f 308/308/308 322/329/308 309/310/308
f 302/311/309 314/328/309 315/330/309
f 309/310/310 323/331/310 310/312/310
f 303/313/311 315/330/311 316/319/311
f 320/325/312 334/332/312 321/327/312
f 314/328/313 326/333/313 327/334/313
f 321/327/314 335/335/314 322/329/314
f 315/330/315 327/334/315 328/336/315
f 322/329/316 336/337/316 323/331/316
f 316/319/317 328/336/317 329/338/317
f 317/320/318 329/338/318 330/339/318
f 318/321/319 330/339/319 331/340/319
f 311/322/320 60/23/320 324/341/320
f 319/323/321 331/340/321 332/342/321
f 312/324/322 324/341/322 325/343/322
f 319/323/323 333/344/323 320/325/323
f 313/326/324 325/343/324 326/333/324
f 330/339/325 340/345/325 331/340/325
f 324/341/326 60/23/326 337/346/326
f 331/340/327 341/347/327 332/342/327
f 325/343/328 337/346/328 5/19/328
f 332/342/329 342/348/329 333/344/329
f 326/333/330 325/343/330 5/19/330
f 333/344/331 343/349/331 334/332/331
f 326/333/332 338/350/332 327/334/332
f 334/332/333 344/351/333 335/335/333
f 328/336/334 338/350/334 339/352/334
f 335/335/335 345/353/335 336/337/335
f 329/338/336 328/336/336 339/352/336
f 330/339/337 329/338/337 339/352/337
f 338/350/338 5/19/338 347/354/338
f 343/349/339 352/355/339 344/351/339
f 339/352/340 338/350/340 347/354/340
f 344/351/341 353/356/341 345/353/341
f 340/357/342 339/358/342 348/359/342
f 337/346/343 60/23/343 346/360/343
f 341/347/344 348/359/344 349/361/344
f 5/19/345 337/346/345 346/360/345
f 341/347/346 350/362/346 342/348/346
f 342/348/347 351/363/347 343/349/347
f 348/359/348 339/358/348 355/364/348
f 346/360/349 60/23/349 354/365/349
f 349/361/350 355/364/350 356/366/350
f 5/19/351 346/360/351 354/365/351
f 349/361/352 357/367/352 350/362/352
f 350/362/353 358/368/353 351/363/353
f 351/363/354 359/369/354 352/355/354
f 353/356/355 352/355/355 359/369/355
f 358/368/356 362/1/356 359/369/356
f 359/369/357 363/4/357 353/356/357
f 339/358/358 7/7/358 1/6/358
f 355/364/359 1/6/359 2/9/359
f 354/365/360 60/23/360 5/19/360
f 356/366/361 2/9/361 3/12/361
f 356/366/362 361/13/362 357/367/362
f 357/367/363 4/15/363 358/368/363
f 586/370/364 366/371/364 587/372/364
f 506/373/365 587/372/365 366/371/365
f 366/371/366 365/374/366 371/375/366
f 506/373/367 366/371/367 371/375/367
f 367/376/368 373/377/368 368/378/368
f 368/378/369 374/379/369 364/380/369
f 369/381/370 374/379/370 375/382/370
f 370/383/371 369/381/371 375/382/371
f 376/384/372 1498/385/372 370/383/372
f 371/375/373 365/374/373 377/386/373
f 22/22/374 372/387/374 367/376/374
f 506/373/375 371/375/375 377/386/375
f 370/383/376 383/388/376 376/384/376
f 376/384/377 384/389/377 365/374/377
f 377/386/378 384/389/378 385/390/378
f 34/40/379 378/391/379 372/387/379
f 506/373/380 377/386/380 385/390/380
f 373/377/381 378/391/381 379/392/381
f 374/379/382 379/392/382 380/393/382
f 375/382/383 380/393/383 381/394/383
f 375/382/384 382/395/384 370/383/384
f 380/393/385 387/396/385 388/397/385
f 381/394/386 388/397/386 389/398/386
f 382/395/387 389/398/387 390/399/387
f 383/388/388 390/399/388 391/400/388
f 384/389/389 391/400/389 392/401/389
f 385/390/390 392/401/390 393/402/390
f 46/46/391 386/403/391 378/391/391
f 506/373/392 385/390/392 393/402/392
f 379/392/393 386/403/393 387/396/393
f 392/401/394 399/404/394 400/405/394
f 393/402/395 400/405/395 401/406/395
f 59/63/396 394/407/396 386/403/396
f 506/373/397 393/402/397 401/406/397
f 387/396/398 394/407/398 395/408/398
f 388/397/399 395/408/399 396/409/399
f 389/398/400 396/409/400 397/410/400
f 390/399/401 397/410/401 398/411/401
f 391/400/402 398/411/402 399/404/402
f 397/410/403 404/412/403 405/413/403
f 398/411/404 405/413/404 406/414/404
f 399/404/405 406/414/405 407/415/405
f 400/405/406 407/415/406 408/416/406
f 401/406/407 408/416/407 409/417/407
f 73/69/408 402/418/408 394/407/408
f 506/373/409 401/406/409 409/417/409
f 395/408/410 402/418/410 403/419/410
f 396/409/411 403/419/411 404/412/411
f 409/417/412 416/420/412 417/421/412
f 86/88/413 410/422/413 402/418/413
f 506/373/414 409/417/414 417/421/414
f 403/419/415 410/422/415 411/423/415
f 404/412/416 411/423/416 412/424/416
f 405/413/417 412/424/417 413/425/417
f 406/414/418 413/425/418 414/426/418
f 407/415/419 414/426/419 415/427/419
f 408/416/420 415/427/420 416/420/420
f 412/424/421 421/428/421 413/425/421
f 413/425/422 422/429/422 414/426/422
f 414/426/423 423/430/423 415/427/423
f 415/427/424 424/431/424 416/420/424
f 416/420/425 425/432/425 417/421/425
f 410/422/426 112/115/426 418/433/426
f 506/373/427 417/421/427 425/432/427
f 410/422/428 419/434/428 411/423/428
f 411/423/429 420/435/429 412/424/429
f 424/431/430 433/436/430 425/432/430
f 418/433/431 125/118/431 426/437/431
f 506/373/432 425/432/432 433/436/432
f 418/433/433 427/438/433 419/434/433
f 419/434/434 428/439/434 420/435/434
f 420/435/435 429/440/435 421/428/435
f 421/428/436 430/441/436 422/429/436
f 422/429/437 431/442/437 423/430/437
f 423/430/438 432/443/438 424/431/438
f 429/440/439 438/444/439 430/441/439
f 430/441/440 439/445/440 431/442/440
f 431/442/441 440/446/441 432/443/441
f 432/443/442 441/447/442 433/436/442
f 426/437/443 138/139/443 434/448/443
f 506/373/444 433/436/444 441/447/444
f 426/437/445 435/449/445 427/438/445
f 427/438/446 436/450/446 428/439/446
f 428/439/447 437/451/447 429/440/447
f 434/448/448 150/155/448 442/452/448
f 506/373/449 441/447/449 449/453/449
f 434/448/450 443/454/450 435/449/450
f 435/449/451 444/455/451 436/450/451
f 436/450/452 445/456/452 437/451/452
f 437/451/453 446/457/453 438/444/453
f 438/444/454 447/458/454 439/445/454
f 439/445/455 448/459/455 440/446/455
f 440/446/456 449/453/456 441/447/456
f 445/456/457 454/460/457 446/457/457
f 446/457/458 455/461/458 447/458/458
f 447/458/459 456/462/459 448/459/459
f 448/459/460 457/463/460 449/453/460
f 442/452/461 159/162/461 450/464/461
f 506/373/462 449/453/462 457/463/462
f 442/452/463 451/465/463 443/454/463
f 443/454/464 452/466/464 444/455/464
f 444/455/465 453/467/465 445/456/465
f 506/373/466 457/463/466 464/468/466
f 450/464/467 459/469/467 451/465/467
f 451/465/468 460/470/468 452/466/468
f 453/467/469 460/470/469 461/471/469
f 453/467/470 462/472/470 454/460/470
f 455/461/471 462/472/471 463/473/471
f 456/462/472 455/461/472 463/473/472
f 456/462/473 464/468/473 457/463/473
f 450/464/474 169/172/474 458/474/474
f 464/468/475 471/475/475 472/476/475
f 169/172/476 466/477/476 458/474/476
f 506/373/477 464/468/477 472/476/477
f 458/474/478 467/478/478 459/469/478
f 459/469/479 468/479/479 460/470/479
f 460/470/480 469/480/480 461/471/480
f 472/476/481 475/481/481 476/482/481
f 506/373/482 472/476/482 476/482/482
f 475/481/483 482/483/483 476/482/483
f 506/373/484 476/482/484 482/483/484
f 478/484/485 484/485/485 485/486/485
f 479/487/486 485/486/486 486/488/486
f 480/489/487 486/488/487 487/490/487
f 481/491/488 489/492/488 482/483/488
f 477/493/489 208/217/489 483/494/489
f 506/373/490 482/483/490 489/492/490
f 477/493/491 484/485/491 478/484/491
f 488/495/492 495/496/492 496/497/492
f 489/492/493 496/497/493 497/498/493
f 208/217/494 490/499/494 483/494/494
f 506/373/495 489/492/495 497/498/495
f 484/485/496 490/499/496 491/500/496
f 485/486/497 491/500/497 492/501/497
f 486/488/498 492/501/498 493/502/498
f 486/488/499 494/503/499 487/490/499
f 487/490/500 495/496/500 488/495/500
f 493/502/501 500/504/501 501/505/501
f 494/503/502 501/505/502 502/506/502
f 495/496/503 502/506/503 503/507/503
f 496/497/504 503/507/504 504/508/504
f 497/498/505 504/508/505 505/509/505
f 219/221/506 498/510/506 490/499/506
f 506/373/507 497/498/507 505/509/507
f 491/500/508 498/510/508 499/511/508
f 492/501/509 499/511/509 500/504/509
f 505/509/510 513/512/510 514/513/510
f 232/237/511 507/514/511 498/510/511
f 506/373/512 505/509/512 514/513/512
f 499/511/513 507/514/513 508/515/513
f 500/504/514 508/515/514 509/516/514
f 501/505/515 509/516/515 510/517/515
f 502/506/516 510/517/516 511/518/516
f 503/507/517 511/518/517 512/519/517
f 504/508/518 512/519/518 513/512/518
f 510/517/519 517/520/519 518/521/519
f 511/518/520 518/521/520 519/522/520
f 512/519/521 519/522/521 520/523/521
f 513/512/522 520/523/522 521/524/522
f 514/513/523 521/524/523 522/525/523
f 245/241/524 515/526/524 507/514/524
f 506/373/525 514/513/525 522/525/525
f 508/515/526 515/526/526 516/527/526
f 509/516/527 516/527/527 517/520/527
f 522/525/528 529/528/528 530/529/528
f 258/262/529 523/530/529 515/526/529
f 506/373/530 522/525/530 530/529/530
f 516/527/531 523/530/531 524/531/531
f 517/520/532 524/531/532 525/532/532
f 517/520/533 526/533/533 518/521/533
f 518/521/534 527/534/534 519/522/534
f 520/523/535 527/534/535 528/535/535
f 521/524/536 528/535/536 529/528/536
f 527/534/537 534/536/537 535/537/537
f 528/535/538 535/537/538 536/538/538
f 529/528/539 536/538/539 537/539/539
f 530/529/540 537/539/540 538/540/540
f 271/268/541 531/541/541 523/530/541
f 506/373/542 530/529/542 538/540/542
f 524/531/543 531/541/543 532/542/543
f 524/531/544 533/543/544 525/532/544
f 526/544/545 533/545/545 534/546/545
f 506/373/546 538/540/546 546/547/546
f 531/541/547 540/548/547 532/542/547
f 533/543/548 540/548/548 541/549/548
f 533/545/549 542/550/549 534/546/549
f 534/536/550 543/551/550 535/537/550
f 535/537/551 544/552/551 536/538/551
f 536/538/552 545/553/552 537/539/552
f 537/539/553 546/547/553 538/540/553
f 531/541/554 297/305/554 539/554/554
f 543/551/555 552/555/555 544/552/555
f 544/552/556 553/556/556 545/553/556
f 545/553/557 554/557/557 546/547/557
f 539/554/558 310/312/558 547/558/558
f 506/373/559 546/547/559 554/557/559
f 539/554/560 548/559/560 540/548/560
f 540/548/561 549/560/561 541/549/561
f 542/561/562 549/560/562 550/562/562
f 543/551/563 550/562/563 551/563/563
f 547/558/564 556/564/564 548/559/564
f 548/559/565 557/565/565 549/560/565
f 549/560/566 558/566/566 550/562/566
f 550/562/567 559/567/567 551/563/567
f 551/563/568 560/568/568 552/555/568
f 552/555/569 561/569/569 553/556/569
f 553/556/570 562/570/570 554/557/570
f 547/558/571 323/331/571 555/571/571
f 506/373/572 554/557/572 562/570/572
f 560/568/573 567/572/573 568/573/573
f 560/568/574 569/574/574 561/569/574
f 561/569/575 570/575/575 562/570/575
f 555/571/576 336/337/576 563/576/576
f 506/373/577 562/570/577 570/575/577
f 555/571/578 564/577/578 556/564/578
f 556/564/579 565/578/579 557/565/579
f 557/565/580 566/579/580 558/566/580
f 558/566/581 567/572/581 559/567/581
f 564/577/582 573/580/582 565/578/582
f 565/578/583 574/581/583 566/579/583
f 566/579/584 575/582/584 567/572/584
f 568/573/585 567/572/585 575/582/585
f 563/576/586 345/353/586 571/583/586
f 563/576/587 572/584/587 564/577/587
f 571/583/588 353/356/588 576/585/588
f 571/583/589 577/586/589 572/584/589
f 572/584/590 578/587/590 573/580/590
f 574/581/591 578/587/591 579/588/591
f 574/581/592 580/589/592 575/582/592
f 575/582/593 580/589/593 568/573/593
f 578/587/594 577/586/594 581/590/594
f 578/587/595 582/591/595 579/588/595
f 569/574/596 584/592/596 570/575/596
f 506/373/597 570/575/597 584/592/597
f 584/592/598 586/370/598 587/372/598
f 506/373/599 584/592/599 587/372/599
f 593/593/600 832/594/600 603/595/600
f 830/596/601 596/597/601 597/598/601
f 830/596/602 598/599/602 589/600/602
f 589/600/603 599/601/603 831/602/603
f 831/602/604 600/603/604 590/604/604
f 590/604/605 601/605/605 591/606/605
f 828/607/606 644/608/606 594/609/606
f 591/606/607 602/610/607 592/611/607
f 828/607/608 595/612/608 829/613/608
f 832/594/609 602/610/609 603/595/609
f 829/613/610 596/597/610 588/614/610
f 602/610/611 613/615/611 603/595/611
f 595/612/612 606/616/612 596/597/612
f 593/593/613 613/615/613 188/200/613
f 597/598/614 606/616/614 607/617/614
f 598/599/615 607/617/615 608/618/615
f 598/599/616 609/619/616 599/601/616
f 600/603/617 609/619/617 610/620/617
f 601/605/618 610/620/618 611/621/618
f 594/609/619 644/608/619 604/622/619
f 602/610/620 611/621/620 612/623/620
f 594/609/621 605/624/621 595/612/621
f 609/619/622 620/625/622 610/620/622
f 611/621/623 620/625/623 621/626/623
f 604/622/624 644/608/624 614/627/624
f 611/621/625 622/628/625 612/623/625
f 605/624/626 614/627/626 615/629/626
f 613/615/627 622/628/627 623/630/627
f 605/624/628 616/631/628 606/616/628
f 188/200/629 613/615/629 623/630/629
f 606/616/630 617/632/630 607/617/630
f 608/618/631 617/632/631 618/633/631
f 609/619/632 618/633/632 619/634/632
f 616/631/633 625/635/633 626/636/633
f 623/630/634 465/637/634 188/200/634
f 616/631/635 627/638/635 617/632/635
f 617/632/636 628/639/636 618/633/636
f 618/633/637 629/640/637 619/634/637
f 619/634/638 630/641/638 620/625/638
f 620/625/639 631/642/639 621/626/639
f 614/627/640 644/608/640 624/643/640
f 622/628/641 631/642/641 632/644/641
f 615/629/642 624/643/642 625/635/642
f 622/628/643 633/645/643 623/630/643
f 629/640/644 640/646/644 630/641/644
f 631/642/645 640/646/645 641/647/645
f 624/643/646 644/608/646 634/648/646
f 631/642/647 642/649/647 632/644/647
f 624/643/648 635/650/648 625/635/648
f 632/644/649 643/651/649 633/645/649
f 626/636/650 635/650/650 636/652/650
f 465/637/651 633/645/651 643/651/651
f 627/638/652 636/652/652 637/653/652
f 628/639/653 637/653/653 638/654/653
f 628/639/654 639/655/654 629/640/654
f 465/637/655 643/651/655 654/656/655
f 636/652/656 648/657/656 637/653/656
f 637/653/657 649/658/657 638/654/657
f 639/655/658 649/658/658 650/659/658
f 639/655/659 651/660/659 640/646/659
f 641/647/660 651/660/660 652/661/660
f 634/648/661 644/608/661 645/662/661
f 642/649/662 652/661/662 653/663/662
f 635/650/663 645/662/663 646/664/663
f 643/651/664 653/663/664 654/656/664
f 635/650/665 647/665/665 636/652/665
f 652/661/666 661/666/666 662/667/666
f 645/662/667 644/608/667 655/668/667
f 652/661/668 663/669/668 653/663/668
f 645/662/669 656/670/669 646/664/669
f 653/663/670 466/477/670 654/656/670
f 647/665/671 656/670/671 657/671/671
f 465/637/672 654/656/672 466/477/672
f 648/657/673 657/671/673 658/672/673
f 649/658/674 658/672/674 659/673/674
f 649/658/675 660/674/675 650/659/675
f 651/660/676 660/674/676 661/666/676
f 657/671/677 667/675/677 658/672/677
f 658/672/678 668/676/678 659/673/678
f 660/674/679 668/676/679 669/677/679
f 660/674/680 670/678/680 661/666/680
f 662/667/681 670/678/681 671/679/681
f 655/668/682 644/608/682 664/680/682
f 663/669/683 671/679/683 466/477/683
f 655/668/684 665/681/684 656/670/684
f 656/670/685 666/682/685 657/671/685
f 670/678/686 467/478/686 671/679/686
f 664/680/687 644/608/687 672/683/687
f 665/681/688 672/683/688 673/684/688
f 666/682/689 673/684/689 674/685/689
f 666/682/690 675/686/690 667/675/690
f 667/675/691 676/687/691 668/676/691
f 669/677/692 676/687/692 677/688/692
f 669/677/693 678/689/693 670/678/693
f 676/687/694 682/690/694 683/691/694
f 677/688/695 683/691/695 684/692/695
f 678/689/696 684/692/696 685/693/696
f 467/478/697 678/689/697 685/693/697
f 672/683/698 644/608/698 679/694/698
f 673/684/699 679/694/699 680/695/699
f 673/684/700 681/696/700 674/685/700
f 675/686/701 681/696/701 682/690/701
f 679/694/702 687/697/702 680/695/702
f 680/695/703 688/698/703 681/696/703
f 682/690/704 688/698/704 689/699/704
f 682/690/705 690/700/705 683/691/705
f 684/692/706 690/700/706 468/479/706
f 685/693/707 468/479/707 467/478/707
f 679/694/708 644/608/708 686/701/708
f 468/479/709 690/700/709 695/702/709
f 686/701/710 644/608/710 691/703/710
f 687/697/711 691/703/711 692/704/711
f 688/698/712 692/704/712 693/705/712
f 688/698/713 694/706/713 689/699/713
f 690/700/714 694/706/714 695/702/714
f 692/704/715 696/707/715 697/708/715
f 692/704/716 698/709/716 693/705/716
f 694/706/717 698/709/717 699/710/717
f 695/702/718 699/710/718 468/479/718
f 691/703/719 644/608/719 696/707/719
f 696/707/720 644/608/720 700/711/720
f 697/708/721 700/711/721 701/712/721
f 698/709/722 701/712/722 702/713/722
f 699/710/723 702/713/723 703/714/723
f 699/710/724 473/715/724 468/479/724
f 701/712/725 706/716/725 702/713/725
f 702/713/726 707/717/726 703/714/726
f 473/715/727 703/714/727 707/717/727
f 700/711/728 644/608/728 704/718/728
f 700/711/729 705/719/729 701/712/729
f 704/718/730 644/608/730 708/720/730
f 704/718/731 709/721/731 705/719/731
f 706/716/732 709/721/732 710/722/732
f 706/716/733 711/723/733 707/717/733
f 473/715/734 707/717/734 711/723/734
f 710/722/735 713/724/735 714/725/735
f 710/722/736 715/726/736 711/723/736
f 473/715/737 711/723/737 715/726/737
f 708/720/738 644/608/738 712/727/738
f 708/720/739 713/724/739 709/721/739
f 712/727/740 644/608/740 716/728/740
f 713/724/741 716/728/741 717/729/741
f 714/725/742 717/729/742 718/730/742
f 715/726/743 718/730/743 719/731/743
f 473/715/744 715/726/744 719/731/744
f 718/730/745 723/732/745 719/731/745
f 473/715/746 723/732/746 478/484/746
f 716/728/747 644/608/747 720/733/747
f 716/728/748 721/734/748 717/729/748
f 717/729/749 722/735/749 718/730/749
f 720/733/750 644/608/750 724/736/750
f 721/734/751 724/736/751 725/737/751
f 721/734/752 726/738/752 722/735/752
f 722/735/753 727/739/753 723/732/753
f 723/732/754 728/740/754 478/484/754
f 727/739/755 733/741/755 728/740/755
f 478/484/756 728/740/756 733/741/756
f 724/736/757 644/608/757 729/742/757
f 724/736/758 730/743/758 725/737/758
f 725/737/759 731/744/759 726/738/759
f 726/738/760 732/745/760 727/739/760
f 729/742/761 644/608/761 734/746/761
f 730/743/762 734/746/762 735/747/762
f 731/744/763 735/747/763 736/748/763
f 731/744/764 737/749/764 732/745/764
f 733/741/765 737/749/765 738/750/765
f 733/741/766 739/751/766 478/484/766
f 737/749/767 744/752/767 738/750/767
f 739/751/768 744/752/768 745/753/768
f 739/751/769 746/754/769 478/484/769
f 754/755/770 477/493/770 478/484/770
f 734/746/771 644/608/771 740/756/771
f 734/746/772 741/757/772 735/747/772
f 735/747/773 742/758/773 736/748/773
f 736/748/774 743/759/774 737/749/774
f 740/756/775 748/760/775 741/757/775
f 742/758/776 748/760/776 749/761/776
f 743/759/777 749/761/777 750/762/777
f 744/752/778 750/762/778 751/763/778
f 744/752/779 752/764/779 745/753/779
f 745/753/780 753/765/780 746/754/780
f 746/754/781 754/755/781 478/484/781
f 740/756/782 644/608/782 747/766/782
f 751/763/783 760/767/783 752/764/783
f 752/764/784 761/768/784 753/765/784
f 753/765/785 762/769/785 754/755/785
f 747/766/786 644/608/786 755/770/786
f 754/755/787 763/771/787 477/493/787
f 748/760/788 755/770/788 756/772/788
f 749/761/789 756/772/789 757/773/789
f 750/762/790 757/773/790 758/774/790
f 750/762/791 759/775/791 751/763/791
f 755/770/792 765/776/792 756/772/792
f 477/493/793 772/777/793 773/778/793
f 757/773/794 765/776/794 766/779/794
f 208/217/795 784/780/795 198/199/795
f 757/773/796 767/781/796 758/774/796
f 759/775/797 767/781/797 768/782/797
f 760/767/798 768/782/798 769/783/798
f 761/768/799 769/783/799 770/784/799
f 761/768/800 771/785/800 762/769/800
f 755/770/801 644/608/801 764/786/801
f 762/769/802 772/777/802 763/771/802
f 768/782/803 779/787/803 769/783/803
f 769/783/804 780/788/804 770/784/804
f 771/785/805 780/788/805 781/789/805
f 764/786/806 644/608/806 774/790/806
f 772/777/807 781/789/807 782/791/807
f 765/776/808 774/790/808 775/792/808
f 773/778/809 782/791/809 783/793/809
f 765/776/810 776/794/810 766/779/810
f 773/778/811 784/780/811 477/493/811
f 766/779/812 777/795/812 767/781/812
f 768/782/813 777/795/813 778/796/813
f 782/791/814 794/797/814 783/793/814
f 776/794/815 786/798/815 787/799/815
f 784/780/816 794/797/816 795/800/816
f 777/795/817 787/799/817 788/801/817
f 198/199/818 784/780/818 795/800/818
f 777/795/819 789/802/819 778/796/819
f 778/796/820 790/803/820 779/787/820
f 779/787/821 791/804/821 780/788/821
f 781/789/822 791/804/822 792/805/822
f 774/790/823 644/608/823 785/806/823
f 781/789/824 793/807/824 782/791/824
f 774/790/825 786/798/825 775/792/825
f 791/804/826 801/808/826 802/809/826
f 792/805/827 802/809/827 803/810/827
f 785/806/828 644/608/828 796/811/828
f 792/805/829 804/812/829 793/807/829
f 785/806/830 797/813/830 786/798/830
f 794/797/831 804/812/831 805/814/831
f 786/798/832 798/815/832 787/799/832
f 795/800/833 805/814/833 806/816/833
f 787/799/834 799/817/834 788/801/834
f 198/199/835 795/800/835 806/816/835
f 789/802/836 799/817/836 800/818/836
f 790/803/837 800/818/837 801/808/837
f 806/816/838 816/819/838 817/820/838
f 798/815/839 810/821/839 799/817/839
f 198/199/840 806/816/840 817/820/840
f 800/818/841 810/821/841 811/822/841
f 800/818/842 812/823/842 801/808/842
f 802/809/843 812/823/843 813/824/843
f 802/809/844 814/825/844 803/810/844
f 796/811/845 644/608/845 807/826/845
f 804/812/846 814/825/846 815/827/846
f 797/813/847 807/826/847 808/828/847
f 804/812/848 816/819/848 805/814/848
f 798/815/849 808/828/849 809/829/849
f 813/824/850 825/830/850 814/825/850
f 807/826/851 644/608/851 818/831/851
f 814/825/852 826/832/852 815/827/852
f 808/828/853 818/831/853 819/833/853
f 815/827/854 827/834/854 816/819/854
f 809/829/855 819/833/855 820/835/855
f 817/820/856 827/834/856 593/593/856
f 810/821/857 820/835/857 821/836/857
f 817/820/858 188/200/858 198/199/858
f 811/822/859 821/836/859 822/837/859
f 811/822/860 823/838/860 812/823/860
f 812/823/861 824/839/861 813/824/861
f 820/835/862 830/596/862 821/836/862
f 822/837/863 830/596/863 589/600/863
f 823/838/864 589/600/864 831/602/864
f 824/839/865 831/602/865 590/604/865
f 825/830/866 590/604/866 591/606/866
f 818/831/867 644/608/867 828/607/867
f 826/832/868 591/606/868 592/611/868
f 819/833/869 828/607/869 829/613/869
f 827/834/870 592/611/870 832/594/870
f 819/833/871 588/614/871 820/835/871
f 593/593/872 827/834/872 832/594/872
f 363/4/873 1045/840/873 847/841/873
f 833/842/874 841/843/874 1043/844/874
f 1043/844/875 842/845/875 834/846/875
f 834/846/876 843/847/876 1044/848/876
f 1044/848/877 844/849/877 835/850/877
f 835/850/878 845/851/878 836/852/878
f 1041/853/879 888/854/879 838/855/879
f 836/852/880 846/856/880 837/857/880
f 1042/858/881 838/855/881 839/859/881
f 1045/840/882 846/856/882 847/841/882
f 833/842/883 839/859/883 840/860/883
f 847/841/884 856/861/884 857/862/884
f 839/859/885 850/863/885 840/860/885
f 363/4/886 847/841/886 857/862/886
f 841/843/887 850/863/887 851/864/887
f 841/843/888 852/865/888 842/845/888
f 843/847/889 852/865/889 853/866/889
f 844/849/890 853/866/890 854/867/890
f 845/851/891 854/867/891 855/868/891
f 838/855/892 888/854/892 848/869/892
f 845/851/893 856/861/893 846/856/893
f 839/859/894 848/869/894 849/870/894
f 853/866/895 864/871/895 854/867/895
f 854/867/896 865/872/896 855/868/896
f 848/869/897 888/854/897 858/873/897
f 855/868/898 866/874/898 856/861/898
f 849/870/899 858/873/899 859/875/899
f 856/861/900 867/876/900 857/862/900
f 850/863/901 859/875/901 860/877/901
f 363/4/902 857/862/902 867/876/902
f 850/863/903 861/878/903 851/864/903
f 851/864/904 862/879/904 852/865/904
f 852/865/905 863/880/905 853/866/905
f 859/875/906 870/881/906 860/877/906
f 363/4/907 877/882/907 353/356/907
f 861/878/908 870/881/908 871/883/908
f 862/879/909 871/883/909 872/884/909
f 863/880/910 872/884/910 873/885/910
f 863/880/911 874/886/911 864/871/911
f 865/872/912 874/886/912 875/887/912
f 858/873/913 888/854/913 868/888/913
f 865/872/914 876/889/914 866/874/914
f 858/873/915 869/890/915 859/875/915
f 867/876/916 876/889/916 877/882/916
f 873/885/917 884/891/917 874/886/917
f 875/887/918 884/891/918 885/892/918
f 868/888/919 888/854/919 878/893/919
f 876/889/920 885/892/920 886/894/920
f 868/888/921 879/895/921 869/890/921
f 876/889/922 887/896/922 877/882/922
f 869/890/923 880/897/923 870/881/923
f 353/356/924 877/882/924 887/896/924
f 870/881/925 881/898/925 871/883/925
f 872/884/926 881/898/926 882/899/926
f 872/884/927 883/900/927 873/885/927
f 880/897/928 892/901/928 881/898/928
f 881/898/929 893/902/929 882/899/929
f 883/900/930 893/902/930 894/903/930
f 884/891/931 894/903/931 895/904/931
f 885/892/932 895/904/932 896/905/932
f 878/893/933 888/854/933 889/906/933
f 886/894/934 896/905/934 576/585/934
f 878/893/935 890/907/935 879/895/935
f 887/896/936 576/585/936 353/356/936
f 880/897/937 890/907/937 891/908/937
f 896/905/938 903/909/938 576/585/938
f 889/906/939 888/854/939 897/910/939
f 889/906/940 898/911/940 890/907/940
f 891/908/941 898/911/941 899/912/941
f 892/901/942 899/912/942 900/913/942
f 892/901/943 901/914/943 893/902/943
f 894/903/944 901/914/944 902/915/944
f 895/904/945 902/915/945 903/909/945
f 899/912/946 907/916/946 900/913/946
f 901/914/947 907/916/947 908/917/947
f 902/915/948 908/917/948 909/918/948
f 903/909/949 909/918/949 577/586/949
f 576/585/950 903/909/950 577/586/950
f 897/910/951 888/854/951 904/919/951
f 898/911/952 904/919/952 905/920/952
f 899/912/953 905/920/953 906/921/953
f 904/919/954 888/854/954 910/922/954
f 904/919/955 911/923/955 905/920/955
f 905/920/956 912/924/956 906/921/956
f 906/921/957 913/925/957 907/916/957
f 908/917/958 913/925/958 914/926/958
f 909/918/959 914/926/959 915/927/959
f 577/586/960 909/918/960 915/927/960
f 913/925/961 920/928/961 914/926/961
f 914/926/962 921/929/962 915/927/962
f 910/922/963 888/854/963 916/930/963
f 911/923/964 916/930/964 917/931/964
f 912/924/965 917/931/965 918/932/965
f 912/924/966 919/933/966 913/925/966
f 916/930/967 923/934/967 917/931/967
f 918/932/968 923/934/968 924/935/968
f 919/933/969 924/935/969 925/936/969
f 920/928/970 925/936/970 926/937/970
f 916/930/971 888/854/971 922/938/971
f 922/938/972 888/854/972 927/939/972
f 922/938/973 928/940/973 923/934/973
f 923/934/974 929/941/974 924/935/974
f 924/935/975 930/942/975 925/936/975
f 925/936/976 581/590/976 926/937/976
f 927/939/977 932/943/977 928/940/977
f 928/940/978 933/944/978 929/941/978
f 930/942/979 933/944/979 934/945/979
f 581/590/980 930/942/980 934/945/980
f 927/939/981 888/854/981 931/946/981
f 931/946/982 888/854/982 935/947/982
f 932/943/983 935/947/983 936/948/983
f 933/944/984 936/948/984 937/949/984
f 934/945/985 933/944/985 937/949/985
f 937/949/986 939/950/986 940/951/986
f 934/945/987 940/951/987 585/952/987
f 935/947/988 888/854/988 938/953/988
f 935/947/989 939/950/989 936/948/989
f 938/953/990 888/854/990 941/954/990
f 938/953/991 942/955/991 939/950/991
f 940/951/992 942/955/992 943/956/992
f 585/952/993 940/951/993 943/956/993
f 942/955/994 946/957/994 943/956/994
f 585/952/995 943/956/995 946/957/995
f 941/954/996 888/854/996 944/958/996
f 942/955/997 944/958/997 945/959/997
f 944/958/998 888/854/998 947/960/998
f 944/958/999 948/961/999 945/959/999
f 946/957/1000 948/961/1000 949/962/1000
f 585/952/1001 949/962/1001 364/380/1001
f 364/380/1002 949/962/1002 952/963/1002
f 947/960/1003 888/854/1003 950/964/1003
f 947/960/1004 951/965/1004 948/961/1004
f 948/961/1005 952/963/1005 949/962/1005
f 950/964/1006 888/854/1006 953/966/1006
f 951/965/1007 953/966/1007 954/967/1007
f 952/963/1008 954/967/1008 955/968/1008
f 952/963/1009 956/969/1009 364/380/1009
f 364/380/1010 956/969/1010 960/970/1010
f 953/966/1011 888/854/1011 957/971/1011
f 953/966/1012 958/972/1012 954/967/1012
f 955/968/1013 958/972/1013 959/973/1013
f 956/969/1014 959/973/1014 960/970/1014
f 957/971/1015 888/854/1015 961/974/1015
f 957/971/1016 962/975/1016 958/972/1016
f 959/973/1017 962/975/1017 963/976/1017
f 959/973/1018 964/977/1018 960/970/1018
f 364/380/1019 960/970/1019 964/977/1019
f 964/977/1020 969/978/1020 364/380/1020
f 368/378/1021 364/380/1021 969/978/1021
f 961/974/1022 888/854/1022 965/979/1022
f 961/974/1023 966/980/1023 962/975/1023
f 962/975/1024 967/981/1024 963/976/1024
f 964/977/1025 967/981/1025 968/982/1025
f 965/979/1026 971/983/1026 966/980/1026
f 967/981/1027 971/983/1027 972/984/1027
f 967/981/1028 973/985/1028 968/982/1028
f 969/978/1029 973/985/1029 974/986/1029
f 969/978/1030 975/987/1030 368/378/1030
f 965/979/1031 888/854/1031 970/988/1031
f 975/987/1032 980/989/1032 981/990/1032
f 368/378/1033 981/990/1033 982/991/1033
f 367/376/1034 368/378/1034 982/991/1034
f 970/988/1035 888/854/1035 976/992/1035
f 970/988/1036 977/993/1036 971/983/1036
f 972/984/1037 977/993/1037 978/994/1037
f 972/984/1038 979/995/1038 973/985/1038
f 973/985/1039 980/989/1039 974/986/1039
f 976/992/1040 984/996/1040 977/993/1040
f 978/994/1041 984/996/1041 985/997/1041
f 979/995/1042 985/997/1042 986/998/1042
f 980/989/1043 986/998/1043 987/999/1043
f 981/990/1044 987/999/1044 988/1000/1044
f 982/991/1045 988/1000/1045 989/1001/1045
f 982/991/1046 990/1002/1046 367/376/1046
f 976/992/1047 888/854/1047 983/1003/1047
f 987/999/1048 996/1004/1048 988/1000/1048
f 988/1000/1049 997/1005/1049 989/1001/1049
f 989/1001/1050 998/1006/1050 990/1002/1050
f 983/1003/1051 888/854/1051 991/1007/1051
f 990/1002/1052 999/1008/1052 367/376/1052
f 984/996/1053 991/1007/1053 992/1009/1053
f 22/22/1054 999/1008/1054 1000/1010/1054
f 985/997/1055 992/1009/1055 993/1011/1055
f 14/5/1056 22/22/1056 1000/1010/1056
f 985/997/1057 994/1012/1057 986/998/1057
f 987/999/1058 994/1012/1058 995/1013/1058
f 999/1008/1059 1010/1014/1059 1000/1010/1059
f 993/1011/1060 1002/1015/1060 1003/1016/1060
f 14/5/1061 1000/1010/1061 1010/1014/1061
f 994/1012/1062 1003/1016/1062 1004/1017/1062
f 994/1012/1063 1005/1018/1063 995/1013/1063
f 995/1013/1064 1006/1019/1064 996/1004/1064
f 997/1005/1065 1006/1019/1065 1007/1020/1065
f 998/1006/1066 1007/1020/1066 1008/1021/1066
f 991/1007/1067 888/854/1067 1001/1022/1067
f 998/1006/1068 1009/1023/1068 999/1008/1068
f 991/1007/1069 1002/1015/1069 992/1009/1069
f 1007/1020/1070 1016/1024/1070 1017/1025/1070
f 1007/1020/1071 1018/1026/1071 1008/1021/1071
f 1001/1022/1072 888/854/1072 1011/1027/1072
f 1008/1021/1073 1019/1028/1073 1009/1023/1073
f 1002/1015/1074 1011/1027/1074 1012/1029/1074
f 1009/1023/1075 1020/1030/1075 1010/1014/1075
f 1002/1015/1076 1013/1031/1076 1003/1016/1076
f 14/5/1077 1010/1014/1077 1020/1030/1077
f 1003/1016/1078 1014/1032/1078 1004/1017/1078
f 1004/1017/1079 1015/1033/1079 1005/1018/1079
f 1006/1019/1080 1015/1033/1080 1016/1024/1080
f 1020/1030/1081 363/4/1081 14/5/1081
f 1014/1032/1082 1023/1034/1082 1024/1035/1082
f 1015/1033/1083 1024/1035/1083 1025/1036/1083
f 1015/1033/1084 1026/1037/1084 1016/1024/1084
f 1016/1024/1085 1027/1038/1085 1017/1025/1085
f 1018/1026/1086 1027/1038/1086 1028/1039/1086
f 1011/1027/1087 888/854/1087 1021/1040/1087
f 1019/1028/1088 1028/1039/1088 1029/1041/1088
f 1012/1029/1089 1021/1040/1089 1022/1042/1089
f 1020/1030/1090 1029/1041/1090 1030/1043/1090
f 1012/1029/1091 1023/1034/1091 1013/1031/1091
f 1028/1039/1092 1037/1044/1092 1038/1045/1092
f 1021/1040/1093 888/854/1093 1031/1046/1093
f 1029/1041/1094 1038/1045/1094 1039/1047/1094
f 1021/1040/1095 1032/1048/1095 1022/1042/1095
f 1029/1041/1096 1040/1049/1096 1030/1043/1096
f 1023/1034/1097 1032/1048/1097 1033/1050/1097
f 363/4/1098 1030/1043/1098 1040/1049/1098
f 1024/1035/1099 1033/1050/1099 1034/1051/1099
f 1024/1035/1100 1035/1052/1100 1025/1036/1100
f 1025/1036/1101 1036/1053/1101 1026/1037/1101
f 1026/1037/1102 1037/1044/1102 1027/1038/1102
f 1033/1050/1103 1043/844/1103 1034/1051/1103
f 1034/1051/1104 834/846/1104 1035/1052/1104
f 1036/1053/1105 834/846/1105 1044/848/1105
f 1037/1044/1106 1044/848/1106 835/850/1106
f 1037/1044/1107 836/852/1107 1038/1045/1107
f 1031/1046/1108 888/854/1108 1041/853/1108
f 1038/1045/1109 837/857/1109 1039/1047/1109
f 1032/1048/1110 1041/853/1110 1042/858/1110
f 1040/1049/1111 837/857/1111 1045/840/1111
f 1032/1048/1112 833/842/1112 1033/1050/1112
f 363/4/1113 1040/1049/1113 1045/840/1113
f 1046/1054/1114 471/475/1114 1047/1055/1114
f 1046/1054/1115 1048/1056/1115 1284/1057/1115
f 1284/1057/1116 1049/1058/1116 1285/1059/1116
f 1285/1059/1117 1050/1060/1117 1286/1061/1117
f 1286/1061/1118 1051/1062/1118 1287/1063/1118
f 1206/1064/1119 1287/1063/1119 1051/1062/1119
f 1047/1055/1120 471/475/1120 1052/1065/1120
f 1047/1055/1121 1053/1066/1121 1048/1056/1121
f 1048/1056/1122 1054/1067/1122 1049/1058/1122
f 1049/1058/1123 1055/1068/1123 1050/1060/1123
f 1050/1060/1124 1056/1069/1124 1051/1062/1124
f 1206/1064/1125 1051/1062/1125 1056/1069/1125
f 1054/1067/1126 1061/1070/1126 1055/1068/1126
f 1055/1068/1127 1062/1071/1127 1056/1069/1127
f 1206/1064/1128 1056/1069/1128 1062/1071/1128
f 471/475/1129 463/473/1129 1057/1072/1129
f 1052/1065/1130 1057/1072/1130 1058/1073/1130
f 1052/1065/1131 1059/1074/1131 1053/1066/1131
f 1053/1066/1132 1060/1075/1132 1054/1067/1132
f 1057/1072/1133 1064/1076/1133 1058/1073/1133
f 1058/1073/1134 1065/1077/1134 1059/1074/1134
f 1059/1074/1135 1066/1078/1135 1060/1075/1135
f 1060/1075/1136 1067/1079/1136 1061/1070/1136
f 1061/1070/1137 1068/1080/1137 1062/1071/1137
f 1206/1064/1138 1062/1071/1138 1068/1080/1138
f 1057/1072/1139 463/473/1139 1063/1081/1139
f 1067/1079/1140 1074/1082/1140 1068/1080/1140
f 1206/1064/1141 1068/1080/1141 1074/1082/1141
f 1063/1081/1142 463/473/1142 1069/1083/1142
f 1063/1081/1143 1070/1084/1143 1064/1076/1143
f 1064/1076/1144 1071/1085/1144 1065/1077/1144
f 1065/1077/1145 1072/1086/1145 1066/1078/1145
f 1066/1078/1146 1073/1087/1146 1067/1079/1146
f 1069/1083/1147 1076/1088/1147 1070/1084/1147
f 1070/1084/1148 1077/1089/1148 1071/1085/1148
f 1071/1085/1149 1078/1090/1149 1072/1086/1149
f 1072/1086/1150 1079/1091/1150 1073/1087/1150
f 1073/1087/1151 1080/1092/1151 1074/1082/1151
f 1206/1064/1152 1074/1082/1152 1080/1092/1152
f 463/473/1153 462/472/1153 1081/1093/1153
f 1069/1083/1154 463/473/1154 1075/1094/1154
f 1079/1091/1155 1088/1095/1155 1080/1092/1155
f 1206/1064/1156 1080/1092/1156 1088/1095/1156
f 463/473/1157 1081/1093/1157 1082/1096/1157
f 1075/1094/1158 1082/1096/1158 1083/1097/1158
f 1075/1094/1159 1084/1098/1159 1076/1088/1159
f 1076/1088/1160 1085/1099/1160 1077/1089/1160
f 1077/1089/1161 1086/1100/1161 1078/1090/1161
f 1078/1090/1162 1087/1101/1162 1079/1091/1162
f 1084/1098/1163 1093/1102/1163 1085/1099/1163
f 1085/1099/1164 1094/1103/1164 1086/1100/1164
f 1086/1100/1165 1095/1104/1165 1087/1101/1165
f 1087/1101/1166 1096/1105/1166 1088/1095/1166
f 1081/1093/1167 462/472/1167 1089/1106/1167
f 1206/1064/1168 1088/1095/1168 1096/1105/1168
f 1081/1093/1169 1090/1107/1169 1082/1096/1169
f 1082/1096/1170 1091/1108/1170 1083/1097/1170
f 1083/1097/1171 1092/1109/1171 1084/1098/1171
f 1089/1106/1172 462/472/1172 1097/1110/1172
f 1206/1064/1173 1096/1105/1173 1104/1111/1173
f 1090/1107/1174 1097/1110/1174 1098/1112/1174
f 1091/1108/1175 1098/1112/1175 1099/1113/1175
f 1092/1109/1176 1099/1113/1176 1100/1114/1176
f 1093/1102/1177 1100/1114/1177 1101/1115/1177
f 1094/1103/1178 1101/1115/1178 1102/1116/1178
f 1095/1104/1179 1102/1116/1179 1103/1117/1179
f 1096/1105/1180 1103/1117/1180 1104/1111/1180
f 1101/1115/1181 1108/1118/1181 1109/1119/1181
f 1102/1116/1182 1109/1119/1182 1110/1120/1182
f 1103/1117/1183 1110/1120/1183 1111/1121/1183
f 1104/1111/1184 1111/1121/1184 1112/1122/1184
f 1097/1110/1185 462/472/1185 1105/1123/1185
f 1206/1064/1186 1104/1111/1186 1112/1122/1186
f 1098/1112/1187 1105/1123/1187 1106/1124/1187
f 1099/1113/1188 1106/1124/1188 1107/1125/1188
f 1100/1114/1189 1107/1125/1189 1108/1118/1189
f 1206/1064/1190 1112/1122/1190 1120/1126/1190
f 1106/1124/1191 1113/1127/1191 1114/1128/1191
f 1107/1125/1192 1114/1128/1192 1115/1129/1192
f 1108/1118/1193 1115/1129/1193 1116/1130/1193
f 1109/1119/1194 1116/1130/1194 1117/1131/1194
f 1110/1120/1195 1117/1131/1195 1118/1132/1195
f 1111/1121/1196 1118/1132/1196 1119/1133/1196
f 462/1134/1197 461/1135/1197 470/1136/1197
f 1112/1122/1198 1119/1133/1198 1120/1126/1198
f 1105/1123/1199 470/1137/1199 1113/1127/1199
f 1118/1132/1200 1125/1138/1200 1126/1139/1200
f 1119/1133/1201 1126/1139/1201 1127/1140/1201
f 470/1136/1202 461/1135/1202 469/1141/1202
f 1120/1126/1203 1127/1140/1203 1128/1142/1203
f 1113/1127/1204 470/1137/1204 1121/1143/1204
f 1206/1064/1205 1120/1126/1205 1128/1142/1205
f 1114/1128/1206 1121/1143/1206 1122/1144/1206
f 1115/1129/1207 1122/1144/1207 1123/1145/1207
f 1116/1130/1208 1123/1145/1208 1124/1146/1208
f 1117/1131/1209 1124/1146/1209 1125/1138/1209
f 1123/1145/1210 1130/1147/1210 1131/1148/1210
f 1124/1146/1211 1131/1148/1211 1132/1149/1211
f 1125/1138/1212 1132/1149/1212 1133/1150/1212
f 1126/1139/1213 1133/1150/1213 1134/1151/1213
f 1127/1140/1214 1134/1151/1214 1135/1152/1214
f 1128/1142/1215 1135/1152/1215 1136/1153/1215
f 1121/1143/1216 470/1137/1216 1129/1154/1216
f 1206/1064/1217 1128/1142/1217 1136/1153/1217
f 1122/1144/1218 1129/1154/1218 1130/1147/1218
f 1135/1152/1219 1142/1155/1219 1143/1156/1219
f 1136/1153/1220 1143/1156/1220 1144/1157/1220
f 1129/1154/1221 470/1137/1221 1137/1158/1221
f 1206/1064/1222 1136/1153/1222 1144/1157/1222
f 1130/1147/1223 1137/1158/1223 1138/1159/1223
f 1131/1148/1224 1138/1159/1224 1139/1160/1224
f 1132/1149/1225 1139/1160/1225 1140/1161/1225
f 1133/1150/1226 1140/1161/1226 1141/1162/1226
f 1134/1151/1227 1141/1162/1227 1142/1155/1227
f 1139/1160/1228 1149/1163/1228 1150/1164/1228
f 1140/1161/1229 1150/1164/1229 1151/1165/1229
f 1141/1162/1230 1151/1165/1230 1152/1166/1230
f 469/480/1231 1145/1167/1231 1146/1168/1231
f 1142/1155/1232 1152/1166/1232 1153/1169/1232
f 469/480/1233 1146/1168/1233 1147/1170/1233
f 1143/1156/1234 1153/1169/1234 1154/1171/1234
f 470/1137/1235 1147/1170/1235 474/1172/1235
f 1144/1157/1236 1154/1171/1236 1155/1173/1236
f 1137/1158/1237 474/1172/1237 1148/1174/1237
f 1206/1064/1238 1144/1157/1238 1155/1173/1238
f 1138/1159/1239 1148/1174/1239 1149/1163/1239
f 1154/1171/1240 1164/1175/1240 1165/1176/1240
f 474/1172/1241 1147/1170/1241 1158/1177/1241
f 1155/1173/1242 1165/1176/1242 1166/1178/1242
f 1148/1174/1243 474/1172/1243 1159/1179/1243
f 1206/1064/1244 1155/1173/1244 1166/1178/1244
f 1149/1163/1245 1159/1179/1245 1160/1180/1245
f 1150/1164/1246 1160/1180/1246 1161/1181/1246
f 1151/1165/1247 1161/1181/1247 1162/1182/1247
f 1152/1166/1248 1162/1182/1248 1163/1183/1248
f 1146/1168/1249 1156/1184/1249 1157/1185/1249
f 1153/1169/1250 1163/1183/1250 1164/1175/1250
f 1146/1168/1251 1158/1177/1251 1147/1170/1251
f 1161/1181/1252 1172/1186/1252 1162/1182/1252
f 1162/1182/1253 1173/1187/1253 1163/1183/1253
f 1157/1185/1254 1156/1184/1254 1167/1188/1254
f 1163/1183/1255 1174/1189/1255 1164/1175/1255
f 1158/1177/1256 1157/1185/1256 1168/1190/1256
f 1164/1175/1257 1175/1191/1257 1165/1176/1257
f 474/1172/1258 1158/1177/1258 1168/1190/1258
f 1165/1176/1259 1176/1192/1259 1166/1178/1259
f 1159/1179/1260 474/1172/1260 1169/1193/1260
f 1206/1064/1261 1166/1178/1261 1176/1192/1261
f 1159/1179/1262 1170/1194/1262 1160/1180/1262
f 1160/1180/1263 1171/1195/1263 1161/1181/1263
f 474/1172/1264 1168/1190/1264 1179/1196/1264
f 1175/1191/1265 1187/1197/1265 1176/1192/1265
f 1169/1193/1266 474/1172/1266 1180/1198/1266
f 1206/1064/1267 1176/1192/1267 1187/1197/1267
f 1169/1193/1268 1181/1199/1268 1170/1194/1268
f 1170/1194/1269 1182/1200/1269 1171/1195/1269
f 1171/1195/1270 1183/1201/1270 1172/1186/1270
f 1172/1186/1271 1184/1202/1271 1173/1187/1271
f 1167/1188/1272 1178/1203/1272 1157/1185/1272
f 1173/1187/1273 1185/1204/1273 1174/1189/1273
f 1168/1190/1274 1178/1203/1274 1179/1196/1274
f 1174/1189/1275 1186/1205/1275 1175/1191/1275
f 1182/1200/1276 1192/1206/1276 1183/1201/1276
f 1183/1201/1277 1193/1207/1277 1184/1202/1277
f 1178/1203/1278 1177/1208/1278 479/487/1278
f 1184/1202/1279 1194/1209/1279 1185/1204/1279
f 1178/1203/1280 1188/1210/1280 1179/1196/1280
f 1185/1204/1281 1195/1211/1281 1186/1205/1281
f 474/1172/1282 1188/1210/1282 480/1212/1282
f 1186/1205/1283 1196/1213/1283 1187/1197/1283
f 1180/1198/1284 480/1212/1284 1189/1214/1284
f 1206/1064/1285 1187/1197/1285 1196/1213/1285
f 1180/1198/1286 1190/1215/1286 1181/1199/1286
f 1181/1199/1287 1191/1216/1287 1182/1200/1287
f 1195/1211/1288 1205/1217/1288 1196/1213/1288
f 1189/1214/1289 480/1212/1289 1198/1218/1289
f 1206/1064/1290 1196/1213/1290 1205/1217/1290
f 1189/1214/1291 1199/1219/1291 1190/1215/1291
f 1190/1215/1292 1200/1220/1292 1191/1216/1292
f 1191/1216/1293 1201/1221/1293 1192/1206/1293
f 1192/1206/1294 1202/1222/1294 1193/1207/1294
f 1193/1207/1295 1203/1223/1295 1194/1209/1295
f 1188/1210/1296 479/487/1296 1197/1224/1296
f 1194/1209/1297 1204/1225/1297 1195/1211/1297
f 480/1212/1298 1188/1210/1298 1197/1224/1298
f 1201/1221/1299 1212/1226/1299 1202/1222/1299
f 1202/1222/1300 1213/1227/1300 1203/1223/1300
f 1197/1224/1301 479/487/1301 1207/1228/1301
f 1203/1223/1302 1214/1229/1302 1204/1225/1302
f 480/1212/1303 1197/1224/1303 1207/1228/1303
f 1204/1225/1304 1215/1230/1304 1205/1217/1304
f 1198/1218/1305 480/1212/1305 1208/1231/1305
f 1206/1064/1306 1205/1217/1306 1215/1230/1306
f 1198/1218/1307 1209/1232/1307 1199/1219/1307
f 1199/1219/1308 1210/1233/1308 1200/1220/1308
f 1200/1220/1309 1211/1234/1309 1201/1221/1309
f 1206/1064/1310 1215/1230/1310 1224/1235/1310
f 1208/1231/1311 1218/1236/1311 1209/1232/1311
f 1209/1232/1312 1219/1237/1312 1210/1233/1312
f 1210/1233/1313 1220/1238/1313 1211/1234/1313
f 1211/1234/1314 1221/1239/1314 1212/1226/1314
f 1212/1226/1315 1222/1240/1315 1213/1227/1315
f 1207/1228/1316 479/487/1316 1216/1241/1316
f 1213/1227/1317 1223/1242/1317 1214/1229/1317
f 480/1212/1318 1207/1228/1318 1216/1241/1318
f 1214/1229/1319 1224/1235/1319 1215/1230/1319
f 1208/1231/1320 480/1212/1320 1217/1243/1320
f 1221/1239/1321 1231/1244/1321 1222/1240/1321
f 1222/1240/1322 1232/1245/1322 1223/1242/1322
f 480/1212/1323 1225/1246/1323 487/1247/1323
f 1223/1242/1324 1233/1248/1324 1224/1235/1324
f 480/1212/1325 1226/1249/1325 1217/1243/1325
f 1206/1064/1326 1224/1235/1326 1233/1248/1326
f 1217/1243/1327 1227/1250/1327 1218/1236/1327
f 1218/1236/1328 1228/1251/1328 1219/1237/1328
f 1219/1237/1329 1229/1252/1329 1220/1238/1329
f 1220/1238/1330 1230/1253/1330 1221/1239/1330
f 1226/1249/1331 1234/1254/1331 1227/1250/1331
f 1227/1250/1332 1235/1255/1332 1228/1251/1332
f 1228/1251/1333 1236/1256/1333 1229/1252/1333
f 1229/1252/1334 1237/1257/1334 1230/1253/1334
f 1230/1253/1335 1238/1258/1335 1231/1244/1335
f 1231/1244/1336 1239/1259/1336 1232/1245/1336
f 1232/1245/1337 1240/1260/1337 1233/1248/1337
f 1206/1064/1338 1233/1248/1338 1240/1260/1338
f 1238/1258/1339 1244/1261/1339 1245/1262/1339
f 1239/1259/1340 1245/1262/1340 1246/1263/1340
f 1240/1260/1341 1246/1263/1341 1247/1264/1341
f 1206/1064/1342 1240/1260/1342 1247/1264/1342
f 1234/1254/1343 487/490/1343 1241/1265/1343
f 1235/1255/1344 1241/1265/1344 1242/1266/1344
f 1236/1256/1345 1242/1266/1345 1243/1267/1345
f 1237/1257/1346 1243/1267/1346 1244/1261/1346
f 1242/1266/1347 1248/1268/1347 1249/1269/1347
f 1243/1267/1348 1249/1269/1348 1250/1270/1348
f 1244/1261/1349 1250/1270/1349 1251/1271/1349
f 1245/1262/1350 1251/1271/1350 1252/1272/1350
f 1246/1263/1351 1252/1272/1351 1253/1273/1351
f 1247/1264/1352 1253/1273/1352 1254/1274/1352
f 1206/1064/1353 1247/1264/1353 1254/1274/1353
f 1241/1265/1354 487/490/1354 1248/1268/1354
f 1253/1273/1355 1259/1275/1355 1260/1276/1355
f 1254/1274/1356 1260/1276/1356 1261/1277/1356
f 1206/1064/1357 1254/1274/1357 1261/1277/1357
f 1248/1268/1358 487/490/1358 1255/1278/1358
f 1249/1269/1359 1255/1278/1359 1256/1279/1359
f 1250/1270/1360 1256/1279/1360 1257/1280/1360
f 1251/1271/1361 1257/1280/1361 1258/1281/1361
f 1252/1272/1362 1258/1281/1362 1259/1275/1362
f 1256/1279/1363 1262/1282/1363 1257/1280/1363
f 1258/1281/1364 1262/1282/1364 1263/1283/1364
f 1259/1275/1365 1263/1283/1365 1264/1284/1365
f 1260/1276/1366 1264/1284/1366 1265/1285/1366
f 1261/1277/1367 1265/1285/1367 1266/1286/1367
f 1206/1064/1368 1261/1277/1368 1266/1286/1368
f 1265/1285/1369 1270/1287/1369 1271/1288/1369
f 1266/1286/1370 1271/1288/1370 1272/1289/1370
f 1206/1064/1371 1266/1286/1371 1272/1289/1371
f 1255/1278/1372 488/495/1372 1267/1290/1372
f 1262/1282/1373 1267/1290/1373 1268/1291/1373
f 1263/1283/1374 1268/1291/1374 1269/1292/1374
f 1264/1284/1375 1269/1292/1375 1270/1287/1375
f 1268/1291/1376 1273/1293/1376 1274/1294/1376
f 1269/1292/1377 1274/1294/1377 1275/1295/1377
f 1270/1287/1378 1275/1295/1378 1276/1296/1378
f 1271/1288/1379 1276/1296/1379 1277/1297/1379
f 1272/1289/1380 1277/1297/1380 1278/1298/1380
f 1206/1064/1381 1272/1289/1381 1278/1298/1381
f 1267/1290/1382 488/495/1382 1273/1293/1382
f 1278/1298/1383 1282/1299/1383 1283/1300/1383
f 1206/1064/1384 1278/1298/1384 1283/1300/1384
f 1273/1293/1385 1279/1301/1385 1274/1294/1385
f 1275/1295/1386 1279/1301/1386 1280/1302/1386
f 1276/1296/1387 1280/1302/1387 1281/1303/1387
f 1277/1297/1388 1281/1303/1388 1282/1299/1388
f 1280/1302/1389 1046/1054/1389 1284/1057/1389
f 1281/1303/1390 1284/1057/1390 1285/1059/1390
f 1282/1299/1391 1285/1059/1391 1286/1061/1391
f 1283/1300/1392 1286/1061/1392 1287/1063/1392
f 1206/1064/1393 1283/1300/1393 1287/1063/1393
f 1279/1301/1394 475/481/1394 1046/1054/1394
f 1543/1304/1395 1290/1305/1395 1288/1306/1395
f 1288/1306/1396 1291/1307/1396 1544/1308/1396
f 1544/1308/1397 1292/1309/1397 1545/1310/1397
f 1545/1310/1398 1293/1311/1398 1546/1312/1398
f 1546/1312/1399 1294/1313/1399 1547/1314/1399
f 1461/1315/1400 1547/1314/1400 1294/1313/1400
f 586/370/1401 1289/1316/1401 1543/1304/1401
f 583/1317/1402 1295/1318/1402 1289/1316/1402
f 1289/1316/1403 1296/1319/1403 1290/1305/1403
f 1290/1305/1404 1297/1320/1404 1291/1307/1404
f 1291/1307/1405 1298/1321/1405 1292/1309/1405
f 1292/1309/1406 1299/1322/1406 1293/1311/1406
f 1293/1311/1407 1300/1323/1407 1294/1313/1407
f 1461/1315/1408 1294/1313/1408 1300/1323/1408
f 1298/1321/1409 1305/1324/1409 1299/1322/1409
f 1299/1322/1410 1306/1325/1410 1300/1323/1410
f 1461/1315/1411 1300/1323/1411 1306/1325/1411
f 1295/1318/1412 569/574/1412 1301/1326/1412
f 1295/1318/1413 1302/1327/1413 1296/1319/1413
f 1296/1319/1414 1303/1328/1414 1297/1320/1414
f 1297/1320/1415 1304/1329/1415 1298/1321/1415
f 1301/1326/1416 1308/1330/1416 1302/1327/1416
f 1302/1327/1417 1309/1331/1417 1303/1328/1417
f 1303/1328/1418 1310/1332/1418 1304/1329/1418
f 1304/1329/1419 1311/1333/1419 1305/1324/1419
f 1305/1324/1420 1312/1334/1420 1306/1325/1420
f 1461/1315/1421 1306/1325/1421 1312/1334/1421
f 569/574/1422 1307/1335/1422 1301/1326/1422
f 1311/1333/1423 1318/1336/1423 1312/1334/1423
f 1461/1315/1424 1312/1334/1424 1318/1336/1424
f 1307/1335/1425 568/573/1425 1313/1337/1425
f 1307/1335/1426 1314/1338/1426 1308/1330/1426
f 1308/1330/1427 1315/1339/1427 1309/1331/1427
f 1309/1331/1428 1316/1340/1428 1310/1332/1428
f 1310/1332/1429 1317/1341/1429 1311/1333/1429
f 1313/1337/1430 1321/1342/1430 1314/1338/1430
f 1314/1338/1431 1322/1343/1431 1315/1339/1431
f 1315/1339/1432 1323/1344/1432 1316/1340/1432
f 1316/1340/1433 1324/1345/1433 1317/1341/1433
f 1317/1341/1434 1325/1346/1434 1318/1336/1434
f 1461/1315/1435 1318/1336/1435 1325/1346/1435
f 1313/1337/1436 1319/1347/1436 1320/1348/1436
f 1324/1345/1437 1331/1349/1437 1325/1346/1437
f 1461/1315/1438 1325/1346/1438 1331/1349/1438
f 1320/1348/1439 1319/1347/1439 1326/1350/1439
f 1320/1348/1440 1327/1351/1440 1321/1342/1440
f 1321/1342/1441 1328/1352/1441 1322/1343/1441
f 1322/1343/1442 1329/1353/1442 1323/1344/1442
f 1323/1344/1443 1330/1354/1443 1324/1345/1443
f 1327/1351/1444 1336/1355/1444 1328/1352/1444
f 1328/1352/1445 1337/1356/1445 1329/1353/1445
f 1329/1353/1446 1338/1357/1446 1330/1354/1446
f 1330/1354/1447 1339/1358/1447 1331/1349/1447
f 568/573/1448 580/589/1448 1332/1359/1448
f 1461/1315/1449 1331/1349/1449 1339/1358/1449
f 1319/1347/1450 1332/1359/1450 1333/1360/1450
f 1326/1350/1451 1333/1360/1451 1334/1361/1451
f 1326/1350/1452 1335/1362/1452 1327/1351/1452
f 1332/1359/1453 580/589/1453 1340/1363/1453
f 1461/1315/1454 1339/1358/1454 1347/1364/1454
f 1333/1360/1455 1340/1363/1455 1341/1365/1455
f 1334/1361/1456 1341/1365/1456 1342/1366/1456
f 1335/1362/1457 1342/1366/1457 1343/1367/1457
f 1336/1355/1458 1343/1367/1458 1344/1368/1458
f 1337/1356/1459 1344/1368/1459 1345/1369/1459
f 1338/1357/1460 1345/1369/1460 1346/1370/1460
f 1339/1358/1461 1346/1370/1461 1347/1364/1461
f 1344/1368/1462 1353/1371/1462 1354/1372/1462
f 1345/1369/1463 1354/1372/1463 1355/1373/1463
f 1346/1370/1464 1355/1373/1464 1356/1374/1464
f 580/589/1465 1348/1375/1465 1349/1376/1465
f 1347/1364/1466 1356/1374/1466 1357/1377/1466
f 1340/1363/1467 1349/1376/1467 1350/1378/1467
f 1461/1315/1468 1347/1364/1468 1357/1377/1468
f 1341/1365/1469 1350/1378/1469 1351/1379/1469
f 1342/1366/1470 1351/1379/1470 1352/1380/1470
f 1343/1367/1471 1352/1380/1471 1353/1371/1471
f 1461/1315/1472 1357/1377/1472 1367/1381/1472
f 1351/1379/1473 1360/1382/1473 1361/1383/1473
f 1352/1380/1474 1361/1383/1474 1362/1384/1474
f 1353/1371/1475 1362/1384/1475 1363/1385/1475
f 1354/1372/1476 1363/1385/1476 1364/1386/1476
f 1355/1373/1477 1364/1386/1477 1365/1387/1477
f 1348/1375/1478 579/588/1478 1358/1388/1478
f 1356/1374/1479 1365/1387/1479 1366/1389/1479
f 1348/1375/1480 1359/1390/1480 1349/1376/1480
f 1357/1377/1481 1366/1389/1481 1367/1381/1481
f 1349/1376/1482 1360/1382/1482 1350/1378/1482
f 1365/1387/1483 1374/1391/1483 1375/1392/1483
f 579/588/1484 1368/1393/1484 1358/1388/1484
f 1366/1389/1485 1375/1392/1485 1376/1394/1485
f 1358/1388/1486 1369/1395/1486 1359/1390/1486
f 1367/1381/1487 1376/1394/1487 1377/1396/1487
f 1359/1390/1488 1370/1397/1488 1360/1382/1488
f 1461/1315/1489 1367/1381/1489 1377/1396/1489
f 1361/1383/1490 1370/1397/1490 1371/1398/1490
f 1362/1384/1491 1371/1398/1491 1372/1399/1491
f 1363/1385/1492 1372/1399/1492 1373/1400/1492
f 1364/1386/1493 1373/1400/1493 1374/1391/1493
f 1372/1399/1494 1381/1401/1494 1382/1402/1494
f 1373/1400/1495 1382/1402/1495 1383/1403/1495
f 1374/1391/1496 1383/1403/1496 1384/1404/1496
f 1375/1392/1497 1384/1404/1497 1385/1405/1497
f 1368/1393/1498 582/591/1498 1378/1406/1498
f 1376/1394/1499 1385/1405/1499 1386/1407/1499
f 1368/1393/1500 1379/1408/1500 1369/1395/1500
f 1377/1396/1501 1386/1407/1501 1387/1409/1501
f 1369/1395/1502 1380/1410/1502 1370/1397/1502
f 1461/1315/1503 1377/1396/1503 1387/1409/1503
f 1371/1398/1504 1380/1410/1504 1381/1401/1504
f 1378/1406/1505 1388/1411/1505 1389/1412/1505
f 1386/1407/1506 1396/1413/1506 1397/1414/1506
f 1378/1406/1507 1390/1415/1507 1379/1408/1507
f 1387/1409/1508 1397/1414/1508 1398/1416/1508
f 1379/1408/1509 1391/1417/1509 1380/1410/1509
f 1461/1315/1510 1387/1409/1510 1398/1416/1510
f 1381/1401/1511 1391/1417/1511 1392/1418/1511
f 1382/1402/1512 1392/1418/1512 1393/1419/1512
f 1383/1403/1513 1393/1419/1513 1394/1420/1513
f 1384/1404/1514 1394/1420/1514 1395/1421/1514
f 579/588/1515 1348/1375/1515 580/589/1515
f 1385/1405/1516 1395/1421/1516 1396/1413/1516
f 1393/1419/1517 1403/1422/1517 1404/1423/1517
f 1394/1420/1518 1404/1423/1518 1405/1424/1518
f 1395/1421/1519 1405/1424/1519 1406/1425/1519
f 582/591/1520 1399/1426/1520 1388/1411/1520
f 1396/1413/1521 1406/1425/1521 1407/1427/1521
f 1388/1411/1522 1400/1428/1522 1389/1412/1522
f 1397/1414/1523 1407/1427/1523 1408/1429/1523
f 1389/1412/1524 1401/1430/1524 1390/1415/1524
f 1398/1416/1525 1408/1429/1525 1409/1431/1525
f 1390/1415/1526 1402/1432/1526 1391/1417/1526
f 1461/1315/1527 1398/1416/1527 1409/1431/1527
f 1392/1418/1528 1402/1432/1528 1403/1422/1528
f 1408/1429/1529 1417/1433/1529 1418/1434/1529
f 1400/1428/1530 1411/1435/1530 1401/1430/1530
f 1409/1431/1531 1418/1434/1531 1419/1436/1531
f 1401/1430/1532 1412/1437/1532 1402/1432/1532
f 1461/1315/1533 1409/1431/1533 1419/1436/1533
f 1403/1422/1534 1412/1437/1534 1413/1438/1534
f 1404/1423/1535 1413/1438/1535 1414/1439/1535
f 1405/1424/1536 1414/1439/1536 1415/1440/1536
f 1406/1425/1537 1415/1440/1537 1416/1441/1537
f 1407/1427/1538 1416/1441/1538 1417/1433/1538
f 1400/1428/1539 1399/1426/1539 1410/1442/1539
f 1414/1439/1540 1425/1443/1540 1415/1440/1540
f 1415/1440/1541 1426/1444/1541 1416/1441/1541
f 370/383/1542 1481/1445/1542 369/381/1542
f 1416/1441/1543 1427/1446/1543 1417/1433/1543
f 1410/1442/1544 1399/1426/1544 1420/1447/1544
f 1417/1433/1545 1428/1448/1545 1418/1434/1545
f 1411/1435/1546 1420/1447/1546 1421/1449/1546
f 1418/1434/1547 1429/1450/1547 1419/1436/1547
f 1412/1437/1548 1421/1449/1548 1422/1451/1548
f 1461/1315/1549 1419/1436/1549 1429/1450/1549
f 1412/1437/1550 1423/1452/1550 1413/1438/1550
f 1413/1438/1551 1424/1453/1551 1414/1439/1551
f 1421/1449/1552 1431/1454/1552 1432/1455/1552
f 1428/1448/1553 1440/1456/1553 1429/1450/1553
f 1422/1451/1554 1432/1455/1554 1433/1457/1554
f 1461/1315/1555 1429/1450/1555 1440/1456/1555
f 1422/1451/1556 1434/1458/1556 1423/1452/1556
f 1423/1452/1557 1435/1459/1557 1424/1453/1557
f 1424/1453/1558 1436/1460/1558 1425/1443/1558
f 1425/1443/1559 1437/1461/1559 1426/1444/1559
f 1399/1426/1560 585/952/1560 1430/1462/1560
f 1426/1444/1561 1438/1463/1561 1427/1446/1561
f 1420/1447/1562 1430/1462/1562 1431/1454/1562
f 1427/1446/1563 1439/1464/1563 1428/1448/1563
f 1435/1459/1564 1446/1465/1564 1436/1460/1564
f 1436/1460/1565 1447/1466/1565 1437/1461/1565
f 1430/1462/1566 585/952/1566 369/381/1566
f 1437/1461/1567 1448/1467/1567 1438/1463/1567
f 1430/1462/1568 1441/1468/1568 1431/1454/1568
f 1438/1463/1569 1449/1469/1569 1439/1464/1569
f 1432/1455/1570 1441/1468/1570 1442/1470/1570
f 1439/1464/1571 1450/1471/1571 1440/1456/1571
f 1433/1457/1572 1442/1470/1572 1443/1472/1572
f 1461/1315/1573 1440/1456/1573 1450/1471/1573
f 1433/1457/1574 1444/1473/1574 1434/1458/1574
f 1434/1458/1575 1445/1474/1575 1435/1459/1575
f 1449/1469/1576 1460/1475/1576 1450/1471/1576
f 1443/1472/1577 1452/1476/1577 1453/1477/1577
f 1461/1315/1578 1450/1471/1578 1460/1475/1578
f 1443/1472/1579 1454/1478/1579 1444/1473/1579
f 1444/1473/1580 1455/1479/1580 1445/1474/1580
f 1445/1474/1581 1456/1480/1581 1446/1465/1581
f 1446/1465/1582 1457/1481/1582 1447/1466/1582
f 1447/1466/1583 1458/1482/1583 1448/1467/1583
f 1441/1468/1584 369/381/1584 1451/1483/1584
f 1448/1467/1585 1459/1484/1585 1449/1469/1585
f 1442/1470/1586 1451/1483/1586 1452/1476/1586
f 1456/1480/1587 1468/1485/1587 1457/1481/1587
f 1457/1481/1588 1469/1486/1588 1458/1482/1588
f 1451/1483/1589 369/381/1589 1462/1487/1589
f 1458/1482/1590 1470/1488/1590 1459/1484/1590
f 1452/1476/1591 1462/1487/1591 1463/1489/1591
f 1459/1484/1592 1471/1490/1592 1460/1475/1592
f 1453/1477/1593 1463/1489/1593 1464/1491/1593
f 1461/1315/1594 1460/1475/1594 1471/1490/1594
f 1453/1477/1595 1465/1492/1595 1454/1478/1595
f 1454/1478/1596 1466/1493/1596 1455/1479/1596
f 1455/1479/1597 1467/1494/1597 1456/1480/1597
f 1461/1315/1598 1471/1490/1598 1480/1495/1598
f 1464/1491/1599 1474/1496/1599 1465/1492/1599
f 1465/1492/1600 1475/1497/1600 1466/1493/1600
f 1466/1493/1601 1476/1498/1601 1467/1494/1601
f 1467/1494/1602 1477/1499/1602 1468/1485/1602
f 1468/1485/1603 1478/1500/1603 1469/1486/1603
f 581/590/1604 585/952/1604 582/591/1604
f 1469/1486/1605 1479/1501/1605 1470/1488/1605
f 1462/1487/1606 1472/1502/1606 1463/1489/1606
f 1470/1488/1607 1480/1495/1607 1471/1490/1607
f 1464/1491/1608 1472/1502/1608 1473/1503/1608
f 1477/1499/1609 1487/1504/1609 1478/1500/1609
f 1478/1500/1610 1488/1505/1610 1479/1501/1610
f 1472/1502/1611 369/381/1611 1481/1445/1611
f 1479/1501/1612 1489/1506/1612 1480/1495/1612
f 1473/1503/1613 1481/1445/1613 1482/1507/1613
f 1461/1315/1614 1480/1495/1614 1489/1506/1614
f 1473/1503/1615 1483/1508/1615 1474/1496/1615
f 1474/1496/1616 1484/1509/1616 1475/1497/1616
f 1475/1497/1617 1485/1510/1617 1476/1498/1617
f 1476/1498/1618 1486/1511/1618 1477/1499/1618
f 1482/1507/1619 1491/1512/1619 1483/1508/1619
f 1483/1508/1620 1492/1513/1620 1484/1509/1620
f 1484/1509/1621 1493/1514/1621 1485/1510/1621
f 1485/1510/1622 1494/1515/1622 1486/1511/1622
f 1486/1511/1623 1495/1516/1623 1487/1504/1623
f 1487/1504/1624 1496/1517/1624 1488/1505/1624
f 1488/1505/1625 1497/1518/1625 1489/1506/1625
f 1481/1445/1626 1490/1519/1626 1482/1507/1626
f 1461/1315/1627 1489/1506/1627 1497/1518/1627
f 1495/1516/1628 1502/1520/1628 1503/1521/1628
f 1496/1517/1629 1503/1521/1629 1504/1522/1629
f 1497/1518/1630 1504/1522/1630 1505/1523/1630
f 1490/1519/1631 370/383/1631 1498/385/1631
f 1461/1315/1632 1497/1518/1632 1505/1523/1632
f 1491/1512/1633 1498/385/1633 1499/1524/1633
f 1492/1513/1634 1499/1524/1634 1500/1525/1634
f 1493/1514/1635 1500/1525/1635 1501/1526/1635
f 1494/1515/1636 1501/1526/1636 1502/1520/1636
f 1500/1525/1637 1506/1527/1637 1507/1528/1637
f 1501/1526/1638 1507/1528/1638 1508/1529/1638
f 1502/1520/1639 1508/1529/1639 1509/1530/1639
f 1503/1521/1640 1509/1530/1640 1510/1531/1640
f 1504/1522/1641 1510/1531/1641 1511/1532/1641
f 1505/1523/1642 1511/1532/1642 1512/1533/1642
f 1461/1315/1643 1505/1523/1643 1512/1533/1643
f 1498/385/1644 1506/1527/1644 1499/1524/1644
f 1511/1532/1645 1516/1534/1645 1517/1535/1645
f 1512/1533/1646 1517/1535/1646 1518/1536/1646
f 1461/1315/1647 1512/1533/1647 1518/1536/1647
f 1506/1527/1648 1513/1537/1648 1507/1528/1648
f 1508/1529/1649 1513/1537/1649 1514/1538/1649
f 1509/1530/1650 1514/1538/1650 1515/1539/1650
f 1510/1531/1651 1515/1539/1651 1516/1534/1651
f 1513/1537/1652 376/384/1652 1519/1540/1652
f 1514/1538/1653 1519/1540/1653 1520/1541/1653
f 1515/1539/1654 1520/1541/1654 1521/1542/1654
f 1516/1534/1655 1521/1542/1655 1522/1543/1655
f 1517/1535/1656 1522/1543/1656 1523/1544/1656
f 1518/1536/1657 1523/1544/1657 1524/1545/1657
f 1461/1315/1658 1518/1536/1658 1524/1545/1658
f 1523/1544/1659 1528/1546/1659 1529/1547/1659
f 1524/1545/1660 1529/1547/1660 1530/1548/1660
f 1461/1315/1661 1524/1545/1661 1530/1548/1661
f 1519/1540/1662 376/384/1662 1525/1549/1662
f 1520/1541/1663 1525/1549/1663 1526/1550/1663
f 1521/1542/1664 1526/1550/1664 1527/1551/1664
f 1522/1543/1665 1527/1551/1665 1528/1546/1665
f 1526/1550/1666 1531/1552/1666 1532/1553/1666
f 1527/1551/1667 1532/1553/1667 1533/1554/1667
f 1528/1546/1668 1533/1554/1668 1534/1555/1668
f 1529/1547/1669 1534/1555/1669 1535/1556/1669
f 1530/1548/1670 1535/1556/1670 1536/1557/1670
f 1461/1315/1671 1530/1548/1671 1536/1557/1671
f 1525/1549/1672 365/374/1672 1531/1552/1672
f 1536/1557/1673 1541/1558/1673 1542/1559/1673
f 1461/1315/1674 1536/1557/1674 1542/1559/1674
f 1531/1552/1675 365/374/1675 1537/1560/1675
f 1532/1553/1676 1537/1560/1676 1538/1561/1676
f 1533/1554/1677 1538/1561/1677 1539/1562/1677
f 1534/1555/1678 1539/1562/1678 1540/1563/1678
f 1535/1556/1679 1540/1563/1679 1541/1558/1679
f 1539/1562/1680 1288/1306/1680 1544/1308/1680
f 1540/1563/1681 1544/1308/1681 1545/1310/1681
f 1541/1558/1682 1545/1310/1682 1546/1312/1682
f 1542/1559/1683 1546/1312/1683 1547/1314/1683
f 1461/1315/1684 1542/1559/1684 1547/1314/1684
f 1537/1560/1685 586/370/1685 1543/1304/1685
f 1538/1561/1686 1543/1304/1686 1288/1306/1686
f 542/1564/1687 1553/1565/1687 1552/1566/1687
f 1565/1567/1688 1595/1568/1688 1594/1569/1688
f 525/1570/1689 1561/1571/1689 526/1572/1689
f 533/1573/1690 1570/1574/1690 1569/1575/1690
f 526/1572/1691 1558/1576/1691 1557/1577/1691
f 533/1573/1692 1566/1578/1692 525/1570/1692
f 542/1564/1693 1554/1579/1693 1553/1565/1693
f 525/1570/1694 1563/1580/1694 1562/1581/1694
f 533/1573/1695 1571/1582/1695 1570/1574/1695
f 526/1572/1696 1559/1583/1696 1558/1576/1696
f 533/1573/1697 1568/1584/1697 1567/1585/1697
f 541/1586/1698 1549/1587/1698 1548/1588/1698
f 541/1586/1699 1548/1588/1699 1573/1589/1699
f 534/1590/1700 1555/1591/1700 1554/1579/1700
f 525/1570/1701 1564/1592/1701 1563/1580/1701
f 541/1586/1702 1572/1593/1702 1571/1582/1702
f 542/1564/1703 1552/1566/1703 1551/1594/1703
f 526/1572/1704 1560/1595/1704 1559/1583/1704
f 541/1586/1705 1550/1596/1705 1549/1587/1705
f 534/1590/1706 1556/1597/1706 1555/1591/1706
f 525/1570/1707 1565/1567/1707 1564/1592/1707
f 541/1586/1708 1573/1589/1708 1572/1593/1708
f 526/1572/1709 1561/1571/1709 1560/1595/1709
f 533/1573/1710 1569/1575/1710 1568/1584/1710
f 542/1564/1711 1551/1594/1711 1550/1596/1711
f 526/1572/1712 1556/1597/1712 534/1590/1712
f 525/1570/1713 1566/1578/1713 1565/1567/1713
f 1597/1598/1714 1630/1599/1714 1629/1600/1714
f 1552/1566/1715 1582/1601/1715 1581/1602/1715
f 1566/1578/1716 1596/1603/1716 1595/1568/1716
f 1553/1565/1717 1583/1604/1717 1582/1601/1717
f 1567/1585/1718 1597/1598/1718 1596/1603/1718
f 1554/1579/1719 1584/1605/1719 1583/1604/1719
f 1568/1584/1720 1598/1606/1720 1597/1598/1720
f 1555/1591/1721 1585/1607/1721 1584/1605/1721
f 1569/1575/1722 1598/1606/1722 1568/1584/1722
f 1556/1597/1723 1586/1608/1723 1585/1607/1723
f 1570/1574/1724 1599/1609/1724 1569/1575/1724
f 1557/1577/1725 1587/1610/1725 1586/1608/1725
f 1571/1582/1726 1600/1611/1726 1570/1574/1726
f 1558/1576/1727 1588/1612/1727 1587/1610/1727
f 1549/1587/1728 1574/1613/1728 1548/1588/1728
f 1572/1593/1729 1601/1614/1729 1571/1582/1729
f 1559/1583/1730 1589/1615/1730 1588/1612/1730
f 1550/1596/1731 1575/1616/1731 1549/1587/1731
f 1573/1589/1732 1602/1617/1732 1572/1593/1732
f 1560/1595/1733 1590/1618/1733 1589/1615/1733
f 1551/1594/1734 1576/1619/1734 1550/1596/1734
f 1573/1589/1735 1604/1620/1735 1603/1621/1735
f 1561/1571/1736 1591/1622/1736 1590/1618/1736
f 1551/1594/1737 1578/1623/1737 1577/1624/1737
f 1573/1589/1738 1605/1625/1738 1604/1620/1738
f 1562/1581/1739 1592/1626/1739 1591/1622/1739
f 1551/1594/1740 1579/1627/1740 1578/1623/1740
f 1548/1588/1741 1605/1625/1741 1573/1589/1741
f 1563/1580/1742 1593/1628/1742 1592/1626/1742
f 1552/1566/1743 1579/1627/1743 1551/1594/1743
f 1564/1592/1744 1594/1569/1744 1593/1628/1744
f 1552/1566/1745 1581/1602/1745 1580/1629/1745
f 1633/1630/1746 1664/1631/1746 1632/1632/1746
f 1584/1605/1747 1617/1633/1747 1616/1634/1747
f 1598/1606/1748 1631/1635/1748 1630/1599/1748
f 1585/1607/1749 1618/1636/1749 1617/1633/1749
f 1599/1609/1750 1632/1632/1750 1631/1635/1750
f 1586/1608/1751 1619/1637/1751 1618/1636/1751
f 1600/1611/1752 1633/1630/1752 1632/1632/1752
f 1587/1610/1753 1620/1638/1753 1619/1637/1753
f 1575/1616/1754 1606/1639/1754 1574/1613/1754
f 1601/1614/1755 1634/1640/1755 1633/1630/1755
f 1588/1612/1756 1621/1641/1756 1620/1638/1756
f 1576/1619/1757 1607/1642/1757 1575/1616/1757
f 1602/1617/1758 1635/1643/1758 1634/1640/1758
f 1589/1615/1759 1622/1644/1759 1621/1641/1759
f 1577/1624/1760 1608/1645/1760 1576/1619/1760
f 1604/1620/1761 1635/1643/1761 1603/1621/1761
f 1590/1618/1762 1623/1646/1762 1622/1644/1762
f 1577/1624/1763 1610/1647/1763 1609/1648/1763
f 1605/1625/1764 1636/1649/1764 1604/1620/1764
f 1591/1622/1765 1624/1650/1765 1623/1646/1765
f 1578/1623/1766 1611/1651/1766 1610/1647/1766
f 1574/1613/1767 1637/1652/1767 1605/1625/1767
f 1592/1626/1768 1625/1653/1768 1624/1650/1768
f 1579/1627/1769 1612/1654/1769 1611/1651/1769
f 1593/1628/1770 1626/1655/1770 1625/1653/1770
f 1580/1629/1771 1613/1656/1771 1612/1654/1771
f 1594/1569/1772 1627/1657/1772 1626/1655/1772
f 1581/1602/1773 1614/1658/1773 1613/1656/1773
f 1595/1568/1774 1628/1659/1774 1627/1657/1774
f 1582/1601/1775 1615/1660/1775 1614/1658/1775
f 1596/1603/1776 1629/1600/1776 1628/1659/1776
f 1583/1604/1777 1616/1634/1777 1615/1660/1777
f 1641/1661/1778 1672/1662/1778 1640/1663/1778
f 1619/1637/1779 1652/1664/1779 1651/1665/1779
f 1607/1642/1780 1638/1666/1780 1606/1639/1780
f 1634/1640/1781 1665/1667/1781 1633/1630/1781
f 1620/1638/1782 1653/1668/1782 1652/1664/1782
f 1607/1642/1783 1640/1663/1783 1639/1669/1783
f 1635/1643/1784 1666/1670/1784 1634/1640/1784
f 1622/1644/1785 1653/1668/1785 1621/1641/1785
f 1608/1645/1786 1641/1661/1786 1640/1663/1786
f 1636/1649/1787 1667/1671/1787 1635/1643/1787
f 1623/1646/1788 1654/1672/1788 1622/1644/1788
f 1609/1648/1789 1642/1673/1789 1641/1661/1789
f 1637/1652/1790 1668/1674/1790 1636/1649/1790
f 1624/1650/1791 1655/1675/1791 1623/1646/1791
f 1610/1647/1792 1643/1676/1792 1642/1673/1792
f 1606/1639/1793 1669/1677/1793 1637/1652/1793
f 1625/1653/1794 1656/1678/1794 1624/1650/1794
f 1611/1651/1795 1644/1679/1795 1643/1676/1795
f 1626/1655/1796 1657/1680/1796 1625/1653/1796
f 1612/1654/1797 1645/1681/1797 1644/1679/1797
f 1627/1657/1798 1658/1682/1798 1626/1655/1798
f 1613/1656/1799 1646/1683/1799 1645/1681/1799
f 1628/1659/1800 1659/1684/1800 1627/1657/1800
f 1614/1658/1801 1647/1685/1801 1646/1683/1801
f 1629/1600/1802 1660/1686/1802 1628/1659/1802
f 1615/1660/1803 1648/1687/1803 1647/1685/1803
f 1630/1599/1804 1661/1688/1804 1629/1600/1804
f 1616/1634/1805 1649/1689/1805 1648/1687/1805
f 1631/1635/1806 1662/1690/1806 1630/1599/1806
f 1617/1633/1807 1650/1691/1807 1649/1689/1807
f 1632/1632/1808 1663/1692/1808 1631/1635/1808
f 1618/1636/1809 1651/1665/1809 1650/1691/1809
f 1694/1693/1810 1725/1694/1810 1693/1695/1810
f 1667/1671/1811 1700/1696/1811 1699/1697/1811
f 1654/1672/1812 1687/1698/1812 1686/1699/1812
f 1642/1673/1813 1673/1700/1813 1641/1661/1813
f 1668/1674/1814 1701/1701/1814 1700/1696/1814
f 1655/1675/1815 1688/1702/1815 1687/1698/1815
f 1643/1676/1816 1674/1703/1816 1642/1673/1816
f 1669/1677/1817 1670/1704/1817 1701/1701/1817
f 1656/1678/1818 1689/1705/1818 1688/1702/1818
f 1644/1679/1819 1675/1706/1819 1643/1676/1819
f 1657/1680/1820 1690/1707/1820 1689/1705/1820
f 1645/1681/1821 1676/1708/1821 1644/1679/1821
f 1658/1682/1822 1691/1709/1822 1690/1707/1822
f 1646/1683/1823 1677/1710/1823 1645/1681/1823
f 1659/1684/1824 1692/1711/1824 1691/1709/1824
f 1647/1685/1825 1678/1712/1825 1646/1683/1825
f 1660/1686/1826 1693/1695/1826 1692/1711/1826
f 1648/1687/1827 1679/1713/1827 1647/1685/1827
f 1661/1688/1828 1694/1693/1828 1693/1695/1828
f 1649/1689/1829 1680/1714/1829 1648/1687/1829
f 1662/1690/1830 1695/1715/1830 1694/1693/1830
f 1650/1691/1831 1681/1716/1831 1649/1689/1831
f 1663/1692/1832 1696/1717/1832 1695/1715/1832
f 1651/1665/1833 1682/1718/1833 1650/1691/1833
f 1664/1631/1834 1697/1719/1834 1696/1717/1834
f 1652/1664/1835 1683/1720/1835 1651/1665/1835
f 1638/1666/1836 1671/1721/1836 1670/1704/1836
f 1665/1667/1837 1698/1722/1837 1697/1719/1837
f 1653/1668/1838 1684/1723/1838 1652/1664/1838
f 1639/1669/1839 1672/1662/1839 1671/1721/1839
f 1666/1670/1840 1699/1697/1840 1698/1722/1840
f 1654/1672/1841 1685/1724/1841 1653/1668/1841
f 1728/1725/1842 1761/1726/1842 1760/1727/1842
f 1680/1714/1843 1713/1728/1843 1712/1729/1843
f 1695/1715/1844 1726/1730/1844 1694/1693/1844
f 1681/1716/1845 1714/1731/1845 1713/1728/1845
f 1696/1717/1846 1727/1732/1846 1695/1715/1846
f 1682/1718/1847 1715/1733/1847 1714/1731/1847
f 1697/1719/1848 1728/1725/1848 1696/1717/1848
f 1683/1720/1849 1716/1734/1849 1715/1733/1849
f 1671/1721/1850 1702/1735/1850 1670/1704/1850
f 1698/1722/1851 1729/1736/1851 1697/1719/1851
f 1684/1723/1852 1717/1737/1852 1716/1734/1852
f 1671/1721/1853 1704/1738/1853 1703/1739/1853
f 1699/1697/1854 1730/1740/1854 1698/1722/1854
f 1685/1724/1855 1718/1741/1855 1717/1737/1855
f 1672/1662/1856 1705/1742/1856 1704/1738/1856
f 1700/1696/1857 1731/1743/1857 1699/1697/1857
f 1686/1699/1858 1719/1744/1858 1718/1741/1858
f 1673/1700/1859 1706/1745/1859 1705/1742/1859
f 1701/1701/1860 1732/1746/1860 1700/1696/1860
f 1687/1698/1861 1720/1747/1861 1719/1744/1861
f 1674/1703/1862 1707/1748/1862 1706/1745/1862
f 1670/1704/1863 1733/1749/1863 1701/1701/1863
f 1689/1705/1864 1720/1747/1864 1688/1702/1864
f 1675/1706/1865 1708/1750/1865 1707/1748/1865
f 1690/1707/1866 1721/1751/1866 1689/1705/1866
f 1676/1708/1867 1709/1752/1867 1708/1750/1867
f 1691/1709/1868 1722/1753/1868 1690/1707/1868
f 1677/1710/1869 1710/1754/1869 1709/1752/1869
f 1692/1711/1870 1723/1755/1870 1691/1709/1870
f 1678/1712/1871 1711/1756/1871 1710/1754/1871
f 1693/1695/1872 1724/1757/1872 1692/1711/1872
f 1679/1713/1873 1712/1729/1873 1711/1756/1873
f 1752/1758/1874 1785/1759/1874 1784/1760/1874
f 1716/1734/1875 1747/1761/1875 1715/1733/1875
f 1702/1735/1876 1735/1762/1876 1734/1763/1876
f 1729/1736/1877 1762/1764/1877 1761/1726/1877
f 1717/1737/1878 1748/1765/1878 1716/1734/1878
f 1704/1738/1879 1735/1762/1879 1703/1739/1879
f 1730/1740/1880 1763/1766/1880 1762/1764/1880
f 1718/1741/1881 1749/1767/1881 1717/1737/1881
f 1705/1742/1882 1736/1768/1882 1704/1738/1882
f 1731/1743/1883 1764/1769/1883 1763/1766/1883
f 1718/1741/1884 1751/1770/1884 1750/1771/1884
f 1706/1745/1885 1737/1772/1885 1705/1742/1885
f 1732/1746/1886 1765/1773/1886 1764/1769/1886
f 1719/1744/1887 1752/1758/1887 1751/1770/1887
f 1707/1748/1888 1738/1774/1888 1706/1745/1888
f 1733/1749/1889 1734/1763/1889 1765/1773/1889
f 1720/1747/1890 1753/1775/1890 1752/1758/1890
f 1708/1750/1891 1739/1776/1891 1707/1748/1891
f 1721/1751/1892 1754/1777/1892 1753/1775/1892
f 1709/1752/1893 1740/1778/1893 1708/1750/1893
f 1722/1753/1894 1755/1779/1894 1754/1777/1894
f 1710/1754/1895 1741/1780/1895 1709/1752/1895
f 1723/1755/1896 1756/1781/1896 1755/1779/1896
f 1711/1756/1897 1742/1782/1897 1710/1754/1897
f 1724/1757/1898 1757/1783/1898 1756/1781/1898
f 1712/1729/1899 1743/1784/1899 1711/1756/1899
f 1725/1694/1900 1758/1785/1900 1757/1783/1900
f 1713/1728/1901 1744/1786/1901 1712/1729/1901
f 1726/1730/1902 1759/1787/1902 1758/1785/1902
f 1714/1731/1903 1745/1788/1903 1713/1728/1903
f 1727/1732/1904 1760/1727/1904 1759/1787/1904
f 1715/1733/1905 1746/1789/1905 1714/1731/1905
f 1781/1790/1906 1789/1791/1906 1797/1792/1906
f 1739/1776/1907 1772/1793/1907 1771/1794/1907
f 1753/1775/1908 1786/1795/1908 1785/1759/1908
f 1740/1778/1909 1773/1796/1909 1772/1793/1909
f 1754/1777/1910 1787/1797/1910 1786/1795/1910
f 1741/1780/1911 1774/1798/1911 1773/1796/1911
f 1756/1781/1912 1787/1797/1912 1755/1779/1912
f 1742/1782/1913 1775/1799/1913 1774/1798/1913
f 1757/1783/1914 1788/1800/1914 1756/1781/1914
f 1743/1784/1915 1776/1801/1915 1775/1799/1915
f 1758/1785/1916 1789/1791/1916 1757/1783/1916
f 1744/1786/1917 1777/1802/1917 1776/1801/1917
f 1759/1787/1918 1790/1803/1918 1758/1785/1918
f 1745/1788/1919 1778/1804/1919 1777/1802/1919
f 1760/1727/1920 1791/1805/1920 1759/1787/1920
f 1746/1789/1921 1779/1806/1921 1778/1804/1921
f 1761/1726/1922 1792/1807/1922 1760/1727/1922
f 1747/1761/1923 1780/1808/1923 1779/1806/1923
f 1735/1762/1924 1766/1809/1924 1734/1763/1924
f 1762/1764/1925 1793/1810/1925 1761/1726/1925
f 1748/1765/1926 1781/1790/1926 1780/1808/1926
f 1736/1768/1927 1767/1811/1927 1735/1762/1927
f 1763/1766/1928 1794/1812/1928 1762/1764/1928
f 1749/1767/1929 1782/1813/1929 1781/1790/1929
f 1737/1772/1930 1768/1814/1930 1736/1768/1930
f 1764/1769/1931 1795/1815/1931 1763/1766/1931
f 1750/1771/1932 1783/1816/1932 1782/1813/1932
f 1737/1772/1933 1770/1817/1933 1769/1818/1933
f 1765/1773/1934 1796/1819/1934 1764/1769/1934
f 1751/1770/1935 1784/1760/1935 1783/1816/1935
f 1738/1774/1936 1771/1794/1936 1770/1817/1936
f 1734/1763/1937 1797/1792/1937 1765/1773/1937
f 214/210/1938 203/209/1938 213/220/1938
f 1801/1820/1939 1803/1821/1939 1800/1822/1939
f 215/230/1940 227/208/1940 228/248/1940
f 1805/1823/1941 182/189/1941 192/193/1941
f 1806/1824/1942 173/191/1942 1807/1825/1942
f 1804/1826/1943 192/193/1943 227/208/1943
f 1800/1822/1944 1799/1827/1944 1798/1828/1944
f 204/224/1945 1804/1826/1945 215/230/1945
f 1802/1829/1945 1805/1823/1945 1803/1821/1945
f 1806/1824/1946 1801/1820/1946 1800/1822/1946
f 1803/1821/1945 1804/1826/1945 1799/1827/1945
f 226/244/1947 214/210/1947 225/238/1947
f 1811/1830/1948 360/1831/1948 1810/1832/1948
f 1812/1833/1949 1813/1834/1949 1814/1835/1949
f 1810/1832/1950 18/39/1950 1815/1836/1950
f 1811/1837/1951 339/352/1951 347/354/1951
f 1808/1838/1952 1810/1832/1952 1809/1839/1952
f 7/7/1953 1813/1834/1953 1812/1833/1953
f 1813/1834/1954 339/358/1954 1814/1835/1954
f 1808/1838/1955 331/1840/1955 1811/1837/1955
f 339/358/1956 1813/1834/1956 7/7/1956
f 466/477/1957 671/679/1957 467/478/1957
f 168/171/1958 187/190/1958 465/637/1958
f 581/590/1959 934/945/1959 585/952/1959
f 921/929/1960 926/937/1960 581/590/1960
f 585/952/1961 364/380/1961 369/381/1961
f 473/715/1962 1177/1208/1962 1167/1188/1962
f 481/491/1963 1273/1293/1963 488/495/1963
f 1809/1839/1964 30/1841/1964 9/1842/1964
f 7/7/1965 1809/1839/1965 9/1842/1965
f 1812/1833/1966 1808/1838/1966 1809/1839/1966
f 1812/1833/1967 1809/1839/1967 7/7/1967
f 360/1831/1968 5/19/1968 6/18/1968
f 18/39/1969 6/18/1969 17/20/1969
f 1811/1843/1970 5/1844/1970 1810/1845/1970
f 340/1846/1971 1814/1835/1971 339/358/1971
f 193/201/1972 1798/1828/1972 204/224/1972
f 173/191/1973 1806/1824/1973 193/201/1973
f 144/145/1974 146/148/1974 145/146/1974
f 144/145/1975 182/189/1975 1802/1829/1975
f 146/148/1976 1801/1820/1976 155/166/1976
f 164/192/1977 1801/1820/1977 173/191/1977
f 165/177/1978 155/166/1978 164/192/1978
f 2063/1847/1979 1824/1848/1979 1817/1849/1979
f 1817/1849/1980 1825/1850/1980 2064/1851/1980
f 2064/1851/1981 1826/1852/1981 1818/1853/1981
f 1818/1853/1982 1827/1854/1982 1819/1855/1982
f 2061/1856/1983 1860/1857/1983 1820/1858/1983
f 2061/1856/1984 1821/1859/1984 2062/1860/1984
f 2062/1860/1985 1822/1861/1985 1816/1862/1985
f 1816/1862/1986 1823/1863/1986 2063/1847/1986
f 1822/1861/1987 1831/1864/1987 1823/1863/1987
f 1823/1863/1988 1832/1865/1988 1824/1848/1988
f 1824/1848/1989 1833/1866/1989 1825/1850/1989
f 1825/1850/1990 1834/1867/1990 1826/1852/1990
f 1826/1852/1991 1835/1868/1991 1827/1854/1991
f 1820/1858/1992 1860/1857/1992 1828/1869/1992
f 1820/1858/1993 1829/1870/1993 1821/1859/1993
f 1821/1859/1994 1830/1871/1994 1822/1861/1994
f 1834/1867/1995 1843/1872/1995 1835/1868/1995
f 1828/1869/1996 1860/1857/1996 1836/1873/1996
f 1828/1869/1997 1837/1874/1997 1829/1870/1997
f 1829/1870/1998 1838/1875/1998 1830/1871/1998
f 1830/1871/1999 1839/1876/1999 1831/1864/1999
f 1831/1864/2000 1840/1877/2000 1832/1865/2000
f 1832/1865/2001 1841/1878/2001 1833/1866/2001
f 1833/1866/2002 1842/1879/2002 1834/1867/2002
f 1839/1876/2003 1848/1880/2003 1840/1877/2003
f 1840/1877/2004 1849/1881/2004 1841/1878/2004
f 1841/1878/2005 1850/1882/2005 1842/1879/2005
f 1842/1879/2006 1851/1883/2006 1843/1872/2006
f 1836/1873/2007 1860/1857/2007 1844/1884/2007
f 1836/1873/2008 1845/1885/2008 1837/1874/2008
f 1837/1874/2009 1846/1886/2009 1838/1875/2009
f 1838/1875/2010 1847/1887/2010 1839/1876/2010
f 1844/1884/2011 1860/1857/2011 1852/1888/2011
f 1844/1884/2012 1853/1889/2012 1845/1885/2012
f 1845/1885/2013 1854/1890/2013 1846/1886/2013
f 1846/1886/2014 1855/1891/2014 1847/1887/2014
f 1847/1887/2015 1856/1892/2015 1848/1880/2015
f 1848/1880/2016 1857/1893/2016 1849/1881/2016
f 1849/1881/2017 1858/1894/2017 1850/1882/2017
f 1850/1882/2018 1859/1895/2018 1851/1883/2018
f 1855/1891/2019 1865/1896/2019 1856/1892/2019
f 1856/1892/2020 1866/1897/2020 1857/1893/2020
f 1857/1893/2021 1867/1898/2021 1858/1894/2021
f 1858/1894/2022 1868/1899/2022 1859/1895/2022
f 1852/1888/2023 1860/1857/2023 1861/1900/2023
f 1852/1888/2024 1862/1901/2024 1853/1889/2024
f 1853/1889/2025 1863/1902/2025 1854/1890/2025
f 1854/1890/2026 1864/1903/2026 1855/1891/2026
f 1861/1900/2027 1870/1904/2027 1862/1901/2027
f 1862/1901/2028 1871/1905/2028 1863/1902/2028
f 1863/1902/2029 1872/1906/2029 1864/1903/2029
f 1864/1903/2030 1873/1907/2030 1865/1896/2030
f 1865/1896/2031 1874/1908/2031 1866/1897/2031
f 1866/1897/2032 1875/1909/2032 1867/1898/2032
f 1867/1898/2033 1876/1910/2033 1868/1899/2033
f 1861/1900/2034 1860/1857/2034 1869/1911/2034
f 1873/1907/2035 1882/1912/2035 1874/1908/2035
f 1874/1908/2036 1883/1913/2036 1875/1909/2036
f 1875/1909/2037 1884/1914/2037 1876/1910/2037
f 1869/1911/2038 1860/1857/2038 1877/1915/2038
f 1869/1911/2039 1878/1916/2039 1870/1904/2039
f 1870/1904/2040 1879/1917/2040 1871/1905/2040
f 1871/1905/2041 1880/1918/2041 1872/1906/2041
f 1872/1906/2042 1881/1919/2042 1873/1907/2042
f 1879/1920/2043 1886/1921/2043 1887/1922/2043
f 1880/1923/2044 1887/1922/2044 1888/1924/2044
f 1881/1925/2045 1888/1924/2045 1889/1926/2045
f 1882/1927/2046 1889/1926/2046 1890/1928/2046
f 1883/1929/2047 1890/1928/2047 1891/1930/2047
f 1884/1914/2048 1891/1930/2048 1892/1931/2048
f 1877/1932/2049 1860/1933/2049 1885/1934/2049
f 1878/1935/2050 1885/1934/2050 1886/1921/2050
f 1891/1930/2051 1898/1936/2051 1899/1937/2051
f 1892/1931/2052 1899/1937/2052 1900/1938/2052
f 1885/1934/2053 1860/1933/2053 1893/1939/2053
f 1886/1921/2054 1893/1939/2054 1894/1940/2054
f 1887/1922/2055 1894/1940/2055 1895/1941/2055
f 1888/1924/2056 1895/1941/2056 1896/1942/2056
f 1889/1926/2057 1896/1942/2057 1897/1943/2057
f 1890/1928/2058 1897/1943/2058 1898/1936/2058
f 1895/1941/2059 1902/1944/2059 1903/1945/2059
f 1896/1942/2060 1903/1945/2060 1904/1946/2060
f 1897/1943/2061 1904/1946/2061 1905/1947/2061
f 1898/1936/2062 1905/1947/2062 1906/1948/2062
f 1899/1937/2063 1906/1948/2063 1907/1949/2063
f 1900/1938/2064 1907/1949/2064 1908/1950/2064
f 1893/1939/2065 1860/1933/2065 1901/1951/2065
f 1894/1940/2066 1901/1951/2066 1902/1944/2066
f 1907/1949/2067 1914/1952/2067 1915/1953/2067
f 1908/1950/2068 1915/1953/2068 1916/1954/2068
f 1901/1951/2069 1860/1933/2069 1909/1955/2069
f 1902/1944/2070 1909/1955/2070 1910/1956/2070
f 1903/1945/2071 1910/1956/2071 1911/1957/2071
f 1904/1946/2072 1911/1957/2072 1912/1958/2072
f 1905/1947/2073 1912/1958/2073 1913/1959/2073
f 1906/1948/2074 1913/1959/2074 1914/1952/2074
f 1912/1958/2075 1919/1960/2075 1920/1961/2075
f 1913/1959/2076 1920/1961/2076 1921/1962/2076
f 1914/1952/2077 1921/1962/2077 1922/1963/2077
f 1915/1953/2078 1922/1963/2078 1923/1964/2078
f 1916/1954/2079 1923/1964/2079 1924/1965/2079
f 1909/1955/2080 1860/1933/2080 1917/1966/2080
f 1910/1956/2081 1917/1966/2081 1918/1967/2081
f 1911/1957/2082 1918/1967/2082 1919/1960/2082
f 1924/1965/2083 1931/1968/2083 1932/1969/2083
f 1917/1966/2084 1860/1933/2084 1925/1970/2084
f 1918/1967/2085 1925/1970/2085 1926/1971/2085
f 1919/1960/2086 1926/1971/2086 1927/1972/2086
f 1920/1961/2087 1927/1972/2087 1928/1973/2087
f 1921/1962/2088 1928/1973/2088 1929/1974/2088
f 1922/1963/2089 1929/1974/2089 1930/1975/2089
f 1923/1964/2090 1930/1975/2090 1931/1968/2090
f 1928/1973/2091 1935/1976/2091 1936/1977/2091
f 1929/1974/2092 1936/1977/2092 1937/1978/2092
f 1930/1975/2093 1937/1978/2093 1938/1979/2093
f 1931/1968/2094 1938/1979/2094 1939/1980/2094
f 1932/1969/2095 1939/1980/2095 1940/1981/2095
f 1925/1970/2096 1860/1933/2096 1933/1982/2096
f 1926/1971/2097 1933/1982/2097 1934/1983/2097
f 1927/1972/2098 1934/1983/2098 1935/1976/2098
f 1940/1981/2099 1947/1984/2099 1948/1985/2099
f 1933/1982/2100 1860/1933/2100 1941/1986/2100
f 1934/1983/2101 1941/1986/2101 1942/1987/2101
f 1935/1976/2102 1942/1987/2102 1943/1988/2102
f 1936/1977/2103 1943/1988/2103 1944/1989/2103
f 1937/1978/2104 1944/1989/2104 1945/1990/2104
f 1938/1979/2105 1945/1990/2105 1946/1991/2105
f 1939/1980/2106 1946/1991/2106 1947/1984/2106
f 1944/1989/2107 1953/1992/2107 1945/1990/2107
f 1945/1990/2108 1954/1993/2108 1946/1991/2108
f 1946/1991/2109 1955/1994/2109 1947/1984/2109
f 1947/1984/2110 1956/1995/2110 1948/1985/2110
f 1941/1986/2111 1860/1933/2111 1949/1996/2111
f 1941/1986/2112 1950/1997/2112 1942/1987/2112
f 1942/1987/2113 1951/1998/2113 1943/1988/2113
f 1943/1988/2114 1952/1999/2114 1944/1989/2114
f 1949/1996/2115 1958/2000/2115 1950/1997/2115
f 1950/1997/2116 1959/2001/2116 1951/1998/2116
f 1951/1998/2117 1960/2002/2117 1952/1999/2117
f 1952/1999/2118 1961/2003/2118 1953/1992/2118
f 1953/1992/2119 1962/2004/2119 1954/1993/2119
f 1954/1993/2120 1963/2005/2120 1955/1994/2120
f 1955/1994/2121 1964/2006/2121 1956/1995/2121
f 1949/1996/2122 1860/1933/2122 1957/2007/2122
f 1961/2003/2123 1970/2008/2123 1962/2004/2123
f 1962/2004/2124 1971/2009/2124 1963/2005/2124
f 1963/2005/2125 1972/2010/2125 1964/2006/2125
f 1957/2007/2126 1860/1933/2126 1965/2011/2126
f 1957/2007/2127 1966/2012/2127 1958/2000/2127
f 1958/2000/2128 1967/2013/2128 1959/2001/2128
f 1959/2001/2129 1968/2014/2129 1960/2002/2129
f 1960/2002/2130 1969/2015/2130 1961/2003/2130
f 1965/2011/2131 1974/2016/2131 1966/2012/2131
f 1966/2012/2132 1975/2017/2132 1967/2013/2132
f 1967/2013/2133 1976/2018/2133 1968/2014/2133
f 1968/2014/2134 1977/2019/2134 1969/2015/2134
f 1969/2015/2135 1978/2020/2135 1970/2008/2135
f 1970/2008/2136 1979/2021/2136 1971/2009/2136
f 1971/2009/2137 1980/2022/2137 1972/2010/2137
f 1965/2011/2138 1860/1933/2138 1973/2023/2138
f 1977/2019/2139 1986/2024/2139 1978/2020/2139
f 1978/2020/2140 1987/2025/2140 1979/2021/2140
f 1979/2021/2141 1988/2026/2141 1980/2022/2141
f 1973/2023/2142 1860/1933/2142 1981/2027/2142
f 1973/2023/2143 1982/2028/2143 1974/2016/2143
f 1974/2016/2144 1983/2029/2144 1975/2017/2144
f 1975/2017/2145 1984/2030/2145 1976/2018/2145
f 1976/2018/2146 1985/2031/2146 1977/2019/2146
f 1982/2028/2147 1991/2032/2147 1983/2029/2147
f 1983/2029/2148 1992/2033/2148 1984/2030/2148
f 1984/2030/2149 1993/2034/2149 1985/2031/2149
f 1985/2031/2150 1994/2035/2150 1986/2024/2150
f 1986/2024/2151 1995/2036/2151 1987/2025/2151
f 1987/2025/2152 1996/2037/2152 1988/2026/2152
f 1981/2027/2153 1860/1933/2153 1989/2038/2153
f 1981/2027/2154 1990/2039/2154 1982/2028/2154
f 1994/2035/2155 2003/2040/2155 1995/2036/2155
f 1995/2036/2156 2004/2041/2156 1996/2037/2156
f 1989/2038/2157 1860/1933/2157 1997/2042/2157
f 1989/2038/2158 1998/2043/2158 1990/2039/2158
f 1990/2039/2159 1999/2044/2159 1991/2032/2159
f 1991/2032/2160 2000/2045/2160 1992/2033/2160
f 1992/2033/2161 2001/2046/2161 1993/2034/2161
f 1993/2034/2162 2002/2047/2162 1994/2035/2162
f 1998/2043/2163 2007/2048/2163 1999/2044/2163
f 1999/2044/2164 2008/2049/2164 2000/2045/2164
f 2000/2045/2165 2009/2050/2165 2001/2046/2165
f 2001/2046/2166 2010/2051/2166 2002/2047/2166
f 2002/2047/2167 2011/2052/2167 2003/2040/2167
f 2003/2040/2168 2012/2053/2168 2004/2041/2168
f 1997/2042/2169 1860/1933/2169 2005/2054/2169
f 1997/2042/2170 2006/2055/2170 1998/2043/2170
f 2011/2056/2171 2018/2057/2171 2019/2058/2171
f 2012/2053/2172 2019/2058/2172 2020/2059/2172
f 2005/2060/2173 1860/1857/2173 2013/2061/2173
f 2006/2062/2174 2013/2061/2174 2014/2063/2174
f 2007/2064/2175 2014/2063/2175 2015/2065/2175
f 2008/2066/2176 2015/2065/2176 2016/2067/2176
f 2009/2068/2177 2016/2067/2177 2017/2069/2177
f 2010/2070/2178 2017/2069/2178 2018/2057/2178
f 2016/2067/2179 2023/2071/2179 2024/2072/2179
f 2017/2069/2180 2024/2072/2180 2025/2073/2180
f 2018/2057/2181 2025/2073/2181 2026/2074/2181
f 2019/2058/2182 2026/2074/2182 2027/2075/2182
f 2020/2059/2183 2027/2075/2183 2028/2076/2183
f 2013/2061/2184 1860/1857/2184 2021/2077/2184
f 2014/2063/2185 2021/2077/2185 2022/2078/2185
f 2015/2065/2186 2022/2078/2186 2023/2071/2186
f 2028/2076/2187 2035/2079/2187 2036/2080/2187
f 2021/2077/2188 1860/1857/2188 2029/2081/2188
f 2022/2078/2189 2029/2081/2189 2030/2082/2189
f 2023/2071/2190 2030/2082/2190 2031/2083/2190
f 2024/2072/2191 2031/2083/2191 2032/2084/2191
f 2025/2073/2192 2032/2084/2192 2033/2085/2192
f 2026/2074/2193 2033/2085/2193 2034/2086/2193
f 2027/2075/2194 2034/2086/2194 2035/2079/2194
f 1924/1965/2195 1988/2026/2195 2052/2087/2195
f 2035/2079/2196 2042/2088/2196 2043/2089/2196
f 2032/2084/2197 2039/2090/2197 2040/2091/2197
f 2029/2081/2198 1860/1857/2198 2037/2092/2198
f 2030/2082/2199 2037/2092/2199 2038/2093/2199
f 2031/2083/2200 2038/2093/2200 2039/2090/2200
f 2036/2080/2201 2043/2089/2201 2044/2094/2201
f 2041/2095/2202 2048/2096/2202 2049/2097/2202
f 2042/2088/2203 2049/2097/2203 2050/2098/2203
f 2043/2089/2204 2050/2098/2204 2051/2099/2204
f 2044/2094/2205 2051/2099/2205 2052/2087/2205
f 2037/2092/2206 1860/1857/2206 2045/2100/2206
f 2038/2093/2207 2045/2100/2207 2046/2101/2207
f 2039/2090/2208 2046/2101/2208 2047/2102/2208
f 2040/2091/2209 2047/2102/2209 2048/2096/2209
f 2046/2101/2210 2053/2103/2210 2054/2104/2210
f 2047/2102/2211 2054/2104/2211 2055/2105/2211
f 2048/2096/2212 2055/2105/2212 2056/2106/2212
f 2049/2097/2213 2056/2106/2213 2057/2107/2213
f 2050/2098/2214 2057/2107/2214 2058/2108/2214
f 2051/2099/2215 2058/2108/2215 2059/2109/2215
f 2052/2087/2216 2059/2109/2216 2060/2110/2216
f 2045/2100/2217 1860/1857/2217 2053/2103/2217
f 2058/2108/2218 1817/1849/2218 2064/1851/2218
f 2059/2109/2219 2064/1851/2219 1818/1853/2219
f 2060/2110/2220 1818/1853/2220 1819/1855/2220
f 2053/2103/2221 1860/1857/2221 2061/1856/2221
f 2054/2104/2222 2061/1856/2222 2062/1860/2222
f 2055/2105/2223 2062/1860/2223 1816/1862/2223
f 2056/2106/2224 1816/1862/2224 2063/1847/2224
f 2057/2107/2225 2063/1847/2225 1817/1849/2225
f 2034/2086/2226 2041/2095/2226 2042/2088/2226
f 2033/2085/2227 2040/2091/2227 2041/2095/2227
f 362/1/1 4/15/1 12/2/1
f 363/4/2228 362/1/2228 13/3/2228
f 2/9/2229 1/6/2229 8/8/2229
f 2/9/2230 9/10/2230 10/11/2230
f 361/13/6 3/12/6 10/11/6
f 4/15/7 361/13/7 11/14/7
f 12/2/8 11/14/8 19/16/8
f 13/3/10 12/2/10 20/17/10
f 14/5/2231 13/3/2231 21/21/2231
f 10/11/2232 9/10/2232 19/16/2232
f 15/24/20 23/30/20 24/32/20
f 9/10/2233 30/29/2233 31/33/2233
f 16/25/2234 24/32/2234 25/34/2234
f 20/17/23 19/16/23 31/33/23
f 17/20/2235 5/19/2235 25/34/2235
f 21/21/25 20/17/25 32/35/25
f 17/20/2236 26/36/2236 27/38/2236
f 22/22/2237 21/21/2237 33/37/2237
f 18/39/2238 27/38/2238 28/27/2238
f 32/35/29 31/33/29 43/41/29
f 25/34/30 37/52/30 38/43/30
f 33/37/31 32/35/31 44/42/31
f 26/36/32 38/43/32 39/45/32
f 34/40/2239 33/37/2239 45/44/2239
f 27/38/34 39/45/34 40/47/34
f 28/27/35 40/47/35 41/48/35
f 29/28/2240 41/48/2240 42/49/2240
f 23/30/38 35/50/38 36/51/38
f 24/32/40 36/51/40 37/52/40
f 41/48/41 53/65/41 54/53/41
f 42/49/2241 54/53/2241 55/55/2241
f 35/50/44 47/54/44 48/56/44
f 43/41/2242 30/29/2242 55/55/2242
f 36/51/46 48/56/46 49/58/46
f 44/42/47 43/41/47 56/57/47
f 37/52/48 49/58/48 50/60/48
f 45/44/49 44/42/49 57/59/49
f 38/43/50 50/60/50 51/62/50
f 46/46/2243 45/44/2243 58/61/2243
f 39/45/52 51/62/52 52/64/52
f 40/47/53 52/64/53 53/65/53
f 58/61/54 57/59/54 71/66/54
f 50/60/55 64/78/55 65/68/55
f 59/63/2244 58/61/2244 72/67/2244
f 51/62/57 65/68/57 66/70/57
f 52/64/58 66/70/58 67/71/58
f 53/65/59 67/71/59 68/72/59
f 54/53/61 68/72/61 69/74/61
f 47/54/62 61/73/62 62/75/62
f 56/57/63 55/55/63 69/74/63
f 48/56/64 62/75/64 63/77/64
f 57/59/65 56/57/65 70/76/65
f 49/58/66 63/77/66 64/78/66
f 68/72/68 81/91/68 82/80/68
f 61/73/69 74/79/69 75/81/69
f 70/76/70 69/74/70 82/80/70
f 62/75/71 75/81/71 76/83/71
f 71/66/72 70/76/72 83/82/72
f 63/77/73 76/83/73 77/85/73
f 72/67/74 71/66/74 84/84/74
f 64/78/75 77/85/75 78/87/75
f 73/69/2245 72/67/2245 85/86/2245
f 65/68/77 78/87/77 79/89/77
f 66/70/78 79/89/78 80/90/78
f 67/71/79 80/90/79 81/91/79
f 77/85/80 90/104/80 91/92/80
f 86/88/2246 85/86/2246 98/93/2246
f 78/87/82 91/92/82 92/95/82
f 79/89/83 92/95/83 93/96/83
f 80/90/84 93/96/84 94/97/84
f 81/91/86 94/97/86 95/99/86
f 74/79/87 87/98/87 88/100/87
f 83/82/88 82/80/88 95/99/88
f 75/81/89 88/100/89 89/102/89
f 84/84/90 83/82/90 96/101/90
f 76/83/91 89/102/91 90/104/91
f 85/86/92 84/84/92 97/103/92
f 95/99/93 94/97/93 107/105/93
f 88/100/94 87/98/94 100/107/94
f 95/99/95 108/106/95 109/109/95
f 89/102/96 88/100/96 101/108/96
f 96/101/97 109/109/97 110/111/97
f 90/104/98 89/102/98 102/110/98
f 97/103/99 110/111/99 111/113/99
f 91/92/100 90/104/100 103/112/100
f 98/93/2247 111/113/2247 112/115/2247
f 92/95/102 91/92/102 104/114/102
f 93/96/103 92/95/103 105/116/103
f 94/97/104 93/96/104 106/117/104
f 111/113/2248 124/130/2248 125/118/2248
f 105/116/107 104/114/107 117/119/107
f 106/117/108 105/116/108 118/120/108
f 107/105/109 106/117/109 119/121/109
f 108/106/111 107/105/111 120/122/111
f 101/108/112 100/107/112 113/123/112
f 108/106/113 121/124/113 122/126/113
f 102/110/114 101/108/114 114/125/114
f 109/109/115 122/126/115 123/128/115
f 103/112/116 102/110/116 115/127/116
f 110/111/117 123/128/117 124/130/117
f 104/114/118 103/112/118 116/129/118
f 114/125/119 113/123/119 126/131/119
f 121/124/120 134/143/120 135/133/120
f 115/127/121 114/125/121 127/132/121
f 122/126/122 135/133/122 136/135/122
f 116/129/123 115/127/123 128/134/123
f 123/128/124 136/135/124 137/137/124
f 117/119/125 116/129/125 129/136/125
f 124/130/2249 137/137/2249 138/139/2249
f 118/120/127 117/119/127 130/138/127
f 119/121/128 118/120/128 131/140/128
f 120/122/129 119/121/129 132/141/129
f 121/124/131 120/122/131 133/142/131
f 131/140/2250 130/138/2250 143/144/2250
f 132/141/2251 144/145/2251 145/146/2251
f 134/143/2252 133/142/2252 145/146/2252
f 127/132/137 126/131/137 139/147/137
f 134/143/2253 146/148/2253 147/150/2253
f 128/134/139 127/132/139 140/149/139
f 135/133/140 147/150/140 148/152/140
f 129/136/141 128/134/141 141/151/141
f 136/135/142 148/152/142 149/154/142
f 130/138/143 129/136/143 142/153/143
f 137/137/2254 149/154/2254 150/155/2254
f 146/148/2255 155/166/2255 156/156/2255
f 141/151/146 140/149/146 152/157/146
f 147/150/147 156/156/147 157/159/147
f 142/153/148 141/151/148 153/158/148
f 148/152/149 157/159/149 158/161/149
f 143/144/2256 142/153/2256 154/160/2256
f 149/154/2257 158/161/2257 159/162/2257
f 140/149/153 139/147/153 151/163/153
f 152/157/155 151/163/155 160/164/155
f 155/166/2258 165/177/2258 166/167/2258
f 153/158/157 152/157/157 161/165/157
f 156/156/158 166/167/158 167/169/158
f 154/160/2259 153/158/2259 162/168/2259
f 157/159/160 167/169/160 168/171/160
f 158/161/2260 168/171/2260 169/172/2260
f 166/167/163 176/181/163 177/173/163
f 167/169/165 177/173/165 178/175/165
f 165/177/2261 164/192/2261 174/178/2261
f 161/165/2262 160/164/2262 170/176/2262
f 166/167/2263 165/177/2263 175/179/2263
f 162/168/170 161/165/170 171/180/170
f 175/179/172 174/178/172 183/183/172
f 171/180/173 170/176/173 179/182/173
f 175/179/174 184/184/174 185/186/174
f 172/174/175 171/180/175 180/185/175
f 176/181/176 185/186/176 186/188/176
f 163/170/2264 172/174/2264 181/187/2264
f 177/173/178 186/188/178 187/190/178
f 181/187/2265 191/206/2265 192/193/2265
f 187/190/182 186/188/182 196/194/182
f 187/190/2266 197/195/2266 198/199/2266
f 183/183/187 193/201/187 194/203/187
f 179/182/188 189/202/188 190/204/188
f 185/186/189 184/184/189 194/203/189
f 180/185/190 190/204/190 191/206/190
f 186/188/191 185/186/191 195/205/191
f 214/210/2267 226/244/2267 227/208/2267
f 227/208/2268 192/193/2268 203/209/2268
f 189/202/194 199/207/194 200/211/194
f 194/203/2269 204/224/2269 205/212/2269
f 190/204/196 200/211/196 201/213/196
f 196/194/197 195/205/197 205/212/197
f 191/206/2270 201/213/2270 202/215/2270
f 197/195/199 196/194/199 206/214/199
f 198/199/2271 197/195/2271 207/216/2271
f 207/216/202 206/214/202 217/218/202
f 202/215/203 212/227/203 213/220/203
f 208/217/2272 207/216/2272 218/219/2272
f 199/207/206 209/222/206 210/223/206
f 204/224/2273 215/230/2273 216/225/2273
f 200/211/208 210/223/208 211/226/208
f 206/214/209 205/212/209 216/225/209
f 201/213/210 211/226/210 212/227/210
f 209/222/212 220/228/212 221/229/212
f 215/230/2274 228/248/2274 229/231/2274
f 210/223/214 221/229/214 222/232/214
f 217/218/215 216/225/215 229/231/215
f 211/226/216 222/232/216 223/234/216
f 218/219/217 217/218/217 230/233/217
f 212/227/218 223/234/218 224/236/218
f 219/221/2275 218/219/2275 231/235/2275
f 213/220/220 224/236/220 225/238/220
f 223/234/221 236/253/221 237/239/221
f 232/237/2276 231/235/2276 244/240/2276
f 224/236/223 237/239/223 238/242/223
f 225/238/224 238/242/224 239/243/224
f 226/244/2277 239/243/2277 240/245/2277
f 227/208/2278 240/245/2278 241/247/2278
f 220/228/228 233/246/228 234/249/228
f 229/231/2279 228/248/2279 241/247/2279
f 221/229/230 234/249/230 235/251/230
f 230/233/231 229/231/231 242/250/231
f 222/232/232 235/251/232 236/253/232
f 231/235/233 230/233/233 243/252/233
f 240/245/234 253/265/234 254/254/234
f 233/246/235 246/266/235 247/255/235
f 242/250/236 241/247/236 254/254/236
f 234/249/237 247/255/237 248/257/237
f 243/252/238 242/250/238 255/256/238
f 235/251/239 248/257/239 249/259/239
f 244/240/240 243/252/240 256/258/240
f 236/253/241 249/259/241 250/261/241
f 245/241/2280 244/240/2280 257/260/2280
f 237/239/243 250/261/243 251/263/243
f 238/242/244 251/263/244 252/264/244
f 239/243/245 252/264/245 253/265/245
f 258/262/2281 257/260/2281 270/267/2281
f 250/261/248 263/279/248 264/269/248
f 251/263/249 264/269/249 265/270/249
f 252/264/250 265/270/250 266/271/250
f 253/265/252 266/271/252 267/273/252
f 246/266/253 259/272/253 260/274/253
f 255/256/254 254/254/254 267/273/254
f 247/255/255 260/274/255 261/276/255
f 256/258/256 255/256/256 268/275/256
f 248/257/257 261/276/257 262/278/257
f 257/260/258 256/258/258 269/277/258
f 249/259/259 262/278/259 263/279/259
f 268/275/260 267/273/260 280/280/260
f 260/274/261 273/292/261 274/282/261
f 269/277/262 268/275/262 281/281/262
f 261/276/263 274/282/263 275/284/263
f 270/267/264 269/277/264 282/283/264
f 262/278/265 275/284/265 276/286/265
f 271/268/2282 270/267/2282 283/285/2282
f 263/279/267 276/286/267 277/288/267
f 264/269/268 277/288/268 278/289/268
f 265/270/269 278/289/269 279/290/269
f 266/271/271 279/290/271 280/280/271
f 259/272/272 272/291/272 273/292/272
f 278/289/273 277/288/273 290/293/273
f 279/290/274 278/289/274 291/294/274
f 280/280/276 279/290/276 292/295/276
f 273/292/277 272/291/277 285/296/277
f 280/280/278 293/297/278 294/299/278
f 274/282/279 273/292/279 286/298/279
f 281/281/280 294/299/280 295/301/280
f 275/284/281 274/282/281 287/300/281
f 282/283/282 295/301/282 296/303/282
f 276/286/283 275/284/283 288/302/283
f 283/285/2283 296/303/2283 297/305/2283
f 277/288/285 276/286/285 289/304/285
f 287/300/286 286/298/286 299/306/286
f 294/299/287 307/318/287 308/308/287
f 288/302/288 287/300/288 300/307/288
f 295/301/289 308/308/289 309/310/289
f 289/304/290 288/302/290 301/309/290
f 296/303/2284 309/310/2284 310/312/2284
f 290/293/292 289/304/292 302/311/292
f 291/294/293 290/293/293 303/313/293
f 292/295/294 291/294/294 304/314/294
f 293/297/296 292/295/296 305/315/296
f 286/298/297 285/296/297 298/316/297
f 293/297/298 306/317/298 307/318/298
f 304/314/299 303/313/299 316/319/299
f 305/315/300 304/314/300 317/320/300
f 306/317/302 305/315/302 318/321/302
f 299/306/303 298/316/303 311/322/303
f 306/317/304 319/323/304 320/325/304
f 300/307/305 299/306/305 312/324/305
f 307/318/306 320/325/306 321/327/306
f 301/309/307 300/307/307 313/326/307
f 308/308/308 321/327/308 322/329/308
f 302/311/309 301/309/309 314/328/309
f 309/310/2285 322/329/2285 323/331/2285
f 303/313/311 302/311/311 315/330/311
f 320/325/312 333/344/312 334/332/312
f 314/328/313 313/326/313 326/333/313
f 321/327/314 334/332/314 335/335/314
f 315/330/315 314/328/315 327/334/315
f 322/329/2286 335/335/2286 336/337/2286
f 316/319/317 315/330/317 328/336/317
f 317/320/318 316/319/318 329/338/318
f 318/321/2287 317/320/2287 330/339/2287
f 319/323/2288 318/321/2288 331/340/2288
f 312/324/322 311/322/322 324/341/322
f 319/323/323 332/342/323 333/344/323
f 313/326/324 312/324/324 325/343/324
f 330/339/2289 339/352/2289 340/345/2289
f 331/340/2290 340/357/2290 341/347/2290
f 325/343/2291 324/341/2291 337/346/2291
f 332/342/329 341/347/329 342/348/329
f 333/344/331 342/348/331 343/349/331
f 326/333/2292 5/19/2292 338/350/2292
f 334/332/333 343/349/333 344/351/333
f 328/336/2293 327/334/2293 338/350/2293
f 335/335/2294 344/351/2294 345/353/2294
f 343/349/339 351/363/339 352/355/339
f 344/351/2295 352/355/2295 353/356/2295
f 341/347/2296 340/357/2296 348/359/2296
f 341/347/346 349/361/346 350/362/346
f 342/348/347 350/362/347 351/363/347
f 349/361/350 348/359/350 355/364/350
f 349/361/352 356/366/352 357/367/352
f 350/362/353 357/367/353 358/368/353
f 351/363/354 358/368/354 359/369/354
f 358/368/356 4/15/356 362/1/356
f 359/369/2297 362/1/2297 363/4/2297
f 355/364/2298 339/358/2298 1/6/2298
f 356/366/361 355/364/361 2/9/361
f 356/366/362 3/12/362 361/13/362
f 357/367/363 361/13/363 4/15/363
f 586/370/2299 365/374/2299 366/371/2299
f 367/376/2300 372/387/2300 373/377/2300
f 368/378/2301 373/377/2301 374/379/2301
f 369/381/2302 364/380/2302 374/379/2302
f 22/22/2303 34/40/2303 372/387/2303
f 370/383/2304 382/395/2304 383/388/2304
f 376/384/2305 383/388/2305 384/389/2305
f 377/386/2306 365/374/2306 384/389/2306
f 34/40/2307 46/46/2307 378/391/2307
f 373/377/381 372/387/381 378/391/381
f 374/379/382 373/377/382 379/392/382
f 375/382/383 374/379/383 380/393/383
f 375/382/2308 381/394/2308 382/395/2308
f 380/393/385 379/392/385 387/396/385
f 381/394/386 380/393/386 388/397/386
f 382/395/387 381/394/387 389/398/387
f 383/388/388 382/395/388 390/399/388
f 384/389/389 383/388/389 391/400/389
f 385/390/2309 384/389/2309 392/401/2309
f 46/46/2310 59/63/2310 386/403/2310
f 379/392/393 378/391/393 386/403/393
f 392/401/394 391/400/394 399/404/394
f 393/402/395 392/401/395 400/405/395
f 59/63/2311 73/69/2311 394/407/2311
f 387/396/398 386/403/398 394/407/398
f 388/397/399 387/396/399 395/408/399
f 389/398/400 388/397/400 396/409/400
f 390/399/401 389/398/401 397/410/401
f 391/400/402 390/399/402 398/411/402
f 397/410/403 396/409/403 404/412/403
f 398/411/404 397/410/404 405/413/404
f 399/404/405 398/411/405 406/414/405
f 400/405/406 399/404/406 407/415/406
f 401/406/407 400/405/407 408/416/407
f 73/69/2312 86/88/2312 402/418/2312
f 395/408/410 394/407/410 402/418/410
f 396/409/411 395/408/411 403/419/411
f 409/417/412 408/416/412 416/420/412
f 86/88/2313 99/94/2313 410/422/2313
f 403/419/415 402/418/415 410/422/415
f 404/412/416 403/419/416 411/423/416
f 405/413/417 404/412/417 412/424/417
f 406/414/418 405/413/418 413/425/418
f 407/415/419 406/414/419 414/426/419
f 408/416/420 407/415/420 415/427/420
f 412/424/421 420/435/421 421/428/421
f 413/425/422 421/428/422 422/429/422
f 414/426/423 422/429/423 423/430/423
f 415/427/424 423/430/424 424/431/424
f 416/420/425 424/431/425 425/432/425
f 410/422/2314 99/94/2314 112/115/2314
f 410/422/428 418/433/428 419/434/428
f 411/423/429 419/434/429 420/435/429
f 424/431/430 432/443/430 433/436/430
f 418/433/2315 112/115/2315 125/118/2315
f 418/433/433 426/437/433 427/438/433
f 419/434/434 427/438/434 428/439/434
f 420/435/435 428/439/435 429/440/435
f 421/428/436 429/440/436 430/441/436
f 422/429/437 430/441/437 431/442/437
f 423/430/438 431/442/438 432/443/438
f 429/440/439 437/451/439 438/444/439
f 430/441/440 438/444/440 439/445/440
f 431/442/441 439/445/441 440/446/441
f 432/443/442 440/446/442 441/447/442
f 426/437/2316 125/118/2316 138/139/2316
f 426/437/445 434/448/445 435/449/445
f 427/438/446 435/449/446 436/450/446
f 428/439/447 436/450/447 437/451/447
f 434/448/2317 138/139/2317 150/155/2317
f 434/448/450 442/452/450 443/454/450
f 435/449/451 443/454/451 444/455/451
f 436/450/452 444/455/452 445/456/452
f 437/451/453 445/456/453 446/457/453
f 438/444/454 446/457/454 447/458/454
f 439/445/455 447/458/455 448/459/455
f 440/446/2318 448/459/2318 449/453/2318
f 445/456/457 453/467/457 454/460/457
f 446/457/458 454/460/458 455/461/458
f 447/458/459 455/461/459 456/462/459
f 448/459/460 456/462/460 457/463/460
f 442/452/2319 150/155/2319 159/162/2319
f 442/452/463 450/464/463 451/465/463
f 443/454/464 451/465/464 452/466/464
f 444/455/465 452/466/465 453/467/465
f 450/464/467 458/474/467 459/469/467
f 451/465/468 459/469/468 460/470/468
f 453/467/2320 452/466/2320 460/470/2320
f 453/467/2321 461/471/2321 462/472/2321
f 455/461/2322 454/460/2322 462/472/2322
f 456/462/2323 463/473/2323 464/468/2323
f 450/464/2324 159/162/2324 169/172/2324
f 464/468/2325 463/473/2325 471/475/2325
f 169/172/2326 465/637/2326 466/477/2326
f 458/474/2327 466/477/2327 467/478/2327
f 459/469/2328 467/478/2328 468/479/2328
f 460/470/2329 468/479/2329 469/480/2329
f 472/476/2330 471/475/2330 475/481/2330
f 475/481/2331 481/491/2331 482/483/2331
f 479/487/2332 478/484/2332 485/486/2332
f 480/489/2333 479/487/2333 486/488/2333
f 481/491/2334 488/495/2334 489/492/2334
f 477/493/2335 483/494/2335 484/485/2335
f 489/492/2336 488/495/2336 496/497/2336
f 208/217/2337 219/221/2337 490/499/2337
f 484/485/496 483/494/496 490/499/496
f 485/486/497 484/485/497 491/500/497
f 486/488/498 485/486/498 492/501/498
f 486/488/2338 493/502/2338 494/503/2338
f 487/490/2339 494/503/2339 495/496/2339
f 493/502/501 492/501/501 500/504/501
f 494/503/502 493/502/502 501/505/502
f 495/496/503 494/503/503 502/506/503
f 496/497/504 495/496/504 503/507/504
f 497/498/505 496/497/505 504/508/505
f 219/221/2340 232/237/2340 498/510/2340
f 491/500/508 490/499/508 498/510/508
f 492/501/509 491/500/509 499/511/509
f 505/509/510 504/508/510 513/512/510
f 232/237/2341 245/241/2341 507/514/2341
f 499/511/513 498/510/513 507/514/513
f 500/504/514 499/511/514 508/515/514
f 501/505/515 500/504/515 509/516/515
f 502/506/516 501/505/516 510/517/516
f 503/507/517 502/506/517 511/518/517
f 504/508/518 503/507/518 512/519/518
f 510/517/519 509/516/519 517/520/519
f 511/518/520 510/517/520 518/521/520
f 512/519/521 511/518/521 519/522/521
f 513/512/522 512/519/522 520/523/522
f 514/513/523 513/512/523 521/524/523
f 245/241/2342 258/262/2342 515/526/2342
f 508/515/526 507/514/526 515/526/526
f 509/516/527 508/515/527 516/527/527
f 522/525/528 521/524/528 529/528/528
f 258/262/2343 271/268/2343 523/530/2343
f 516/527/531 515/526/531 523/530/531
f 517/520/2344 516/527/2344 524/531/2344
f 517/520/2345 525/532/2345 526/533/2345
f 518/521/2346 526/533/2346 527/534/2346
f 520/523/535 519/522/535 527/534/535
f 521/524/536 520/523/536 528/535/536
f 527/534/2347 526/533/2347 534/536/2347
f 528/535/538 527/534/538 535/537/538
f 529/528/539 528/535/539 536/538/539
f 530/529/540 529/528/540 537/539/540
f 271/268/2348 284/287/2348 531/541/2348
f 524/531/543 523/530/543 531/541/543
f 524/531/2349 532/542/2349 533/543/2349
f 526/544/2350 525/2111/2350 533/545/2350
f 531/541/547 539/554/547 540/548/547
f 533/543/2351 532/542/2351 540/548/2351
f 533/545/2352 541/2112/2352 542/550/2352
f 534/536/2353 542/561/2353 543/551/2353
f 535/537/551 543/551/551 544/552/551
f 536/538/552 544/552/552 545/553/552
f 537/539/553 545/553/553 546/547/553
f 531/541/2354 284/287/2354 297/305/2354
f 543/551/555 551/563/555 552/555/555
f 544/552/556 552/555/556 553/556/556
f 545/553/557 553/556/557 554/557/557
f 539/554/2355 297/305/2355 310/312/2355
f 539/554/560 547/558/560 548/559/560
f 540/548/2356 548/559/2356 549/560/2356
f 542/561/2357 541/549/2357 549/560/2357
f 543/551/2358 542/561/2358 550/562/2358
f 547/558/564 555/571/564 556/564/564
f 548/559/565 556/564/565 557/565/565
f 549/560/566 557/565/566 558/566/566
f 550/562/567 558/566/567 559/567/567
f 551/563/568 559/567/568 560/568/568
f 552/555/569 560/568/569 561/569/569
f 553/556/570 561/569/570 562/570/570
f 547/558/2359 310/312/2359 323/331/2359
f 560/568/2360 559/567/2360 567/572/2360
f 560/568/2361 568/573/2361 569/574/2361
f 561/569/2362 569/574/2362 570/575/2362
f 555/571/2363 323/331/2363 336/337/2363
f 555/571/578 563/576/578 564/577/578
f 556/564/579 564/577/579 565/578/579
f 557/565/580 565/578/580 566/579/580
f 558/566/581 566/579/581 567/572/581
f 564/577/582 572/584/582 573/580/582
f 565/578/583 573/580/583 574/581/583
f 566/579/584 574/581/584 575/582/584
f 563/576/2364 336/337/2364 345/353/2364
f 563/576/587 571/583/587 572/584/587
f 571/583/2365 345/353/2365 353/356/2365
f 571/583/2366 576/585/2366 577/586/2366
f 572/584/2367 577/586/2367 578/587/2367
f 574/581/2368 573/580/2368 578/587/2368
f 574/581/2369 579/588/2369 580/589/2369
f 578/587/2370 581/590/2370 582/591/2370
f 569/574/2371 583/1317/2371 584/592/2371
f 584/592/2372 583/1317/2372 586/370/2372
f 830/596/601 588/614/601 596/597/601
f 830/596/602 597/598/602 598/599/602
f 589/600/603 598/599/603 599/601/603
f 831/602/604 599/601/604 600/603/604
f 590/604/605 600/603/605 601/605/605
f 591/606/607 601/605/607 602/610/607
f 828/607/608 594/609/608 595/612/608
f 832/594/609 592/611/609 602/610/609
f 829/613/610 595/612/610 596/597/610
f 602/610/611 612/623/611 613/615/611
f 595/612/612 605/624/612 606/616/612
f 593/593/2373 603/595/2373 613/615/2373
f 597/598/614 596/597/614 606/616/614
f 598/599/615 597/598/615 607/617/615
f 598/599/616 608/618/616 609/619/616
f 600/603/617 599/601/617 609/619/617
f 601/605/618 600/603/618 610/620/618
f 602/610/620 601/605/620 611/621/620
f 594/609/621 604/622/621 605/624/621
f 609/619/622 619/634/622 620/625/622
f 611/621/623 610/620/623 620/625/623
f 611/621/625 621/626/625 622/628/625
f 605/624/2374 604/622/2374 614/627/2374
f 613/615/627 612/623/627 622/628/627
f 605/624/628 615/629/628 616/631/628
f 606/616/630 616/631/630 617/632/630
f 608/618/631 607/617/631 617/632/631
f 609/619/2375 608/618/2375 618/633/2375
f 616/631/633 615/629/633 625/635/633
f 623/630/2376 633/645/2376 465/637/2376
f 616/631/635 626/636/635 627/638/635
f 617/632/636 627/638/636 628/639/636
f 618/633/637 628/639/637 629/640/637
f 619/634/638 629/640/638 630/641/638
f 620/625/639 630/641/639 631/642/639
f 622/628/641 621/626/641 631/642/641
f 615/629/642 614/627/642 624/643/642
f 622/628/643 632/644/643 633/645/643
f 629/640/644 639/655/644 640/646/644
f 631/642/645 630/641/645 640/646/645
f 631/642/647 641/647/647 642/649/647
f 624/643/648 634/648/648 635/650/648
f 632/644/649 642/649/649 643/651/649
f 626/636/650 625/635/650 635/650/650
f 627/638/652 626/636/652 636/652/652
f 628/639/653 627/638/653 637/653/653
f 628/639/654 638/654/654 639/655/654
f 636/652/656 647/665/656 648/657/656
f 637/653/657 648/657/657 649/658/657
f 639/655/658 638/654/658 649/658/658
f 639/655/659 650/659/659 651/660/659
f 641/647/660 640/646/660 651/660/660
f 642/649/662 641/647/662 652/661/662
f 635/650/663 634/648/663 645/662/663
f 643/651/664 642/649/664 653/663/664
f 635/650/2377 646/664/2377 647/665/2377
f 652/661/666 651/660/666 661/666/666
f 652/661/668 662/667/668 663/669/668
f 645/662/669 655/668/669 656/670/669
f 653/663/2378 663/669/2378 466/477/2378
f 647/665/671 646/664/671 656/670/671
f 648/657/673 647/665/673 657/671/673
f 649/658/674 648/657/674 658/672/674
f 649/658/675 659/673/675 660/674/675
f 651/660/676 650/659/676 660/674/676
f 657/671/677 666/682/677 667/675/677
f 658/672/678 667/675/678 668/676/678
f 660/674/679 659/673/679 668/676/679
f 660/674/680 669/677/680 670/678/680
f 662/667/681 661/666/681 670/678/681
f 663/669/2379 662/667/2379 671/679/2379
f 655/668/684 664/680/684 665/681/684
f 656/670/685 665/681/685 666/682/685
f 670/678/2380 678/689/2380 467/478/2380
f 665/681/688 664/680/688 672/683/688
f 666/682/2381 665/681/2381 673/684/2381
f 666/682/690 674/685/690 675/686/690
f 667/675/691 675/686/691 676/687/691
f 669/677/692 668/676/692 676/687/692
f 669/677/693 677/688/693 678/689/693
f 676/687/694 675/686/694 682/690/694
f 677/688/695 676/687/695 683/691/695
f 678/689/696 677/688/696 684/692/696
f 673/684/699 672/683/699 679/694/699
f 673/684/700 680/695/700 681/696/700
f 675/686/2382 674/685/2382 681/696/2382
f 679/694/702 686/701/702 687/697/702
f 680/695/2383 687/697/2383 688/698/2383
f 682/690/704 681/696/704 688/698/704
f 682/690/705 689/699/705 690/700/705
f 684/692/2384 683/691/2384 690/700/2384
f 685/693/2385 684/692/2385 468/479/2385
f 687/697/711 686/701/711 691/703/711
f 688/698/712 687/697/712 692/704/712
f 688/698/2386 693/705/2386 694/706/2386
f 690/700/714 689/699/714 694/706/714
f 692/704/715 691/703/715 696/707/715
f 692/704/716 697/708/716 698/709/716
f 694/706/717 693/705/717 698/709/717
f 695/702/2387 694/706/2387 699/710/2387
f 697/708/721 696/707/721 700/711/721
f 698/709/722 697/708/722 701/712/722
f 699/710/723 698/709/723 702/713/723
f 699/710/2388 703/714/2388 473/715/2388
f 701/712/725 705/719/725 706/716/725
f 702/713/726 706/716/726 707/717/726
f 700/711/729 704/718/729 705/719/729
f 704/718/731 708/720/731 709/721/731
f 706/716/732 705/719/732 709/721/732
f 706/716/733 710/722/733 711/723/733
f 710/722/735 709/721/735 713/724/735
f 710/722/736 714/725/736 715/726/736
f 708/720/739 712/727/739 713/724/739
f 713/724/741 712/727/741 716/728/741
f 714/725/742 713/724/742 717/729/742
f 715/726/743 714/725/743 718/730/743
f 718/730/745 722/735/745 723/732/745
f 473/715/2389 719/731/2389 723/732/2389
f 716/728/748 720/733/748 721/734/748
f 717/729/749 721/734/749 722/735/749
f 721/734/2390 720/733/2390 724/736/2390
f 721/734/752 725/737/752 726/738/752
f 722/735/753 726/738/753 727/739/753
f 723/732/2391 727/739/2391 728/740/2391
f 727/739/755 732/745/755 733/741/755
f 724/736/2392 729/742/2392 730/743/2392
f 725/737/759 730/743/759 731/744/759
f 726/738/760 731/744/760 732/745/760
f 730/743/2393 729/742/2393 734/746/2393
f 731/744/2394 730/743/2394 735/747/2394
f 731/744/764 736/748/764 737/749/764
f 733/741/765 732/745/765 737/749/765
f 733/741/2395 738/750/2395 739/751/2395
f 737/749/767 743/759/767 744/752/767
f 739/751/768 738/750/768 744/752/768
f 739/751/2396 745/753/2396 746/754/2396
f 734/746/772 740/756/772 741/757/772
f 735/747/2397 741/757/2397 742/758/2397
f 736/748/774 742/758/774 743/759/774
f 740/756/775 747/766/775 748/760/775
f 742/758/776 741/757/776 748/760/776
f 743/759/777 742/758/777 749/761/777
f 744/752/778 743/759/778 750/762/778
f 744/752/779 751/763/779 752/764/779
f 745/753/780 752/764/780 753/765/780
f 746/754/2398 753/765/2398 754/755/2398
f 751/763/783 759/775/783 760/767/783
f 752/764/784 760/767/784 761/768/784
f 753/765/785 761/768/785 762/769/785
f 754/755/2399 762/769/2399 763/771/2399
f 748/760/788 747/766/788 755/770/788
f 749/761/789 748/760/789 756/772/789
f 750/762/790 749/761/790 757/773/790
f 750/762/791 758/774/791 759/775/791
f 755/770/792 764/786/792 765/776/792
f 477/493/2400 763/771/2400 772/777/2400
f 757/773/2401 756/772/2401 765/776/2401
f 208/217/2402 477/493/2402 784/780/2402
f 757/773/796 766/779/796 767/781/796
f 759/775/797 758/774/797 767/781/797
f 760/767/798 759/775/798 768/782/798
f 761/768/799 760/767/799 769/783/799
f 761/768/800 770/784/800 771/785/800
f 762/769/802 771/785/802 772/777/802
f 768/782/803 778/796/803 779/787/803
f 769/783/804 779/787/804 780/788/804
f 771/785/805 770/784/805 780/788/805
f 772/777/807 771/785/807 781/789/807
f 765/776/808 764/786/808 774/790/808
f 773/778/809 772/777/809 782/791/809
f 765/776/2403 775/792/2403 776/794/2403
f 773/778/2404 783/793/2404 784/780/2404
f 766/779/812 776/794/812 777/795/812
f 768/782/813 767/781/813 777/795/813
f 782/791/814 793/807/814 794/797/814
f 776/794/815 775/792/815 786/798/815
f 784/780/816 783/793/816 794/797/816
f 777/795/817 776/794/817 787/799/817
f 777/795/819 788/801/819 789/802/819
f 778/796/820 789/802/820 790/803/820
f 779/787/821 790/803/821 791/804/821
f 781/789/822 780/788/822 791/804/822
f 781/789/824 792/805/824 793/807/824
f 774/790/2405 785/806/2405 786/798/2405
f 791/804/826 790/803/826 801/808/826
f 792/805/827 791/804/827 802/809/827
f 792/805/829 803/810/829 804/812/829
f 785/806/830 796/811/830 797/813/830
f 794/797/831 793/807/831 804/812/831
f 786/798/832 797/813/832 798/815/832
f 795/800/833 794/797/833 805/814/833
f 787/799/834 798/815/834 799/817/834
f 789/802/836 788/801/836 799/817/836
f 790/803/837 789/802/837 800/818/837
f 806/816/838 805/814/838 816/819/838
f 798/815/839 809/829/839 810/821/839
f 800/818/841 799/817/841 810/821/841
f 800/818/842 811/822/842 812/823/842
f 802/809/843 801/808/843 812/823/843
f 802/809/844 813/824/844 814/825/844
f 804/812/846 803/810/846 814/825/846
f 797/813/2406 796/811/2406 807/826/2406
f 804/812/848 815/827/848 816/819/848
f 798/815/849 797/813/849 808/828/849
f 813/824/850 824/839/850 825/830/850
f 814/825/852 825/830/852 826/832/852
f 808/828/853 807/826/853 818/831/853
f 815/827/854 826/832/854 827/834/854
f 809/829/855 808/828/855 819/833/855
f 817/820/2407 816/819/2407 827/834/2407
f 810/821/857 809/829/857 820/835/857
f 817/820/2408 593/593/2408 188/200/2408
f 811/822/859 810/821/859 821/836/859
f 811/822/860 822/837/860 823/838/860
f 812/823/861 823/838/861 824/839/861
f 820/835/862 588/614/862 830/596/862
f 822/837/863 821/836/863 830/596/863
f 823/838/864 822/837/864 589/600/864
f 824/839/865 823/838/865 831/602/865
f 825/830/866 824/839/866 590/604/866
f 826/832/868 825/830/868 591/606/868
f 819/833/2409 818/831/2409 828/607/2409
f 827/834/870 826/832/870 592/611/870
f 819/833/871 829/613/871 588/614/871
f 833/842/874 840/860/874 841/843/874
f 1043/844/875 841/843/875 842/845/875
f 834/846/876 842/845/876 843/847/876
f 1044/848/877 843/847/877 844/849/877
f 835/850/878 844/849/878 845/851/878
f 836/852/880 845/851/880 846/856/880
f 1042/858/881 1041/853/881 838/855/881
f 1045/840/882 837/857/882 846/856/882
f 833/842/883 1042/858/883 839/859/883
f 847/841/884 846/856/884 856/861/884
f 839/859/885 849/870/885 850/863/885
f 841/843/2410 840/860/2410 850/863/2410
f 841/843/888 851/864/888 852/865/888
f 843/847/889 842/845/889 852/865/889
f 844/849/890 843/847/890 853/866/890
f 845/851/891 844/849/891 854/867/891
f 845/851/893 855/868/893 856/861/893
f 839/859/894 838/855/894 848/869/894
f 853/866/895 863/880/895 864/871/895
f 854/867/896 864/871/896 865/872/896
f 855/868/898 865/872/898 866/874/898
f 849/870/2411 848/869/2411 858/873/2411
f 856/861/900 866/874/900 867/876/900
f 850/863/901 849/870/901 859/875/901
f 850/863/903 860/877/903 861/878/903
f 851/864/904 861/878/904 862/879/904
f 852/865/2412 862/879/2412 863/880/2412
f 859/875/906 869/890/906 870/881/906
f 363/4/2413 867/876/2413 877/882/2413
f 861/878/908 860/877/908 870/881/908
f 862/879/909 861/878/909 871/883/909
f 863/880/910 862/879/910 872/884/910
f 863/880/911 873/885/911 874/886/911
f 865/872/912 864/871/912 874/886/912
f 865/872/2414 875/887/2414 876/889/2414
f 858/873/2415 868/888/2415 869/890/2415
f 867/876/916 866/874/916 876/889/916
f 873/885/917 883/900/917 884/891/917
f 875/887/918 874/886/918 884/891/918
f 876/889/920 875/887/920 885/892/920
f 868/888/921 878/893/921 879/895/921
f 876/889/922 886/894/922 887/896/922
f 869/890/923 879/895/923 880/897/923
f 870/881/925 880/897/925 881/898/925
f 872/884/926 871/883/926 881/898/926
f 872/884/927 882/899/927 883/900/927
f 880/897/928 891/908/928 892/901/928
f 881/898/929 892/901/929 893/902/929
f 883/900/930 882/899/930 893/902/930
f 884/891/931 883/900/931 894/903/931
f 885/892/932 884/891/932 895/904/932
f 886/894/2416 885/892/2416 896/905/2416
f 878/893/935 889/906/935 890/907/935
f 887/896/2417 886/894/2417 576/585/2417
f 880/897/937 879/895/937 890/907/937
f 896/905/2418 895/904/2418 903/909/2418
f 889/906/940 897/910/940 898/911/940
f 891/908/941 890/907/941 898/911/941
f 892/901/942 891/908/942 899/912/942
f 892/901/943 900/913/943 901/914/943
f 894/903/944 893/902/944 901/914/944
f 895/904/945 894/903/945 902/915/945
f 899/912/946 906/921/946 907/916/946
f 901/914/947 900/913/947 907/916/947
f 902/915/948 901/914/948 908/917/948
f 903/909/2419 902/915/2419 909/918/2419
f 898/911/952 897/910/952 904/919/952
f 899/912/2420 898/911/2420 905/920/2420
f 904/919/955 910/922/955 911/923/955
f 905/920/2421 911/923/2421 912/924/2421
f 906/921/957 912/924/957 913/925/957
f 908/917/958 907/916/958 913/925/958
f 909/918/959 908/917/959 914/926/959
f 913/925/961 919/933/961 920/928/961
f 914/926/962 920/928/962 921/929/962
f 911/923/964 910/922/964 916/930/964
f 912/924/2422 911/923/2422 917/931/2422
f 912/924/2423 918/932/2423 919/933/2423
f 916/930/967 922/938/967 923/934/967
f 918/932/968 917/931/968 923/934/968
f 919/933/969 918/932/969 924/935/969
f 920/928/970 919/933/970 925/936/970
f 922/938/973 927/939/973 928/940/973
f 923/934/974 928/940/974 929/941/974
f 924/935/975 929/941/975 930/942/975
f 925/936/2424 930/942/2424 581/590/2424
f 927/939/2425 931/946/2425 932/943/2425
f 928/940/978 932/943/978 933/944/978
f 930/942/2426 929/941/2426 933/944/2426
f 932/943/983 931/946/983 935/947/983
f 933/944/984 932/943/984 936/948/984
f 937/949/986 936/948/986 939/950/986
f 934/945/2427 937/949/2427 940/951/2427
f 935/947/989 938/953/989 939/950/989
f 938/953/991 941/954/991 942/955/991
f 940/951/992 939/950/992 942/955/992
f 942/955/994 945/959/994 946/957/994
f 942/955/997 941/954/997 944/958/997
f 944/958/999 947/960/999 948/961/999
f 946/957/1000 945/959/1000 948/961/1000
f 585/952/2428 946/957/2428 949/962/2428
f 947/960/1004 950/964/1004 951/965/1004
f 948/961/1005 951/965/1005 952/963/1005
f 951/965/1007 950/964/1007 953/966/1007
f 952/963/1008 951/965/1008 954/967/1008
f 952/963/2429 955/968/2429 956/969/2429
f 953/966/1012 957/971/1012 958/972/1012
f 955/968/1013 954/967/1013 958/972/1013
f 956/969/1014 955/968/1014 959/973/1014
f 957/971/2430 961/974/2430 962/975/2430
f 959/973/1017 958/972/1017 962/975/1017
f 959/973/1018 963/976/1018 964/977/1018
f 964/977/2431 968/982/2431 969/978/2431
f 961/974/1023 965/979/1023 966/980/1023
f 962/975/2432 966/980/2432 967/981/2432
f 964/977/2433 963/976/2433 967/981/2433
f 965/979/1026 970/988/1026 971/983/1026
f 967/981/2434 966/980/2434 971/983/2434
f 967/981/1028 972/984/1028 973/985/1028
f 969/978/1029 968/982/1029 973/985/1029
f 969/978/2435 974/986/2435 975/987/2435
f 975/987/1032 974/986/1032 980/989/1032
f 368/378/2436 975/987/2436 981/990/2436
f 970/988/2437 976/992/2437 977/993/2437
f 972/984/2438 971/983/2438 977/993/2438
f 972/984/1038 978/994/1038 979/995/1038
f 973/985/1039 979/995/1039 980/989/1039
f 976/992/1040 983/1003/1040 984/996/1040
f 978/994/1041 977/993/1041 984/996/1041
f 979/995/1042 978/994/1042 985/997/1042
f 980/989/1043 979/995/1043 986/998/1043
f 981/990/1044 980/989/1044 987/999/1044
f 982/991/1045 981/990/1045 988/1000/1045
f 982/991/2439 989/1001/2439 990/1002/2439
f 987/999/1048 995/1013/1048 996/1004/1048
f 988/1000/1049 996/1004/1049 997/1005/1049
f 989/1001/1050 997/1005/1050 998/1006/1050
f 990/1002/2440 998/1006/2440 999/1008/2440
f 984/996/1053 983/1003/1053 991/1007/1053
f 22/22/2441 367/376/2441 999/1008/2441
f 985/997/1055 984/996/1055 992/1009/1055
f 985/997/1057 993/1011/1057 994/1012/1057
f 987/999/1058 986/998/1058 994/1012/1058
f 999/1008/1059 1009/1023/1059 1010/1014/1059
f 993/1011/1060 992/1009/1060 1002/1015/1060
f 994/1012/1062 993/1011/1062 1003/1016/1062
f 994/1012/1063 1004/1017/1063 1005/1018/1063
f 995/1013/1064 1005/1018/1064 1006/1019/1064
f 997/1005/1065 996/1004/1065 1006/1019/1065
f 998/1006/1066 997/1005/1066 1007/1020/1066
f 998/1006/1068 1008/1021/1068 1009/1023/1068
f 991/1007/2442 1001/1022/2442 1002/1015/2442
f 1007/1020/1070 1006/1019/1070 1016/1024/1070
f 1007/1020/1071 1017/1025/1071 1018/1026/1071
f 1008/1021/1073 1018/1026/1073 1019/1028/1073
f 1002/1015/2443 1001/1022/2443 1011/1027/2443
f 1009/1023/1075 1019/1028/1075 1020/1030/1075
f 1002/1015/1076 1012/1029/1076 1013/1031/1076
f 1003/1016/1078 1013/1031/1078 1014/1032/1078
f 1004/1017/1079 1014/1032/1079 1015/1033/1079
f 1006/1019/1080 1005/1018/1080 1015/1033/1080
f 1020/1030/2444 1030/1043/2444 363/4/2444
f 1014/1032/2445 1013/1031/2445 1023/1034/2445
f 1015/1033/1083 1014/1032/1083 1024/1035/1083
f 1015/1033/1084 1025/1036/1084 1026/1037/1084
f 1016/1024/1085 1026/1037/1085 1027/1038/1085
f 1018/1026/1086 1017/1025/1086 1027/1038/1086
f 1019/1028/1088 1018/1026/1088 1028/1039/1088
f 1012/1029/1089 1011/1027/1089 1021/1040/1089
f 1020/1030/1090 1019/1028/1090 1029/1041/1090
f 1012/1029/1091 1022/1042/1091 1023/1034/1091
f 1028/1039/1092 1027/1038/1092 1037/1044/1092
f 1029/1041/1094 1028/1039/1094 1038/1045/1094
f 1021/1040/1095 1031/1046/1095 1032/1048/1095
f 1029/1041/1096 1039/1047/1096 1040/1049/1096
f 1023/1034/1097 1022/1042/1097 1032/1048/1097
f 1024/1035/1099 1023/1034/1099 1033/1050/1099
f 1024/1035/1100 1034/1051/1100 1035/1052/1100
f 1025/1036/1101 1035/1052/1101 1036/1053/1101
f 1026/1037/1102 1036/1053/1102 1037/1044/1102
f 1033/1050/1103 833/842/1103 1043/844/1103
f 1034/1051/1104 1043/844/1104 834/846/1104
f 1036/1053/1105 1035/1052/1105 834/846/1105
f 1037/1044/1106 1036/1053/1106 1044/848/1106
f 1037/1044/1107 835/850/1107 836/852/1107
f 1038/1045/1109 836/852/1109 837/857/1109
f 1032/1048/1110 1031/1046/1110 1041/853/1110
f 1040/1049/1111 1039/1047/1111 837/857/1111
f 1032/1048/1112 1042/858/1112 833/842/1112
f 1046/1054/2446 475/481/2446 471/475/2446
f 1046/1054/1115 1047/1055/1115 1048/1056/1115
f 1284/1057/1116 1048/1056/1116 1049/1058/1116
f 1285/1059/1117 1049/1058/1117 1050/1060/1117
f 1286/1061/2447 1050/1060/2447 1051/1062/2447
f 1047/1055/1121 1052/1065/1121 1053/1066/1121
f 1048/1056/1122 1053/1066/1122 1054/1067/1122
f 1049/1058/1123 1054/1067/1123 1055/1068/1123
f 1050/1060/1124 1055/1068/1124 1056/1069/1124
f 1054/1067/1126 1060/1075/1126 1061/1070/1126
f 1055/1068/1127 1061/1070/1127 1062/1071/1127
f 1052/1065/2448 471/475/2448 1057/1072/2448
f 1052/1065/2449 1058/1073/2449 1059/1074/2449
f 1053/1066/1132 1059/1074/1132 1060/1075/1132
f 1057/1072/1133 1063/1081/1133 1064/1076/1133
f 1058/1073/1134 1064/1076/1134 1065/1077/1134
f 1059/1074/1135 1065/1077/1135 1066/1078/1135
f 1060/1075/1136 1066/1078/1136 1067/1079/1136
f 1061/1070/2450 1067/1079/2450 1068/1080/2450
f 1067/1079/2451 1073/1087/2451 1074/1082/2451
f 1063/1081/1143 1069/1083/1143 1070/1084/1143
f 1064/1076/1144 1070/1084/1144 1071/1085/1144
f 1065/1077/1145 1071/1085/1145 1072/1086/1145
f 1066/1078/1146 1072/1086/1146 1073/1087/1146
f 1069/1083/1147 1075/1094/1147 1076/1088/1147
f 1070/1084/1148 1076/1088/1148 1077/1089/1148
f 1071/1085/1149 1077/1089/1149 1078/1090/1149
f 1072/1086/1150 1078/1090/1150 1079/1091/1150
f 1073/1087/1151 1079/1091/1151 1080/1092/1151
f 1079/1091/1155 1087/1101/1155 1088/1095/1155
f 1075/1094/2452 463/473/2452 1082/1096/2452
f 1075/1094/1159 1083/1097/1159 1084/1098/1159
f 1076/1088/1160 1084/1098/1160 1085/1099/1160
f 1077/1089/1161 1085/1099/1161 1086/1100/1161
f 1078/1090/2453 1086/1100/2453 1087/1101/2453
f 1084/1098/1163 1092/1109/1163 1093/1102/1163
f 1085/1099/1164 1093/1102/1164 1094/1103/1164
f 1086/1100/1165 1094/1103/1165 1095/1104/1165
f 1087/1101/1166 1095/1104/1166 1096/1105/1166
f 1081/1093/1169 1089/1106/1169 1090/1107/1169
f 1082/1096/1170 1090/1107/1170 1091/1108/1170
f 1083/1097/1171 1091/1108/1171 1092/1109/1171
f 1090/1107/1174 1089/1106/1174 1097/1110/1174
f 1091/1108/1175 1090/1107/1175 1098/1112/1175
f 1092/1109/2454 1091/1108/2454 1099/1113/2454
f 1093/1102/1177 1092/1109/1177 1100/1114/1177
f 1094/1103/1178 1093/1102/1178 1101/1115/1178
f 1095/1104/1179 1094/1103/1179 1102/1116/1179
f 1096/1105/1180 1095/1104/1180 1103/1117/1180
f 1101/1115/1181 1100/1114/1181 1108/1118/1181
f 1102/1116/1182 1101/1115/1182 1109/1119/1182
f 1103/1117/1183 1102/1116/1183 1110/1120/1183
f 1104/1111/1184 1103/1117/1184 1111/1121/1184
f 1098/1112/1187 1097/1110/1187 1105/1123/1187
f 1099/1113/1188 1098/1112/1188 1106/1124/1188
f 1100/1114/1189 1099/1113/1189 1107/1125/1189
f 1106/1124/1191 1105/1123/1191 1113/1127/1191
f 1107/1125/1192 1106/1124/1192 1114/1128/1192
f 1108/1118/2455 1107/1125/2455 1115/1129/2455
f 1109/1119/1194 1108/1118/1194 1116/1130/1194
f 1110/1120/1195 1109/1119/1195 1117/1131/1195
f 1111/1121/1196 1110/1120/1196 1118/1132/1196
f 1112/1122/1198 1111/1121/1198 1119/1133/1198
f 1105/1123/2456 462/472/2456 470/1137/2456
f 1118/1132/1200 1117/1131/1200 1125/1138/1200
f 1119/1133/1201 1118/1132/1201 1126/1139/1201
f 1120/1126/2457 1119/1133/2457 1127/1140/2457
f 1114/1128/1206 1113/1127/1206 1121/1143/1206
f 1115/1129/1207 1114/1128/1207 1122/1144/1207
f 1116/1130/1208 1115/1129/1208 1123/1145/1208
f 1117/1131/1209 1116/1130/1209 1124/1146/1209
f 1123/1145/1210 1122/1144/1210 1130/1147/1210
f 1124/1146/1211 1123/1145/1211 1131/1148/1211
f 1125/1138/1212 1124/1146/1212 1132/1149/1212
f 1126/1139/1213 1125/1138/1213 1133/1150/1213
f 1127/1140/2458 1126/1139/2458 1134/1151/2458
f 1128/1142/1215 1127/1140/1215 1135/1152/1215
f 1122/1144/1218 1121/1143/1218 1129/1154/1218
f 1135/1152/1219 1134/1151/1219 1142/1155/1219
f 1136/1153/2459 1135/1152/2459 1143/1156/2459
f 1130/1147/1223 1129/1154/1223 1137/1158/1223
f 1131/1148/1224 1130/1147/1224 1138/1159/1224
f 1132/1149/1225 1131/1148/1225 1139/1160/1225
f 1133/1150/1226 1132/1149/1226 1140/1161/1226
f 1134/1151/1227 1133/1150/1227 1141/1162/1227
f 1139/1160/1228 1138/1159/1228 1149/1163/1228
f 1140/1161/1229 1139/1160/1229 1150/1164/1229
f 1141/1162/1230 1140/1161/1230 1151/1165/1230
f 1142/1155/1232 1141/1162/1232 1152/1166/1232
f 1143/1156/2460 1142/1155/2460 1153/1169/2460
f 470/1137/2461 469/480/2461 1147/1170/2461
f 1144/1157/1236 1143/1156/1236 1154/1171/1236
f 1137/1158/2462 470/1137/2462 474/1172/2462
f 1138/1159/1239 1137/1158/1239 1148/1174/1239
f 1154/1171/1240 1153/1169/1240 1164/1175/1240
f 1155/1173/2463 1154/1171/2463 1165/1176/2463
f 1149/1163/1245 1148/1174/1245 1159/1179/1245
f 1150/1164/1246 1149/1163/1246 1160/1180/1246
f 1151/1165/1247 1150/1164/1247 1161/1181/1247
f 1152/1166/1248 1151/1165/1248 1162/1182/1248
f 1146/1168/2464 1145/1167/2464 1156/1184/2464
f 1153/1169/1250 1152/1166/1250 1163/1183/1250
f 1146/1168/2465 1157/1185/2465 1158/1177/2465
f 1161/1181/1252 1171/1195/1252 1172/1186/1252
f 1162/1182/1253 1172/1186/1253 1173/1187/1253
f 1163/1183/1255 1173/1187/1255 1174/1189/1255
f 1164/1175/1257 1174/1189/1257 1175/1191/1257
f 1165/1176/2466 1175/1191/2466 1176/1192/2466
f 1159/1179/1262 1169/1193/1262 1170/1194/1262
f 1160/1180/1263 1170/1194/1263 1171/1195/1263
f 1175/1191/2467 1186/1205/2467 1187/1197/2467
f 1169/1193/1268 1180/1198/1268 1181/1199/1268
f 1170/1194/1269 1181/1199/1269 1182/1200/1269
f 1171/1195/1270 1182/1200/1270 1183/1201/1270
f 1172/1186/1271 1183/1201/1271 1184/1202/1271
f 1167/1188/2468 1177/1208/2468 1178/1203/2468
f 1173/1187/1273 1184/1202/1273 1185/1204/1273
f 1168/1190/2469 1157/1185/2469 1178/1203/2469
f 1174/1189/2470 1185/1204/2470 1186/1205/2470
f 1182/1200/1276 1191/1216/1276 1192/1206/1276
f 1183/1201/2471 1192/1206/2471 1193/1207/2471
f 1184/1202/1279 1193/1207/1279 1194/1209/1279
f 1178/1203/2472 479/487/2472 1188/1210/2472
f 1185/1204/1281 1194/1209/1281 1195/1211/1281
f 474/1172/2473 1179/1196/2473 1188/1210/2473
f 1186/1205/2474 1195/1211/2474 1196/1213/2474
f 1180/1198/2475 474/1172/2475 480/1212/2475
f 1180/1198/1286 1189/1214/1286 1190/1215/1286
f 1181/1199/1287 1190/1215/1287 1191/1216/1287
f 1195/1211/2476 1204/1225/2476 1205/1217/2476
f 1189/1214/1291 1198/1218/1291 1199/1219/1291
f 1190/1215/2477 1199/1219/2477 1200/1220/2477
f 1191/1216/1293 1200/1220/1293 1201/1221/1293
f 1192/1206/1294 1201/1221/1294 1202/1222/1294
f 1193/1207/1295 1202/1222/1295 1203/1223/1295
f 1194/1209/2478 1203/1223/2478 1204/1225/2478
f 1201/1221/1299 1211/1234/1299 1212/1226/1299
f 1202/1222/1300 1212/1226/1300 1213/1227/1300
f 1203/1223/1302 1213/1227/1302 1214/1229/1302
f 1204/1225/2479 1214/1229/2479 1215/1230/2479
f 1198/1218/1307 1208/1231/1307 1209/1232/1307
f 1199/1219/1308 1209/1232/1308 1210/1233/1308
f 1200/1220/1309 1210/1233/1309 1211/1234/1309
f 1208/1231/1311 1217/1243/1311 1218/1236/1311
f 1209/1232/1312 1218/1236/1312 1219/1237/1312
f 1210/1233/2480 1219/1237/2480 1220/1238/2480
f 1211/1234/2481 1220/1238/2481 1221/1239/2481
f 1212/1226/1315 1221/1239/1315 1222/1240/1315
f 1213/1227/1317 1222/1240/1317 1223/1242/1317
f 1214/1229/1319 1223/1242/1319 1224/1235/1319
f 1221/1239/1321 1230/1253/1321 1231/1244/1321
f 1222/1240/1322 1231/1244/1322 1232/1245/1322
f 480/1212/2482 1216/1241/2482 1225/1246/2482
f 1223/1242/1324 1232/1245/1324 1233/1248/1324
f 480/1212/2483 487/490/2483 1226/1249/2483
f 1217/1243/1327 1226/1249/1327 1227/1250/1327
f 1218/1236/1328 1227/1250/1328 1228/1251/1328
f 1219/1237/1329 1228/1251/1329 1229/1252/1329
f 1220/1238/1330 1229/1252/1330 1230/1253/1330
f 1226/1249/2484 487/490/2484 1234/1254/2484
f 1227/1250/1332 1234/1254/1332 1235/1255/1332
f 1228/1251/1333 1235/1255/1333 1236/1256/1333
f 1229/1252/1334 1236/1256/1334 1237/1257/1334
f 1230/1253/1335 1237/1257/1335 1238/1258/1335
f 1231/1244/1336 1238/1258/1336 1239/1259/1336
f 1232/1245/1337 1239/1259/1337 1240/1260/1337
f 1238/1258/1339 1237/1257/1339 1244/1261/1339
f 1239/1259/1340 1238/1258/1340 1245/1262/1340
f 1240/1260/1341 1239/1259/1341 1246/1263/1341
f 1235/1255/1344 1234/1254/1344 1241/1265/1344
f 1236/1256/1345 1235/1255/1345 1242/1266/1345
f 1237/1257/1346 1236/1256/1346 1243/1267/1346
f 1242/1266/1347 1241/1265/1347 1248/1268/1347
f 1243/1267/1348 1242/1266/1348 1249/1269/1348
f 1244/1261/1349 1243/1267/1349 1250/1270/1349
f 1245/1262/1350 1244/1261/1350 1251/1271/1350
f 1246/1263/2485 1245/1262/2485 1252/1272/2485
f 1247/1264/1352 1246/1263/1352 1253/1273/1352
f 1253/1273/1355 1252/1272/1355 1259/1275/1355
f 1254/1274/2486 1253/1273/2486 1260/1276/2486
f 1249/1269/2487 1248/1268/2487 1255/1278/2487
f 1250/1270/1360 1249/1269/1360 1256/1279/1360
f 1251/1271/1361 1250/1270/1361 1257/1280/1361
f 1252/1272/1362 1251/1271/1362 1258/1281/1362
f 1256/1279/2488 1255/1278/2488 1262/1282/2488
f 1258/1281/1364 1257/1280/1364 1262/1282/1364
f 1259/1275/1365 1258/1281/1365 1263/1283/1365
f 1260/1276/1366 1259/1275/1366 1264/1284/1366
f 1261/1277/2489 1260/1276/2489 1265/1285/2489
f 1265/1285/1369 1264/1284/1369 1270/1287/1369
f 1266/1286/2490 1265/1285/2490 1271/1288/2490
f 1255/1278/2491 487/490/2491 488/495/2491
f 1262/1282/2492 1255/1278/2492 1267/1290/2492
f 1263/1283/1374 1262/1282/1374 1268/1291/1374
f 1264/1284/1375 1263/1283/1375 1269/1292/1375
f 1268/1291/2493 1267/1290/2493 1273/1293/2493
f 1269/1292/1377 1268/1291/1377 1274/1294/1377
f 1270/1287/1378 1269/1292/1378 1275/1295/1378
f 1271/1288/1379 1270/1287/1379 1276/1296/1379
f 1272/1289/1380 1271/1288/1380 1277/1297/1380
f 1278/1298/1383 1277/1297/1383 1282/1299/1383
f 1273/1293/2494 481/491/2494 1279/1301/2494
f 1275/1295/1386 1274/1294/1386 1279/1301/1386
f 1276/1296/1387 1275/1295/1387 1280/1302/1387
f 1277/1297/1388 1276/1296/1388 1281/1303/1388
f 1280/1302/1389 1279/1301/1389 1046/1054/1389
f 1281/1303/1390 1280/1302/1390 1284/1057/1390
f 1282/1299/1391 1281/1303/1391 1285/1059/1391
f 1283/1300/1392 1282/1299/1392 1286/1061/1392
f 1279/1301/2495 481/491/2495 475/481/2495
f 1543/1304/1395 1289/1316/1395 1290/1305/1395
f 1288/1306/1396 1290/1305/1396 1291/1307/1396
f 1544/1308/1397 1291/1307/1397 1292/1309/1397
f 1545/1310/1398 1292/1309/1398 1293/1311/1398
f 1546/1312/2496 1293/1311/2496 1294/1313/2496
f 586/370/2497 583/1317/2497 1289/1316/2497
f 583/1317/2498 569/574/2498 1295/1318/2498
f 1289/1316/1403 1295/1318/1403 1296/1319/1403
f 1290/1305/1404 1296/1319/1404 1297/1320/1404
f 1291/1307/1405 1297/1320/1405 1298/1321/1405
f 1292/1309/2499 1298/1321/2499 1299/1322/2499
f 1293/1311/1407 1299/1322/1407 1300/1323/1407
f 1298/1321/1409 1304/1329/1409 1305/1324/1409
f 1299/1322/1410 1305/1324/1410 1306/1325/1410
f 1295/1318/1413 1301/1326/1413 1302/1327/1413
f 1296/1319/1414 1302/1327/1414 1303/1328/1414
f 1297/1320/2500 1303/1328/2500 1304/1329/2500
f 1301/1326/1416 1307/1335/1416 1308/1330/1416
f 1302/1327/1417 1308/1330/1417 1309/1331/1417
f 1303/1328/1418 1309/1331/1418 1310/1332/1418
f 1304/1329/1419 1310/1332/1419 1311/1333/1419
f 1305/1324/1420 1311/1333/1420 1312/1334/1420
f 569/574/2501 568/573/2501 1307/1335/2501
f 1311/1333/2502 1317/1341/2502 1318/1336/2502
f 1307/1335/1426 1313/1337/1426 1314/1338/1426
f 1308/1330/2503 1314/1338/2503 1315/1339/2503
f 1309/1331/1428 1315/1339/1428 1316/1340/1428
f 1310/1332/1429 1316/1340/1429 1317/1341/1429
f 1313/1337/1430 1320/1348/1430 1321/1342/1430
f 1314/1338/1431 1321/1342/1431 1322/1343/1431
f 1315/1339/1432 1322/1343/1432 1323/1344/1432
f 1316/1340/1433 1323/1344/1433 1324/1345/1433
f 1317/1341/2504 1324/1345/2504 1325/1346/2504
f 1313/1337/2505 568/573/2505 1319/1347/2505
f 1324/1345/1437 1330/1354/1437 1331/1349/1437
f 1320/1348/1440 1326/1350/1440 1327/1351/1440
f 1321/1342/1441 1327/1351/1441 1328/1352/1441
f 1322/1343/1442 1328/1352/1442 1329/1353/1442
f 1323/1344/2506 1329/1353/2506 1330/1354/2506
f 1327/1351/1444 1335/1362/1444 1336/1355/1444
f 1328/1352/1445 1336/1355/1445 1337/1356/1445
f 1329/1353/1446 1337/1356/1446 1338/1357/1446
f 1330/1354/2507 1338/1357/2507 1339/1358/2507
f 1319/1347/2508 568/573/2508 1332/1359/2508
f 1326/1350/2509 1319/1347/2509 1333/1360/2509
f 1326/1350/1452 1334/1361/1452 1335/1362/1452
f 1333/1360/1455 1332/1359/1455 1340/1363/1455
f 1334/1361/1456 1333/1360/1456 1341/1365/1456
f 1335/1362/1457 1334/1361/1457 1342/1366/1457
f 1336/1355/1458 1335/1362/1458 1343/1367/1458
f 1337/1356/1459 1336/1355/1459 1344/1368/1459
f 1338/1357/1460 1337/1356/1460 1345/1369/1460
f 1339/1358/1461 1338/1357/1461 1346/1370/1461
f 1344/1368/1462 1343/1367/1462 1353/1371/1462
f 1345/1369/1463 1344/1368/1463 1354/1372/1463
f 1346/1370/2510 1345/1369/2510 1355/1373/2510
f 1347/1364/2511 1346/1370/2511 1356/1374/2511
f 1340/1363/2512 580/589/2512 1349/1376/2512
f 1341/1365/1469 1340/1363/1469 1350/1378/1469
f 1342/1366/1470 1341/1365/1470 1351/1379/1470
f 1343/1367/1471 1342/1366/1471 1352/1380/1471
f 1351/1379/1473 1350/1378/1473 1360/1382/1473
f 1352/1380/1474 1351/1379/1474 1361/1383/1474
f 1353/1371/2513 1352/1380/2513 1362/1384/2513
f 1354/1372/2514 1353/1371/2514 1363/1385/2514
f 1355/1373/1477 1354/1372/1477 1364/1386/1477
f 1356/1374/1479 1355/1373/1479 1365/1387/1479
f 1348/1375/1480 1358/1388/1480 1359/1390/1480
f 1357/1377/2515 1356/1374/2515 1366/1389/2515
f 1349/1376/1482 1359/1390/1482 1360/1382/1482
f 1365/1387/1483 1364/1386/1483 1374/1391/1483
f 579/588/2516 582/591/2516 1368/1393/2516
f 1366/1389/1485 1365/1387/1485 1375/1392/1485
f 1358/1388/1486 1368/1393/1486 1369/1395/1486
f 1367/1381/2517 1366/1389/2517 1376/1394/2517
f 1359/1390/1488 1369/1395/1488 1370/1397/1488
f 1361/1383/1490 1360/1382/1490 1370/1397/1490
f 1362/1384/1491 1361/1383/1491 1371/1398/1491
f 1363/1385/1492 1362/1384/1492 1372/1399/1492
f 1364/1386/1493 1363/1385/1493 1373/1400/1493
f 1372/1399/2518 1371/1398/2518 1381/1401/2518
f 1373/1400/1495 1372/1399/1495 1382/1402/1495
f 1374/1391/1496 1373/1400/1496 1383/1403/1496
f 1375/1392/1497 1374/1391/1497 1384/1404/1497
f 1376/1394/1499 1375/1392/1499 1385/1405/1499
f 1368/1393/1500 1378/1406/1500 1379/1408/1500
f 1377/1396/2519 1376/1394/2519 1386/1407/2519
f 1369/1395/1502 1379/1408/1502 1380/1410/1502
f 1371/1398/1504 1370/1397/1504 1380/1410/1504
f 1378/1406/2520 582/591/2520 1388/1411/2520
f 1386/1407/1506 1385/1405/1506 1396/1413/1506
f 1378/1406/1507 1389/1412/1507 1390/1415/1507
f 1387/1409/1508 1386/1407/1508 1397/1414/1508
f 1379/1408/1509 1390/1415/1509 1391/1417/1509
f 1381/1401/1511 1380/1410/1511 1391/1417/1511
f 1382/1402/1512 1381/1401/1512 1392/1418/1512
f 1383/1403/1513 1382/1402/1513 1393/1419/1513
f 1384/1404/1514 1383/1403/1514 1394/1420/1514
f 1385/1405/1516 1384/1404/1516 1395/1421/1516
f 1393/1419/1517 1392/1418/1517 1403/1422/1517
f 1394/1420/1518 1393/1419/1518 1404/1423/1518
f 1395/1421/1519 1394/1420/1519 1405/1424/1519
f 582/591/2521 585/952/2521 1399/1426/2521
f 1396/1413/1521 1395/1421/1521 1406/1425/1521
f 1388/1411/2522 1399/1426/2522 1400/1428/2522
f 1397/1414/2523 1396/1413/2523 1407/1427/2523
f 1389/1412/1524 1400/1428/1524 1401/1430/1524
f 1398/1416/1525 1397/1414/1525 1408/1429/1525
f 1390/1415/2524 1401/1430/2524 1402/1432/2524
f 1392/1418/2525 1391/1417/2525 1402/1432/2525
f 1408/1429/1529 1407/1427/1529 1417/1433/1529
f 1400/1428/1530 1410/1442/1530 1411/1435/1530
f 1409/1431/1531 1408/1429/1531 1418/1434/1531
f 1401/1430/1532 1411/1435/1532 1412/1437/1532
f 1403/1422/1534 1402/1432/1534 1412/1437/1534
f 1404/1423/1535 1403/1422/1535 1413/1438/1535
f 1405/1424/1536 1404/1423/1536 1414/1439/1536
f 1406/1425/1537 1405/1424/1537 1415/1440/1537
f 1407/1427/1538 1406/1425/1538 1416/1441/1538
f 1414/1439/1540 1424/1453/1540 1425/1443/1540
f 1415/1440/1541 1425/1443/1541 1426/1444/1541
f 1416/1441/1543 1426/1444/1543 1427/1446/1543
f 1417/1433/1545 1427/1446/1545 1428/1448/1545
f 1411/1435/1546 1410/1442/1546 1420/1447/1546
f 1418/1434/2526 1428/1448/2526 1429/1450/2526
f 1412/1437/1548 1411/1435/1548 1421/1449/1548
f 1412/1437/1550 1422/1451/1550 1423/1452/1550
f 1413/1438/1551 1423/1452/1551 1424/1453/1551
f 1421/1449/1552 1420/1447/1552 1431/1454/1552
f 1428/1448/1553 1439/1464/1553 1440/1456/1553
f 1422/1451/1554 1421/1449/1554 1432/1455/1554
f 1422/1451/1556 1433/1457/1556 1434/1458/1556
f 1423/1452/1557 1434/1458/1557 1435/1459/1557
f 1424/1453/1558 1435/1459/1558 1436/1460/1558
f 1425/1443/1559 1436/1460/1559 1437/1461/1559
f 1426/1444/1561 1437/1461/1561 1438/1463/1561
f 1420/1447/2527 1399/1426/2527 1430/1462/2527
f 1427/1446/2528 1438/1463/2528 1439/1464/2528
f 1435/1459/1564 1445/1474/1564 1446/1465/1564
f 1436/1460/1565 1446/1465/1565 1447/1466/1565
f 1437/1461/1567 1447/1466/1567 1448/1467/1567
f 1430/1462/2529 369/381/2529 1441/1468/2529
f 1438/1463/1569 1448/1467/1569 1449/1469/1569
f 1432/1455/1570 1431/1454/1570 1441/1468/1570
f 1439/1464/2530 1449/1469/2530 1450/1471/2530
f 1433/1457/1572 1432/1455/1572 1442/1470/1572
f 1433/1457/1574 1443/1472/1574 1444/1473/1574
f 1434/1458/1575 1444/1473/1575 1445/1474/1575
f 1449/1469/1576 1459/1484/1576 1460/1475/1576
f 1443/1472/1577 1442/1470/1577 1452/1476/1577
f 1443/1472/1579 1453/1477/1579 1454/1478/1579
f 1444/1473/2531 1454/1478/2531 1455/1479/2531
f 1445/1474/1581 1455/1479/1581 1456/1480/1581
f 1446/1465/1582 1456/1480/1582 1457/1481/1582
f 1447/1466/1583 1457/1481/1583 1458/1482/1583
f 1448/1467/2532 1458/1482/2532 1459/1484/2532
f 1442/1470/1586 1441/1468/1586 1451/1483/1586
f 1456/1480/1587 1467/1494/1587 1468/1485/1587
f 1457/1481/1588 1468/1485/1588 1469/1486/1588
f 1458/1482/1590 1469/1486/1590 1470/1488/1590
f 1452/1476/1591 1451/1483/1591 1462/1487/1591
f 1459/1484/2533 1470/1488/2533 1471/1490/2533
f 1453/1477/1593 1452/1476/1593 1463/1489/1593
f 1453/1477/1595 1464/1491/1595 1465/1492/1595
f 1454/1478/1596 1465/1492/1596 1466/1493/1596
f 1455/1479/1597 1466/1493/1597 1467/1494/1597
f 1464/1491/1599 1473/1503/1599 1474/1496/1599
f 1465/1492/1600 1474/1496/1600 1475/1497/1600
f 1466/1493/1601 1475/1497/1601 1476/1498/1601
f 1467/1494/1602 1476/1498/1602 1477/1499/1602
f 1468/1485/1603 1477/1499/1603 1478/1500/1603
f 1469/1486/1605 1478/1500/1605 1479/1501/1605
f 1462/1487/2534 369/381/2534 1472/1502/2534
f 1470/1488/1607 1479/1501/1607 1480/1495/1607
f 1464/1491/1608 1463/1489/1608 1472/1502/1608
f 1477/1499/1609 1486/1511/1609 1487/1504/1609
f 1478/1500/1610 1487/1504/1610 1488/1505/1610
f 1479/1501/2535 1488/1505/2535 1489/1506/2535
f 1473/1503/2536 1472/1502/2536 1481/1445/2536
f 1473/1503/1615 1482/1507/1615 1483/1508/1615
f 1474/1496/1616 1483/1508/1616 1484/1509/1616
f 1475/1497/1617 1484/1509/1617 1485/1510/1617
f 1476/1498/1618 1485/1510/1618 1486/1511/1618
f 1482/1507/1619 1490/1519/1619 1491/1512/1619
f 1483/1508/1620 1491/1512/1620 1492/1513/1620
f 1484/1509/1621 1492/1513/1621 1493/1514/1621
f 1485/1510/1622 1493/1514/1622 1494/1515/1622
f 1486/1511/1623 1494/1515/1623 1495/1516/1623
f 1487/1504/1624 1495/1516/1624 1496/1517/1624
f 1488/1505/1625 1496/1517/1625 1497/1518/1625
f 1481/1445/2537 370/383/2537 1490/1519/2537
f 1495/1516/1628 1494/1515/1628 1502/1520/1628
f 1496/1517/1629 1495/1516/1629 1503/1521/1629
f 1497/1518/2538 1496/1517/2538 1504/1522/2538
f 1491/1512/1633 1490/1519/1633 1498/385/1633
f 1492/1513/1634 1491/1512/1634 1499/1524/1634
f 1493/1514/1635 1492/1513/1635 1500/1525/1635
f 1494/1515/1636 1493/1514/1636 1501/1526/1636
f 1500/1525/1637 1499/1524/1637 1506/1527/1637
f 1501/1526/1638 1500/1525/1638 1507/1528/1638
f 1502/1520/1639 1501/1526/1639 1508/1529/1639
f 1503/1521/1640 1502/1520/1640 1509/1530/1640
f 1504/1522/1641 1503/1521/1641 1510/1531/1641
f 1505/1523/1642 1504/1522/1642 1511/1532/1642
f 1498/385/2539 376/384/2539 1506/1527/2539
f 1511/1532/1645 1510/1531/1645 1516/1534/1645
f 1512/1533/1646 1511/1532/1646 1517/1535/1646
f 1506/1527/2540 376/384/2540 1513/1537/2540
f 1508/1529/1649 1507/1528/1649 1513/1537/1649
f 1509/1530/1650 1508/1529/1650 1514/1538/1650
f 1510/1531/1651 1509/1530/1651 1515/1539/1651
f 1514/1538/1653 1513/1537/1653 1519/1540/1653
f 1515/1539/2541 1514/1538/2541 1520/1541/2541
f 1516/1534/1655 1515/1539/1655 1521/1542/1655
f 1517/1535/1656 1516/1534/1656 1522/1543/1656
f 1518/1536/2542 1517/1535/2542 1523/1544/2542
f 1523/1544/1659 1522/1543/1659 1528/1546/1659
f 1524/1545/2543 1523/1544/2543 1529/1547/2543
f 1520/1541/1663 1519/1540/1663 1525/1549/1663
f 1521/1542/1664 1520/1541/1664 1526/1550/1664
f 1522/1543/1665 1521/1542/1665 1527/1551/1665
f 1526/1550/2544 1525/1549/2544 1531/1552/2544
f 1527/1551/1667 1526/1550/1667 1532/1553/1667
f 1528/1546/2545 1527/1551/2545 1533/1554/2545
f 1529/1547/1669 1528/1546/1669 1534/1555/1669
f 1530/1548/1670 1529/1547/1670 1535/1556/1670
f 1525/1549/2546 376/384/2546 365/374/2546
f 1536/1557/1673 1535/1556/1673 1541/1558/1673
f 1532/1553/1676 1531/1552/1676 1537/1560/1676
f 1533/1554/1677 1532/1553/1677 1538/1561/1677
f 1534/1555/1678 1533/1554/1678 1539/1562/1678
f 1535/1556/1679 1534/1555/1679 1540/1563/1679
f 1539/1562/1680 1538/1561/1680 1288/1306/1680
f 1540/1563/1681 1539/1562/1681 1544/1308/1681
f 1541/1558/1682 1540/1563/1682 1545/1310/1682
f 1542/1559/1683 1541/1558/1683 1546/1312/1683
f 1537/1560/2547 365/374/2547 586/370/2547
f 1538/1561/1686 1537/1560/1686 1543/1304/1686
f 1565/1567/1688 1566/1578/1688 1595/1568/1688
f 525/1570/2548 1562/1581/2548 1561/1571/2548
f 533/1573/2549 1567/1585/2549 1566/1578/2549
f 542/1564/2550 534/1590/2550 1554/1579/2550
f 533/1573/2551 541/1586/2551 1571/1582/2551
f 541/1586/2552 542/1564/2552 1550/1596/2552
f 526/1572/2553 1557/1577/2553 1556/1597/2553
f 1597/1598/2554 1598/1606/2554 1630/1599/2554
f 1552/1566/2555 1553/1565/2555 1582/1601/2555
f 1566/1578/1716 1567/1585/1716 1596/1603/1716
f 1553/1565/2556 1554/1579/2556 1583/1604/2556
f 1567/1585/2557 1568/1584/2557 1597/1598/2557
f 1554/1579/2558 1555/1591/2558 1584/1605/2558
f 1555/1591/2559 1556/1597/2559 1585/1607/2559
f 1569/1575/2560 1599/1609/2560 1598/1606/2560
f 1556/1597/2561 1557/1577/2561 1586/1608/2561
f 1570/1574/1724 1600/1611/1724 1599/1609/1724
f 1557/1577/2562 1558/1576/2562 1587/1610/2562
f 1571/1582/1726 1601/1614/1726 1600/1611/1726
f 1558/1576/2563 1559/1583/2563 1588/1612/2563
f 1549/1587/2564 1575/1616/2564 1574/1613/2564
f 1572/1593/1729 1602/1617/1729 1601/1614/1729
f 1559/1583/2565 1560/1595/2565 1589/1615/2565
f 1550/1596/2566 1576/1619/2566 1575/1616/2566
f 1573/1589/2567 1603/1621/2567 1602/1617/2567
f 1560/1595/2568 1561/1571/2568 1590/1618/2568
f 1551/1594/2569 1577/1624/2569 1576/1619/2569
f 1561/1571/2570 1562/1581/2570 1591/1622/2570
f 1562/1581/2571 1563/1580/2571 1592/1626/2571
f 1548/1588/2572 1574/1613/2572 1605/1625/2572
f 1563/1580/2573 1564/1592/2573 1593/1628/2573
f 1552/1566/2574 1580/1629/2574 1579/1627/2574
f 1564/1592/2575 1565/1567/2575 1594/1569/2575
f 1633/1630/2576 1665/1667/2576 1664/1631/2576
f 1584/1605/2577 1585/1607/2577 1617/1633/2577
f 1598/1606/2578 1599/1609/2578 1631/1635/2578
f 1585/1607/2579 1586/1608/2579 1618/1636/2579
f 1599/1609/2580 1600/1611/2580 1632/1632/2580
f 1586/1608/2581 1587/1610/2581 1619/1637/2581
f 1600/1611/2582 1601/1614/2582 1633/1630/2582
f 1587/1610/2583 1588/1612/2583 1620/1638/2583
f 1575/1616/2584 1607/1642/2584 1606/1639/2584
f 1601/1614/2585 1602/1617/2585 1634/1640/2585
f 1588/1612/2586 1589/1615/2586 1621/1641/2586
f 1576/1619/2587 1608/1645/2587 1607/1642/2587
f 1602/1617/2588 1603/1621/2588 1635/1643/2588
f 1589/1615/2589 1590/1618/2589 1622/1644/2589
f 1577/1624/2590 1609/1648/2590 1608/1645/2590
f 1604/1620/2591 1636/1649/2591 1635/1643/2591
f 1590/1618/2592 1591/1622/2592 1623/1646/2592
f 1577/1624/2593 1578/1623/2593 1610/1647/2593
f 1605/1625/2594 1637/1652/2594 1636/1649/2594
f 1591/1622/2595 1592/1626/2595 1624/1650/2595
f 1578/1623/2596 1579/1627/2596 1611/1651/2596
f 1574/1613/2597 1606/1639/2597 1637/1652/2597
f 1592/1626/2598 1593/1628/2598 1625/1653/2598
f 1579/1627/2599 1580/1629/2599 1612/1654/2599
f 1593/1628/2600 1594/1569/2600 1626/1655/2600
f 1580/1629/2601 1581/1602/2601 1613/1656/2601
f 1594/1569/2602 1595/1568/2602 1627/1657/2602
f 1581/1602/2603 1582/1601/2603 1614/1658/2603
f 1595/1568/2604 1596/1603/2604 1628/1659/2604
f 1582/1601/2605 1583/1604/2605 1615/1660/2605
f 1596/1603/2606 1597/1598/2606 1629/1600/2606
f 1583/1604/2607 1584/1605/2607 1616/1634/2607
f 1641/1661/2608 1673/1700/2608 1672/1662/2608
f 1619/1637/2609 1620/1638/2609 1652/1664/2609
f 1607/1642/2610 1639/1669/2610 1638/1666/2610
f 1634/1640/2611 1666/1670/2611 1665/1667/2611
f 1620/1638/2612 1621/1641/2612 1653/1668/2612
f 1607/1642/2613 1608/1645/2613 1640/1663/2613
f 1635/1643/2614 1667/1671/2614 1666/1670/2614
f 1622/1644/2615 1654/1672/2615 1653/1668/2615
f 1608/1645/2616 1609/1648/2616 1641/1661/2616
f 1636/1649/2617 1668/1674/2617 1667/1671/2617
f 1623/1646/2618 1655/1675/2618 1654/1672/2618
f 1609/1648/2619 1610/1647/2619 1642/1673/2619
f 1637/1652/2620 1669/1677/2620 1668/1674/2620
f 1624/1650/2621 1656/1678/2621 1655/1675/2621
f 1610/1647/2622 1611/1651/2622 1643/1676/2622
f 1606/1639/2623 1638/1666/2623 1669/1677/2623
f 1625/1653/2624 1657/1680/2624 1656/1678/2624
f 1611/1651/2625 1612/1654/2625 1644/1679/2625
f 1626/1655/2626 1658/1682/2626 1657/1680/2626
f 1612/1654/2627 1613/1656/2627 1645/1681/2627
f 1627/1657/2628 1659/1684/2628 1658/1682/2628
f 1613/1656/2629 1614/1658/2629 1646/1683/2629
f 1628/1659/2630 1660/1686/2630 1659/1684/2630
f 1614/1658/2631 1615/1660/2631 1647/1685/2631
f 1629/1600/2632 1661/1688/2632 1660/1686/2632
f 1615/1660/2633 1616/1634/2633 1648/1687/2633
f 1630/1599/2634 1662/1690/2634 1661/1688/2634
f 1616/1634/2635 1617/1633/2635 1649/1689/2635
f 1631/1635/2636 1663/1692/2636 1662/1690/2636
f 1617/1633/2637 1618/1636/2637 1650/1691/2637
f 1632/1632/2638 1664/1631/2638 1663/1692/2638
f 1618/1636/2639 1619/1637/2639 1651/1665/2639
f 1694/1693/2640 1726/1730/2640 1725/1694/2640
f 1667/1671/2641 1668/1674/2641 1700/1696/2641
f 1654/1672/2642 1655/1675/2642 1687/1698/2642
f 1642/1673/2643 1674/1703/2643 1673/1700/2643
f 1668/1674/2644 1669/1677/2644 1701/1701/2644
f 1655/1675/2645 1656/1678/2645 1688/1702/2645
f 1643/1676/2646 1675/1706/2646 1674/1703/2646
f 1669/1677/2647 1638/1666/2647 1670/1704/2647
f 1656/1678/2648 1657/1680/2648 1689/1705/2648
f 1644/1679/2649 1676/1708/2649 1675/1706/2649
f 1657/1680/2650 1658/1682/2650 1690/1707/2650
f 1645/1681/2651 1677/1710/2651 1676/1708/2651
f 1658/1682/2652 1659/1684/2652 1691/1709/2652
f 1646/1683/2653 1678/1712/2653 1677/1710/2653
f 1659/1684/2654 1660/1686/2654 1692/1711/2654
f 1647/1685/2655 1679/1713/2655 1678/1712/2655
f 1660/1686/2656 1661/1688/2656 1693/1695/2656
f 1648/1687/2657 1680/1714/2657 1679/1713/2657
f 1661/1688/2658 1662/1690/2658 1694/1693/2658
f 1649/1689/2659 1681/1716/2659 1680/1714/2659
f 1662/1690/2660 1663/1692/2660 1695/1715/2660
f 1650/1691/2661 1682/1718/2661 1681/1716/2661
f 1663/1692/2662 1664/1631/2662 1696/1717/2662
f 1651/1665/2663 1683/1720/2663 1682/1718/2663
f 1664/1631/2664 1665/1667/2664 1697/1719/2664
f 1652/1664/2665 1684/1723/2665 1683/1720/2665
f 1638/1666/2666 1639/1669/2666 1671/1721/2666
f 1665/1667/2667 1666/1670/2667 1698/1722/2667
f 1653/1668/2668 1685/1724/2668 1684/1723/2668
f 1639/1669/2669 1640/1663/2669 1672/1662/2669
f 1666/1670/2670 1667/1671/2670 1699/1697/2670
f 1654/1672/2671 1686/1699/2671 1685/1724/2671
f 1728/1725/2672 1729/1736/2672 1761/1726/2672
f 1680/1714/2673 1681/1716/2673 1713/1728/2673
f 1695/1715/2674 1727/1732/2674 1726/1730/2674
f 1681/1716/2675 1682/1718/2675 1714/1731/2675
f 1696/1717/2676 1728/1725/2676 1727/1732/2676
f 1682/1718/2677 1683/1720/2677 1715/1733/2677
f 1697/1719/2678 1729/1736/2678 1728/1725/2678
f 1683/1720/2679 1684/1723/2679 1716/1734/2679
f 1671/1721/2680 1703/1739/2680 1702/1735/2680
f 1698/1722/2681 1730/1740/2681 1729/1736/2681
f 1684/1723/2682 1685/1724/2682 1717/1737/2682
f 1671/1721/2683 1672/1662/2683 1704/1738/2683
f 1699/1697/2684 1731/1743/2684 1730/1740/2684
f 1685/1724/2685 1686/1699/2685 1718/1741/2685
f 1672/1662/2686 1673/1700/2686 1705/1742/2686
f 1700/1696/2687 1732/1746/2687 1731/1743/2687
f 1686/1699/2688 1687/1698/2688 1719/1744/2688
f 1673/1700/2689 1674/1703/2689 1706/1745/2689
f 1701/1701/2690 1733/1749/2690 1732/1746/2690
f 1687/1698/2691 1688/1702/2691 1720/1747/2691
f 1674/1703/2692 1675/1706/2692 1707/1748/2692
f 1670/1704/2693 1702/1735/2693 1733/1749/2693
f 1689/1705/2694 1721/1751/2694 1720/1747/2694
f 1675/1706/2695 1676/1708/2695 1708/1750/2695
f 1690/1707/2696 1722/1753/2696 1721/1751/2696
f 1676/1708/2697 1677/1710/2697 1709/1752/2697
f 1691/1709/2698 1723/1755/2698 1722/1753/2698
f 1677/1710/2699 1678/1712/2699 1710/1754/2699
f 1692/1711/2700 1724/1757/2700 1723/1755/2700
f 1678/1712/2701 1679/1713/2701 1711/1756/2701
f 1693/1695/2702 1725/1694/2702 1724/1757/2702
f 1679/1713/2703 1680/1714/2703 1712/1729/2703
f 1752/1758/2704 1753/1775/2704 1785/1759/2704
f 1716/1734/2705 1748/1765/2705 1747/1761/2705
f 1702/1735/2706 1703/1739/2706 1735/1762/2706
f 1729/1736/2707 1730/1740/2707 1762/1764/2707
f 1717/1737/2708 1749/1767/2708 1748/1765/2708
f 1704/1738/2709 1736/1768/2709 1735/1762/2709
f 1730/1740/2710 1731/1743/2710 1763/1766/2710
f 1718/1741/2711 1750/1771/2711 1749/1767/2711
f 1705/1742/2712 1737/1772/2712 1736/1768/2712
f 1731/1743/2713 1732/1746/2713 1764/1769/2713
f 1718/1741/2714 1719/1744/2714 1751/1770/2714
f 1706/1745/2715 1738/1774/2715 1737/1772/2715
f 1732/1746/2716 1733/1749/2716 1765/1773/2716
f 1719/1744/2717 1720/1747/2717 1752/1758/2717
f 1707/1748/2718 1739/1776/2718 1738/1774/2718
f 1733/1749/2719 1702/1735/2719 1734/1763/2719
f 1720/1747/2720 1721/1751/2720 1753/1775/2720
f 1708/1750/2721 1740/1778/2721 1739/1776/2721
f 1721/1751/2722 1722/1753/2722 1754/1777/2722
f 1709/1752/2723 1741/1780/2723 1740/1778/2723
f 1722/1753/2724 1723/1755/2724 1755/1779/2724
f 1710/1754/2725 1742/1782/2725 1741/1780/2725
f 1723/1755/2726 1724/1757/2726 1756/1781/2726
f 1711/1756/2727 1743/1784/2727 1742/1782/2727
f 1724/1757/2728 1725/1694/2728 1757/1783/2728
f 1712/1729/2729 1744/1786/2729 1743/1784/2729
f 1725/1694/2730 1726/1730/2730 1758/1785/2730
f 1713/1728/2731 1745/1788/2731 1744/1786/2731
f 1726/1730/2732 1727/1732/2732 1759/1787/2732
f 1714/1731/2733 1746/1789/2733 1745/1788/2733
f 1727/1732/2734 1728/1725/2734 1760/1727/2734
f 1715/1733/2735 1747/1761/2735 1746/1789/2735
f 1797/1792/2736 1766/1809/2736 1767/1811/2736
f 1767/1811/2737 1768/1814/2737 1769/1818/2737
f 1769/1818/2738 1770/1817/2738 1771/1794/2738
f 1771/1794/2739 1772/1793/2739 1773/1796/2739
f 1773/1796/2740 1774/1798/2740 1775/1799/2740
f 1775/1799/2741 1776/1801/2741 1777/1802/2741
f 1777/1802/2742 1778/1804/2742 1779/1806/2742
f 1779/1806/2743 1780/1808/2743 1781/1790/2743
f 1781/1790/1906 1782/1813/1906 1783/1816/1906
f 1783/1816/2744 1784/1760/2744 1785/1759/2744
f 1785/1759/2740 1786/1795/2740 1787/1797/2740
f 1787/1797/2745 1788/1800/2745 1789/1791/2745
f 1789/1791/2746 1790/1803/2746 1791/1805/2746
f 1791/1805/2747 1792/1807/2747 1793/1810/2747
f 1793/1810/2744 1794/1812/2744 1795/1815/2744
f 1795/1815/2748 1796/1819/2748 1797/1792/2748
f 1797/1792/1906 1767/1811/1906 1769/1818/1906
f 1769/1818/1906 1771/1794/1906 1773/1796/1906
f 1773/1796/2741 1775/1799/2741 1777/1802/2741
f 1777/1802/1906 1779/1806/1906 1781/1790/1906
f 1781/1790/1906 1783/1816/1906 1785/1759/1906
f 1785/1759/2741 1787/1797/2741 1789/1791/2741
f 1789/1791/1906 1791/1805/1906 1793/1810/1906
f 1793/1810/1906 1795/1815/1906 1797/1792/1906
f 1797/1792/1906 1769/1818/1906 1773/1796/1906
f 1773/1796/1906 1777/1802/1906 1781/1790/1906
f 1781/1790/1906 1785/1759/1906 1789/1791/1906
f 1789/1791/1906 1793/1810/1906 1797/1792/1906
f 1797/1792/1906 1773/1796/1906 1781/1790/1906
f 1739/1776/2749 1740/1778/2749 1772/1793/2749
f 1753/1775/2750 1754/1777/2750 1786/1795/2750
f 1740/1778/2751 1741/1780/2751 1773/1796/2751
f 1754/1777/2752 1755/1779/2752 1787/1797/2752
f 1741/1780/2753 1742/1782/2753 1774/1798/2753
f 1756/1781/2754 1788/1800/2754 1787/1797/2754
f 1742/1782/2755 1743/1784/2755 1775/1799/2755
f 1757/1783/2756 1789/1791/2756 1788/1800/2756
f 1743/1784/2757 1744/1786/2757 1776/1801/2757
f 1758/1785/2758 1790/1803/2758 1789/1791/2758
f 1744/1786/2759 1745/1788/2759 1777/1802/2759
f 1759/1787/2760 1791/1805/2760 1790/1803/2760
f 1745/1788/2761 1746/1789/2761 1778/1804/2761
f 1760/1727/2762 1792/1807/2762 1791/1805/2762
f 1746/1789/2763 1747/1761/2763 1779/1806/2763
f 1761/1726/2764 1793/1810/2764 1792/1807/2764
f 1747/1761/2765 1748/1765/2765 1780/1808/2765
f 1735/1762/2766 1767/1811/2766 1766/1809/2766
f 1762/1764/2767 1794/1812/2767 1793/1810/2767
f 1748/1765/2768 1749/1767/2768 1781/1790/2768
f 1736/1768/2769 1768/1814/2769 1767/1811/2769
f 1763/1766/2770 1795/1815/2770 1794/1812/2770
f 1749/1767/2771 1750/1771/2771 1782/1813/2771
f 1737/1772/2772 1769/1818/2772 1768/1814/2772
f 1764/1769/2773 1796/1819/2773 1795/1815/2773
f 1750/1771/2774 1751/1770/2774 1783/1816/2774
f 1737/1772/2775 1738/1774/2775 1770/1817/2775
f 1765/1773/2776 1797/1792/2776 1796/1819/2776
f 1751/1770/2777 1752/1758/2777 1784/1760/2777
f 1738/1774/2778 1739/1776/2778 1771/1794/2778
f 1734/1763/2779 1766/1809/2779 1797/1792/2779
f 1801/1820/2780 1802/1829/2780 1803/1821/2780
f 215/230/2781 1804/1826/2781 227/208/2781
f 1805/1823/2782 1802/1829/2782 182/189/2782
f 1804/1826/2783 1805/1823/2783 192/193/2783
f 1800/1822/1944 1803/1821/1944 1799/1827/1944
f 204/224/1945 1799/1827/1945 1804/1826/1945
f 1806/1824/1946 1807/1825/1946 1801/1820/1946
f 1803/1821/1945 1805/1823/1945 1804/1826/1945
f 1811/1830/2784 5/19/2784 360/1831/2784
f 1815/1836/1950 30/1841/1950 1810/1832/1950
f 1810/1832/2785 360/1831/2785 6/18/2785
f 18/39/2786 7/26/2786 1815/1836/2786
f 1810/1832/2787 6/18/2787 18/39/2787
f 1811/1837/2788 331/1840/2788 339/352/2788
f 347/354/2789 5/19/2789 1811/1837/2789
f 1808/1838/1952 1811/1837/1952 1810/1832/1952
f 1808/1838/2790 340/1846/2790 331/1840/2790
f 465/637/2791 169/172/2791 168/171/2791
f 168/171/2195 178/175/2195 187/190/2195
f 187/190/2792 188/200/2792 465/637/2792
f 577/586/2793 915/927/2793 921/929/2793
f 921/929/2794 920/928/2794 926/937/2794
f 581/590/2795 577/586/2795 921/929/2795
f 1145/1167/2796 469/480/2796 468/479/2796
f 473/715/2797 478/484/2797 479/487/2797
f 1145/1167/2798 468/479/2798 473/715/2798
f 1156/1184/2799 1145/1167/2799 473/715/2799
f 473/715/2800 479/487/2800 1177/1208/2800
f 1167/1188/2801 1156/1184/2801 473/715/2801
f 1809/1839/2802 1810/1832/2802 30/1841/2802
f 1812/1833/2803 1814/1835/2803 1808/1838/2803
f 340/1846/2804 1808/1838/2804 1814/1835/2804
f 204/224/2805 194/203/2805 193/201/2805
f 193/201/2806 1806/1824/2806 1800/1822/2806
f 1798/1828/2807 1799/1827/2807 204/224/2807
f 193/201/2808 1800/1822/2808 1798/1828/2808
f 144/145/2809 1802/1829/2809 146/148/2809
f 144/145/2810 163/170/2810 182/189/2810
f 146/148/2811 1802/1829/2811 1801/1820/2811
f 164/192/2812 155/166/2812 1801/1820/2812
f 2063/1847/1979 1823/1863/1979 1824/1848/1979
f 1817/1849/1980 1824/1848/1980 1825/1850/1980
f 2064/1851/1981 1825/1850/1981 1826/1852/1981
f 1818/1853/1982 1826/1852/1982 1827/1854/1982
f 2061/1856/1984 1820/1858/1984 1821/1859/1984
f 2062/1860/1985 1821/1859/1985 1822/1861/1985
f 1816/1862/1986 1822/1861/1986 1823/1863/1986
f 1822/1861/1987 1830/1871/1987 1831/1864/1987
f 1823/1863/1988 1831/1864/1988 1832/1865/1988
f 1824/1848/1989 1832/1865/1989 1833/1866/1989
f 1825/1850/2813 1833/1866/2813 1834/1867/2813
f 1826/1852/1991 1834/1867/1991 1835/1868/1991
f 1820/1858/1993 1828/1869/1993 1829/1870/1993
f 1821/1859/1994 1829/1870/1994 1830/1871/1994
f 1834/1867/1995 1842/1879/1995 1843/1872/1995
f 1828/1869/1997 1836/1873/1997 1837/1874/1997
f 1829/1870/1998 1837/1874/1998 1838/1875/1998
f 1830/1871/1999 1838/1875/1999 1839/1876/1999
f 1831/1864/2000 1839/1876/2000 1840/1877/2000
f 1832/1865/2001 1840/1877/2001 1841/1878/2001
f 1833/1866/2002 1841/1878/2002 1842/1879/2002
f 1839/1876/2003 1847/1887/2003 1848/1880/2003
f 1840/1877/2004 1848/1880/2004 1849/1881/2004
f 1841/1878/2005 1849/1881/2005 1850/1882/2005
f 1842/1879/2006 1850/1882/2006 1851/1883/2006
f 1836/1873/2008 1844/1884/2008 1845/1885/2008
f 1837/1874/2009 1845/1885/2009 1846/1886/2009
f 1838/1875/2010 1846/1886/2010 1847/1887/2010
f 1844/1884/2012 1852/1888/2012 1853/1889/2012
f 1845/1885/2013 1853/1889/2013 1854/1890/2013
f 1846/1886/2014 1854/1890/2014 1855/1891/2014
f 1847/1887/2015 1855/1891/2015 1856/1892/2015
f 1848/1880/2016 1856/1892/2016 1857/1893/2016
f 1849/1881/2017 1857/1893/2017 1858/1894/2017
f 1850/1882/2018 1858/1894/2018 1859/1895/2018
f 1855/1891/2019 1864/1903/2019 1865/1896/2019
f 1856/1892/2020 1865/1896/2020 1866/1897/2020
f 1857/1893/2021 1866/1897/2021 1867/1898/2021
f 1858/1894/2022 1867/1898/2022 1868/1899/2022
f 1852/1888/2024 1861/1900/2024 1862/1901/2024
f 1853/1889/2025 1862/1901/2025 1863/1902/2025
f 1854/1890/2026 1863/1902/2026 1864/1903/2026
f 1861/1900/2027 1869/1911/2027 1870/1904/2027
f 1862/1901/2028 1870/1904/2028 1871/1905/2028
f 1863/1902/2029 1871/1905/2029 1872/1906/2029
f 1864/1903/2030 1872/1906/2030 1873/1907/2030
f 1865/1896/2031 1873/1907/2031 1874/1908/2031
f 1866/1897/2032 1874/1908/2032 1875/1909/2032
f 1867/1898/2033 1875/1909/2033 1876/1910/2033
f 1873/1907/2035 1881/1919/2035 1882/1912/2035
f 1874/1908/2036 1882/1912/2036 1883/1913/2036
f 1875/1909/2037 1883/1913/2037 1884/1914/2037
f 1869/1911/2039 1877/1915/2039 1878/1916/2039
f 1870/1904/2040 1878/1916/2040 1879/1917/2040
f 1871/1905/2041 1879/1917/2041 1880/1918/2041
f 1872/1906/2042 1880/1918/2042 1881/1919/2042
f 1879/1920/2043 1878/1935/2043 1886/1921/2043
f 1880/1923/2044 1879/1920/2044 1887/1922/2044
f 1881/1925/2045 1880/1923/2045 1888/1924/2045
f 1882/1927/2046 1881/1925/2046 1889/1926/2046
f 1883/1929/2047 1882/1927/2047 1890/1928/2047
f 1884/1914/2048 1883/1929/2048 1891/1930/2048
f 1878/1935/2050 1877/1932/2050 1885/1934/2050
f 1891/1930/2051 1890/1928/2051 1898/1936/2051
f 1892/1931/2052 1891/1930/2052 1899/1937/2052
f 1886/1921/2054 1885/1934/2054 1893/1939/2054
f 1887/1922/2055 1886/1921/2055 1894/1940/2055
f 1888/1924/2056 1887/1922/2056 1895/1941/2056
f 1889/1926/2057 1888/1924/2057 1896/1942/2057
f 1890/1928/2058 1889/1926/2058 1897/1943/2058
f 1895/1941/2059 1894/1940/2059 1902/1944/2059
f 1896/1942/2060 1895/1941/2060 1903/1945/2060
f 1897/1943/2061 1896/1942/2061 1904/1946/2061
f 1898/1936/2062 1897/1943/2062 1905/1947/2062
f 1899/1937/2063 1898/1936/2063 1906/1948/2063
f 1900/1938/2064 1899/1937/2064 1907/1949/2064
f 1894/1940/2066 1893/1939/2066 1901/1951/2066
f 1907/1949/2067 1906/1948/2067 1914/1952/2067
f 1908/1950/2068 1907/1949/2068 1915/1953/2068
f 1902/1944/2070 1901/1951/2070 1909/1955/2070
f 1903/1945/2071 1902/1944/2071 1910/1956/2071
f 1904/1946/2072 1903/1945/2072 1911/1957/2072
f 1905/1947/2073 1904/1946/2073 1912/1958/2073
f 1906/1948/2074 1905/1947/2074 1913/1959/2074
f 1912/1958/2075 1911/1957/2075 1919/1960/2075
f 1913/1959/2076 1912/1958/2076 1920/1961/2076
f 1914/1952/2077 1913/1959/2077 1921/1962/2077
f 1915/1953/2078 1914/1952/2078 1922/1963/2078
f 1916/1954/2079 1915/1953/2079 1923/1964/2079
f 1910/1956/2081 1909/1955/2081 1917/1966/2081
f 1911/1957/2082 1910/1956/2082 1918/1967/2082
f 1924/1965/2083 1923/1964/2083 1931/1968/2083
f 1918/1967/2085 1917/1966/2085 1925/1970/2085
f 1919/1960/2086 1918/1967/2086 1926/1971/2086
f 1920/1961/2087 1919/1960/2087 1927/1972/2087
f 1921/1962/2088 1920/1961/2088 1928/1973/2088
f 1922/1963/2089 1921/1962/2089 1929/1974/2089
f 1923/1964/2090 1922/1963/2090 1930/1975/2090
f 1928/1973/2091 1927/1972/2091 1935/1976/2091
f 1929/1974/2092 1928/1973/2092 1936/1977/2092
f 1930/1975/2093 1929/1974/2093 1937/1978/2093
f 1931/1968/2814 1930/1975/2814 1938/1979/2814
f 1932/1969/2095 1931/1968/2095 1939/1980/2095
f 1926/1971/2097 1925/1970/2097 1933/1982/2097
f 1927/1972/2098 1926/1971/2098 1934/1983/2098
f 1940/1981/2099 1939/1980/2099 1947/1984/2099
f 1934/1983/2101 1933/1982/2101 1941/1986/2101
f 1935/1976/2102 1934/1983/2102 1942/1987/2102
f 1936/1977/2103 1935/1976/2103 1943/1988/2103
f 1937/1978/2104 1936/1977/2104 1944/1989/2104
f 1938/1979/2105 1937/1978/2105 1945/1990/2105
f 1939/1980/2106 1938/1979/2106 1946/1991/2106
f 1944/1989/2107 1952/1999/2107 1953/1992/2107
f 1945/1990/2108 1953/1992/2108 1954/1993/2108
f 1946/1991/2109 1954/1993/2109 1955/1994/2109
f 1947/1984/2110 1955/1994/2110 1956/1995/2110
f 1941/1986/2112 1949/1996/2112 1950/1997/2112
f 1942/1987/2113 1950/1997/2113 1951/1998/2113
f 1943/1988/2114 1951/1998/2114 1952/1999/2114
f 1949/1996/2115 1957/2007/2115 1958/2000/2115
f 1950/1997/2116 1958/2000/2116 1959/2001/2116
f 1951/1998/2117 1959/2001/2117 1960/2002/2117
f 1952/1999/2118 1960/2002/2118 1961/2003/2118
f 1953/1992/2119 1961/2003/2119 1962/2004/2119
f 1954/1993/2120 1962/2004/2120 1963/2005/2120
f 1955/1994/2121 1963/2005/2121 1964/2006/2121
f 1961/2003/2123 1969/2015/2123 1970/2008/2123
f 1962/2004/2124 1970/2008/2124 1971/2009/2124
f 1963/2005/2125 1971/2009/2125 1972/2010/2125
f 1957/2007/2127 1965/2011/2127 1966/2012/2127
f 1958/2000/2128 1966/2012/2128 1967/2013/2128
f 1959/2001/2129 1967/2013/2129 1968/2014/2129
f 1960/2002/2130 1968/2014/2130 1969/2015/2130
f 1965/2011/2131 1973/2023/2131 1974/2016/2131
f 1966/2012/2132 1974/2016/2132 1975/2017/2132
f 1967/2013/2133 1975/2017/2133 1976/2018/2133
f 1968/2014/2134 1976/2018/2134 1977/2019/2134
f 1969/2015/2135 1977/2019/2135 1978/2020/2135
f 1970/2008/2136 1978/2020/2136 1979/2021/2136
f 1971/2009/2137 1979/2021/2137 1980/2022/2137
f 1977/2019/2139 1985/2031/2139 1986/2024/2139
f 1978/2020/2140 1986/2024/2140 1987/2025/2140
f 1979/2021/2141 1987/2025/2141 1988/2026/2141
f 1973/2023/2143 1981/2027/2143 1982/2028/2143
f 1974/2016/2144 1982/2028/2144 1983/2029/2144
f 1975/2017/2145 1983/2029/2145 1984/2030/2145
f 1976/2018/2146 1984/2030/2146 1985/2031/2146
f 1982/2028/2147 1990/2039/2147 1991/2032/2147
f 1983/2029/2148 1991/2032/2148 1992/2033/2148
f 1984/2030/2149 1992/2033/2149 1993/2034/2149
f 1985/2031/2150 1993/2034/2150 1994/2035/2150
f 1986/2024/2151 1994/2035/2151 1995/2036/2151
f 1987/2025/2152 1995/2036/2152 1996/2037/2152
f 1981/2027/2154 1989/2038/2154 1990/2039/2154
f 1994/2035/2155 2002/2047/2155 2003/2040/2155
f 1995/2036/2156 2003/2040/2156 2004/2041/2156
f 1989/2038/2158 1997/2042/2158 1998/2043/2158
f 1990/2039/2159 1998/2043/2159 1999/2044/2159
f 1991/2032/2160 1999/2044/2160 2000/2045/2160
f 1992/2033/2161 2000/2045/2161 2001/2046/2161
f 1993/2034/2162 2001/2046/2162 2002/2047/2162
f 1998/2043/2163 2006/2055/2163 2007/2048/2163
f 1999/2044/2164 2007/2048/2164 2008/2049/2164
f 2000/2045/2165 2008/2049/2165 2009/2050/2165
f 2001/2046/2166 2009/2050/2166 2010/2051/2166
f 2002/2047/2167 2010/2051/2167 2011/2052/2167
f 2003/2040/2168 2011/2052/2168 2012/2053/2168
f 1997/2042/2170 2005/2054/2170 2006/2055/2170
f 2011/2056/2171 2010/2070/2171 2018/2057/2171
f 2012/2053/2172 2011/2056/2172 2019/2058/2172
f 2006/2062/2174 2005/2060/2174 2013/2061/2174
f 2007/2064/2175 2006/2062/2175 2014/2063/2175
f 2008/2066/2176 2007/2064/2176 2015/2065/2176
f 2009/2068/2177 2008/2066/2177 2016/2067/2177
f 2010/2070/2178 2009/2068/2178 2017/2069/2178
f 2016/2067/2179 2015/2065/2179 2023/2071/2179
f 2017/2069/2180 2016/2067/2180 2024/2072/2180
f 2018/2057/2181 2017/2069/2181 2025/2073/2181
f 2019/2058/2182 2018/2057/2182 2026/2074/2182
f 2020/2059/2183 2019/2058/2183 2027/2075/2183
f 2014/2063/2185 2013/2061/2185 2021/2077/2185
f 2015/2065/2186 2014/2063/2186 2022/2078/2186
f 2028/2076/2187 2027/2075/2187 2035/2079/2187
f 2022/2078/2189 2021/2077/2189 2029/2081/2189
f 2023/2071/2190 2022/2078/2190 2030/2082/2190
f 2024/2072/2191 2023/2071/2191 2031/2083/2191
f 2025/2073/2192 2024/2072/2192 2032/2084/2192
f 2026/2074/2193 2025/2073/2193 2033/2085/2193
f 2027/2075/2194 2026/2074/2194 2034/2086/2194
f 2060/2110/2195 1819/1855/2195 1827/1854/2195
f 1827/1854/2195 1835/1868/2195 1843/1872/2195
f 1843/1872/2195 1851/1883/2195 1859/1895/2195
f 1859/1895/2195 1868/1899/2195 1876/1910/2195
f 1876/1910/2195 1884/1914/2195 1892/1931/2195
f 1892/1931/2195 1900/1938/2195 1908/1950/2195
f 1908/1950/2195 1916/1954/2195 1924/1965/2195
f 1924/1965/2195 1932/1969/2195 1940/1981/2195
f 1940/1981/2195 1948/1985/2195 1956/1995/2195
f 1956/1995/2195 1964/2006/2195 1972/2010/2195
f 1972/2010/2195 1980/2022/2195 1988/2026/2195
f 1988/2026/2195 1996/2037/2195 2004/2041/2195
f 2004/2041/2195 2012/2053/2195 2020/2059/2195
f 2020/2059/2195 2028/2076/2195 2036/2080/2195
f 2036/2080/2195 2044/2094/2195 2052/2087/2195
f 2052/2087/2195 2060/2110/2195 1827/1854/2195
f 1827/1854/2195 1843/1872/2195 1859/1895/2195
f 1859/1895/2195 1876/1910/2195 1892/1931/2195
f 1892/1931/2195 1908/1950/2195 1924/1965/2195
f 1924/1965/2195 1940/1981/2195 1956/1995/2195
f 1956/1995/2195 1972/2010/2195 1988/2026/2195
f 1988/2026/2195 2004/2041/2195 2020/2059/2195
f 2020/2059/2195 2036/2080/2195 2052/2087/2195
f 2052/2087/2195 1827/1854/2195 1859/1895/2195
f 1859/1895/2195 1892/1931/2195 1924/1965/2195
f 1924/1965/2195 1956/1995/2195 1988/2026/2195
f 1988/2026/2195 2020/2059/2195 2052/2087/2195
f 2052/2087/2195 1859/1895/2195 1924/1965/2195
f 2035/2079/2196 2034/2086/2196 2042/2088/2196
f 2032/2084/2197 2031/2083/2197 2039/2090/2197
f 2030/2082/2199 2029/2081/2199 2037/2092/2199
f 2031/2083/2200 2030/2082/2200 2038/2093/2200
f 2036/2080/2201 2035/2079/2201 2043/2089/2201
f 2041/2095/2202 2040/2091/2202 2048/2096/2202
f 2042/2088/2203 2041/2095/2203 2049/2097/2203
f 2043/2089/2204 2042/2088/2204 2050/2098/2204
f 2044/2094/2205 2043/2089/2205 2051/2099/2205
f 2038/2093/2207 2037/2092/2207 2045/2100/2207
f 2039/2090/2208 2038/2093/2208 2046/2101/2208
f 2040/2091/2209 2039/2090/2209 2047/2102/2209
f 2046/2101/2210 2045/2100/2210 2053/2103/2210
f 2047/2102/2211 2046/2101/2211 2054/2104/2211
f 2048/2096/2212 2047/2102/2212 2055/2105/2212
f 2049/2097/2213 2048/2096/2213 2056/2106/2213
f 2050/2098/2214 2049/2097/2214 2057/2107/2214
f 2051/2099/2215 2050/2098/2215 2058/2108/2215
f 2052/2087/2216 2051/2099/2216 2059/2109/2216
f 2058/2108/2218 2057/2107/2218 1817/1849/2218
f 2059/2109/2219 2058/2108/2219 2064/1851/2219
f 2060/2110/2220 2059/2109/2220 1818/1853/2220
f 2054/2104/2222 2053/2103/2222 2061/1856/2222
f 2055/2105/2223 2054/2104/2223 2062/1860/2223
f 2056/2106/2224 2055/2105/2224 1816/1862/2224
f 2057/2107/2225 2056/2106/2225 2063/1847/2225
f 2034/2086/2226 2033/2085/2226 2041/2095/2226
f 2033/2085/2227 2032/2084/2227 2040/2091/2227
