# Blender 5.1.0
# www.blender.org
mtllib basicCat.mtl
o Sphere.006
v -0.000000 4.647212 -3.219470
v -0.000000 4.045224 -3.493089
v -0.000000 3.443237 -3.716804
v -0.000000 2.330910 -3.360237
v -0.122285 6.610877 -1.504610
v 0.284768 6.239035 -2.460898
v 1.017736 4.980915 -2.836629
v 0.518292 4.647212 -3.157609
v 1.527010 3.855234 -3.059140
v 0.598356 3.443237 -3.645387
v 0.577707 2.864384 -3.519585
v 0.540954 2.330910 -3.295671
v 0.444801 1.799031 -2.709876
v 0.300879 1.210260 -1.831897
v 0.190100 7.071618 -0.556164
v 0.372894 6.896025 -1.090954
v 0.689018 6.227133 -2.015821
v 0.618007 5.615926 -2.809221
v 1.133213 2.864384 -3.315376
v 1.061119 2.330910 -3.104454
v 0.872508 1.799031 -2.552648
v 0.478204 1.058216 -1.783884
v 0.275982 7.071618 -0.500534
v 0.541358 6.896025 -0.981833
v 0.785930 6.610877 -1.425400
v 1.000299 6.227133 -1.814191
v 1.176227 5.759539 -2.133262
v 1.306954 5.226065 -2.370354
v 1.475971 4.647212 -2.676891
v 1.817194 3.710892 -2.891445
v 1.645170 2.864384 -2.983760
v 1.540505 2.330910 -2.793935
v 1.266686 1.799031 -2.297322
v 0.848530 1.166414 -1.497176
v 0.351258 7.071618 -0.425669
v 0.689018 6.896025 -0.834980
v 1.000299 6.610877 -1.212203
v 1.273139 6.227133 -1.542842
v 1.497053 5.759539 -1.814190
v 1.663437 5.226065 -2.015821
v 1.878554 4.647212 -2.276509
v 2.038211 4.045224 -2.469986
v 2.093904 2.864384 -2.537479
v 1.960691 2.330910 -2.376046
v 1.612185 1.799031 -1.953712
v 1.079974 1.166414 -1.273243
v 0.413036 7.071618 -0.334446
v 0.810200 6.896025 -0.656040
v 1.176227 6.610877 -0.952422
v 1.497053 6.227133 -1.212203
v 1.760349 5.759539 -1.425400
v 1.955994 5.226065 -1.583820
v 2.208946 4.647212 -1.788641
v 2.396682 4.045224 -1.940656
v 2.550178 3.443237 -2.064945
v 2.462171 2.864384 -1.993685
v 2.305530 2.330910 -1.866847
v 1.895729 1.799031 -1.535022
v 1.269915 1.166414 -1.000381
v 0.000000 7.130909 0.000000
v 0.458941 7.071618 -0.230370
v 0.900245 6.896025 -0.451888
v 1.306954 6.610877 -0.656040
v 1.663437 6.227133 -0.834980
v 1.955994 5.759539 -0.981832
v 2.173385 5.226065 -1.090954
v 2.454449 4.647212 -1.232037
v 2.663051 4.045224 -1.336747
v 2.833606 3.443237 -1.422359
v 2.735818 2.864384 -1.373274
v 2.561767 2.330910 -1.285906
v 2.106421 1.799031 -1.057341
v 1.411054 1.166414 -0.689074
v 0.487209 7.071618 -0.117442
v 0.955695 6.896025 -0.230370
v 1.387455 6.610877 -0.334446
v 1.765895 6.227133 -0.425669
v 2.076473 5.759539 -0.500534
v 2.307253 5.226065 -0.556164
v 2.605629 4.647212 -0.628087
v 2.827079 4.045224 -0.681467
v 3.008140 3.443237 -0.725112
v 2.904329 2.864384 -0.700089
v 2.719557 2.330910 -0.655549
v 2.236165 1.799031 -0.539028
v 1.497966 1.166414 -0.351287
v 0.496754 7.071618 0.000000
v 0.974419 6.896025 0.000000
v 1.414636 6.610877 0.000000
v 1.800491 6.227133 -0.000000
v 2.117153 5.759539 0.000000
v 2.352455 5.226065 -0.000000
v 2.656677 4.647212 0.000000
v 2.882464 4.045224 0.000001
v 3.067073 3.443237 0.000000
v 2.961228 2.864384 -0.000000
v 2.772837 2.330910 0.000000
v 2.279974 1.799031 -0.000000
v 1.527313 1.166414 0.000000
v 0.487209 7.071618 0.117442
v 0.955695 6.896025 0.230371
v 1.387455 6.610877 0.334446
v 1.765895 6.227133 0.425669
v 2.076472 5.759539 0.500534
v 2.307253 5.226065 0.556163
v 2.605629 4.647212 0.628088
v 2.827078 4.045224 0.681468
v 3.008140 3.443237 0.725113
v 2.904329 2.864384 0.700089
v 2.719557 2.330910 0.655550
v 2.236165 1.799031 0.539028
v 1.497966 1.166414 0.351287
v 0.458941 7.071618 0.230370
v 0.900245 6.896025 0.451888
v 1.306953 6.610877 0.656040
v 1.663437 6.227133 0.834980
v 1.955994 5.759539 0.981833
v 2.173385 5.226065 1.090954
v 2.454449 4.647212 1.232038
v 2.663049 4.045224 1.336748
v 2.833606 3.443237 1.422360
v 2.735818 2.864384 1.373274
v 2.561767 2.330910 1.285907
v 2.106421 1.799031 1.057341
v 1.411053 1.166414 0.689075
v 0.413036 7.071618 0.334446
v 0.810199 6.896025 0.656040
v 1.176227 6.610877 0.952422
v 1.497053 6.227133 1.212203
v 1.760348 5.759539 1.425400
v 1.955994 5.226065 1.583820
v 2.208946 4.647212 1.788642
v 2.396681 4.045224 1.940656
v 2.550177 3.443237 2.064946
v 2.462171 2.864384 1.993684
v 2.305529 2.330910 1.866848
v 1.895729 1.799031 1.535021
v 1.269914 1.166414 1.000381
v 0.351258 7.071618 0.425669
v 0.689018 6.896025 0.834980
v 1.000299 6.610877 1.212203
v 1.273139 6.227133 1.542842
v 1.497053 5.759539 1.814190
v 1.419832 5.492802 2.074541
v 2.038209 4.045224 2.469987
v 1.771698 3.632428 2.892489
v 2.093904 2.864384 2.537479
v 1.960691 2.330910 2.376046
v 1.612185 1.799031 1.953712
v 1.079973 1.166414 1.273244
v 0.275982 7.071618 0.500534
v 0.541358 6.896025 0.981833
v 0.785930 6.610877 1.425400
v 1.000299 6.227133 1.814190
v 1.566676 3.686219 2.898152
v 1.645170 2.864384 2.983759
v 1.540505 2.330910 2.793935
v 1.266686 1.799031 2.297322
v 0.848529 1.166414 1.497176
v 0.190100 7.071618 0.556163
v 0.372894 6.896025 1.090954
v 0.541358 6.610877 1.583820
v 0.616825 6.071268 2.175386
v 1.001658 4.635644 2.930494
v 1.173717 3.788104 3.285322
v 1.133213 2.864384 3.315376
v 1.061118 2.330910 3.104454
v 0.872508 1.799031 2.552647
v 0.584477 1.166414 1.663573
v 0.096912 7.071618 0.590420
v 0.190099 6.896025 1.158151
v 0.275982 6.610877 1.681374
v 0.054422 6.471825 3.145884
v 0.510641 4.635644 3.110996
v 0.598356 3.443237 3.645386
v 0.577707 2.864384 3.519584
v 0.540953 2.330910 3.295670
v 0.444801 1.799031 2.709876
v -0.000000 7.071618 0.601987
v -0.000000 6.896025 1.180840
v -0.000000 6.610877 1.714314
v 0.047984 6.975601 3.268631
v -0.000000 4.635644 3.171944
v -0.000000 3.443237 3.716803
v 0.000000 2.864384 3.588537
v -0.000000 2.330910 3.360236
v -0.000000 1.799031 2.762965
v 0.113312 1.191160 2.098971
v -0.096912 7.071618 0.590420
v -0.190100 6.896025 1.158151
v -0.275982 6.610877 1.681373
v -0.195748 6.968069 3.234970
v -0.510641 4.635644 3.110995
v -0.598357 3.443237 3.645386
v -0.577707 2.864384 3.519583
v -0.540954 2.330910 3.295670
v -0.444801 1.799031 2.709876
v -0.207827 1.318486 1.950121
v -0.190100 7.071618 0.556163
v -0.372894 6.896025 1.090954
v -0.541358 6.610877 1.583819
v -0.689018 6.227133 2.015820
v -0.810199 5.759539 2.370353
v -1.759946 3.823666 2.683283
v -1.133213 2.864384 3.315376
v -1.061119 2.330910 3.104453
v -0.872508 1.799031 2.552647
v -0.584478 1.166414 1.663572
v -0.275982 7.071618 0.500534
v -0.541358 6.896025 0.981833
v -0.785930 6.610877 1.425399
v -1.000299 6.227133 1.814190
v -1.176227 5.759539 2.133261
v -1.306953 5.226065 2.370353
v -1.978646 3.687843 2.613346
v -1.645170 2.864384 2.983759
v -1.540506 2.330910 2.793934
v -1.266686 1.799031 2.297322
v -0.848530 1.166414 1.497175
v -0.351258 7.071618 0.425669
v -0.689018 6.896025 0.834980
v -1.000299 6.610877 1.212202
v -1.273139 6.227133 1.542842
v -1.497053 5.759539 1.814189
v -1.663436 5.226065 2.015820
v -1.878554 4.647212 2.276508
v -2.274159 3.735944 2.499023
v -2.210274 3.636130 2.452790
v -2.093904 2.864384 2.537478
v -1.960691 2.330910 2.376045
v -1.612185 1.799031 1.953712
v -1.079973 1.166414 1.273243
v -0.413036 7.071618 0.334446
v -0.810199 6.896025 0.656039
v -1.176227 6.610877 0.952421
v -1.497053 6.227133 1.212203
v -1.760348 5.759539 1.425399
v -1.955994 5.226065 1.583820
v -2.208946 4.647212 1.788640
v -2.396681 4.045224 1.940654
v -2.550177 3.443237 2.064944
v -2.462171 2.864384 1.993684
v -2.305529 2.330910 1.866846
v -1.895729 1.799031 1.535021
v -1.269914 1.166414 1.000380
v -0.458941 7.071618 0.230370
v -0.900245 6.896025 0.451888
v -1.306953 6.610877 0.656039
v -1.663436 6.227133 0.834980
v -1.955994 5.759539 0.981832
v -2.173384 5.226065 1.090954
v -2.454449 4.647212 1.232036
v -2.663049 4.045224 1.336745
v -2.833605 3.443237 1.422358
v -2.735817 2.864384 1.373273
v -2.561766 2.330910 1.285906
v -2.106421 1.799031 1.057341
v -1.411053 1.166414 0.689074
v -0.487209 7.071618 0.117442
v -0.955695 6.896025 0.230370
v -1.387454 6.610877 0.334445
v -1.765895 6.227133 0.425669
v -2.076472 5.759539 0.500533
v -2.307252 5.226065 0.556163
v -2.605629 4.647212 0.628086
v -2.827077 4.045224 0.681466
v -3.008140 3.443237 0.725111
v -2.904328 2.864384 0.700089
v -2.719556 2.330910 0.655549
v -2.236165 1.799031 0.539028
v -1.497966 1.166414 0.351287
v -0.496754 7.071618 -0.000000
v -0.974418 6.896025 -0.000000
v -1.414635 6.610877 -0.000000
v -1.800490 6.227133 -0.000000
v -2.117152 5.759539 -0.000001
v -2.352454 5.226065 -0.000000
v -2.656676 4.647212 -0.000001
v -2.882463 4.045224 -0.000002
v -3.067072 3.443237 -0.000001
v -2.961227 2.864384 -0.000000
v -2.772835 2.330910 -0.000001
v -2.279974 1.799031 -0.000000
v -1.527313 1.166414 -0.000000
v -0.487209 7.071618 -0.117442
v -0.955695 6.896025 -0.230371
v -1.387454 6.610877 -0.334446
v -1.765895 6.227133 -0.425669
v -2.076472 5.759539 -0.500534
v -2.307252 5.226065 -0.556163
v -2.605628 4.647212 -0.628088
v -2.827077 4.045224 -0.681469
v -3.008139 3.443237 -0.725113
v -2.904328 2.864384 -0.700089
v -2.719556 2.330910 -0.655550
v -2.236165 1.799031 -0.539028
v -1.497965 1.166414 -0.351287
v -0.458941 7.071618 -0.230370
v -0.900245 6.896025 -0.451888
v -1.306952 6.610877 -0.656040
v -1.663436 6.227133 -0.834980
v -1.955993 5.759539 -0.981833
v -2.173384 5.226065 -1.090954
v -2.454448 4.647212 -1.232038
v -2.663047 4.045224 -1.336748
v -2.833604 3.443237 -1.422360
v -2.735817 2.864384 -1.373273
v -2.561766 2.330910 -1.285907
v -2.106421 1.799031 -1.057341
v -1.411052 1.166414 -0.689075
v -0.413036 7.071618 -0.334446
v -0.810199 6.896025 -0.656040
v -1.176226 6.610877 -0.952422
v -1.497053 6.227133 -1.212203
v -1.760347 5.759539 -1.425400
v -1.955994 5.226065 -1.583819
v -2.208945 4.647212 -1.788642
v -2.396679 4.045224 -1.940656
v -2.550176 3.443237 -2.064946
v -2.462171 2.864384 -1.993684
v -2.305528 2.330910 -1.866847
v -1.895729 1.799031 -1.535021
v -1.269914 1.166414 -1.000381
v -0.351258 7.071618 -0.425669
v -0.689018 6.896025 -0.834980
v -1.000298 6.610877 -1.212203
v -1.273139 6.227133 -1.542842
v -1.497052 5.759539 -1.814190
v -1.663436 5.226065 -2.015820
v -1.878553 4.647212 -2.276508
v -1.969859 3.925693 -2.595324
v -2.168747 3.443237 -2.628177
v -2.093904 2.864384 -2.537478
v -1.960690 2.330910 -2.376045
v -1.612185 1.799031 -1.953711
v -1.079973 1.166414 -1.273243
v -0.275982 7.071618 -0.500534
v -1.000299 6.227133 -1.814190
v -1.273231 5.120258 -2.289369
v -1.619249 4.127767 -2.771177
v -1.703973 3.443237 -3.090409
v -1.645170 2.864384 -2.983759
v -1.540504 2.330910 -2.793934
v -1.266685 1.799031 -2.297322
v -0.848529 1.166414 -1.497175
v -0.190099 7.071618 -0.556163
v -0.745786 5.900829 -2.084785
v -1.103069 4.045224 -3.227190
v -1.173717 3.443237 -3.433878
v -1.133213 2.864384 -3.315375
v -1.061117 2.330910 -3.104452
v -0.872508 1.799031 -2.552647
v -0.423837 1.106831 -1.792323
v -0.096912 7.071618 -0.590420
v -0.562339 4.045224 -3.425967
v -0.598355 3.443237 -3.645386
v -0.577707 2.864384 -3.519583
v -0.540953 2.330910 -3.295669
v -0.444801 1.799031 -2.709876
v -0.181451 6.885948 -2.754405
v 0.000000 2.864384 -3.588536
v 0.000000 1.799031 -2.762965
v -0.025161 1.237925 -1.972125
v 0.228690 -0.803369 -1.797039
v 0.231716 -2.351361 -0.560205
v 0.052301 -2.440159 -0.302532
v 0.464972 0.491157 -1.903408
v 0.448178 -0.161788 -1.868172
v 0.333421 -1.491915 -1.455064
v 0.524923 -1.865659 -1.064143
v 0.102592 -2.440159 -0.284979
v 0.940393 0.517593 -1.619342
v 0.911130 -0.169795 -1.568952
v 0.832415 -0.836259 -1.433406
v 0.720071 -1.403055 -1.239952
v 0.370105 -2.324988 -0.775689
v 0.148941 -2.440159 -0.256474
v 1.196893 0.517594 -1.377137
v 1.159648 -0.169795 -1.334284
v 1.059463 -0.836258 -1.219012
v 0.916477 -1.403055 -1.054492
v 0.748399 -1.839912 -0.861104
v 0.567174 -2.149526 -0.652587
v 0.379611 -2.345625 -0.436778
v 0.189566 -2.440159 -0.218113
v 1.407397 0.517594 -1.082010
v 1.363602 -0.169795 -1.048340
v 1.245797 -0.836258 -0.957771
v 1.077663 -1.403055 -0.828509
v 0.880024 -1.839912 -0.676565
v 0.666926 -2.149526 -0.512734
v 0.446375 -2.345625 -0.343174
v 0.222906 -2.440159 -0.171371
v 1.563816 0.517594 -0.745301
v 1.515153 -0.169795 -0.722109
v 1.384255 -0.836259 -0.659724
v 1.197435 -1.403055 -0.570687
v 0.977831 -1.839912 -0.466026
v 0.741049 -2.149526 -0.353178
v 0.495985 -2.345625 -0.236382
v 0.247680 -2.440159 -0.118042
v 1.660138 0.517594 -0.379951
v 1.608478 -0.169795 -0.368128
v 1.469517 -0.836258 -0.336325
v 1.271190 -1.403055 -0.290934
v 1.038059 -1.839912 -0.237578
v 0.786693 -2.149526 -0.180048
v 0.526535 -2.345625 -0.120507
v 0.262935 -2.440159 -0.060177
v 1.692662 0.517594 0.000000
v 1.639990 -0.169795 0.000000
v 1.498307 -0.836258 -0.000000
v 1.296094 -1.403055 0.000000
v 1.058396 -1.839912 -0.000000
v 0.802106 -2.149526 0.000000
v 0.536851 -2.345625 0.000000
v 0.268087 -2.440159 0.000000
v 1.660137 0.517594 0.379952
v 1.608478 -0.169795 0.368128
v 1.469517 -0.836258 0.336325
v 1.271190 -1.403055 0.290934
v 1.038059 -1.839912 0.237578
v 0.786693 -2.149526 0.180049
v 0.526535 -2.345625 0.120507
v 0.262935 -2.440159 0.060177
v 1.563815 0.517594 0.745301
v 1.515153 -0.169795 0.722109
v 1.384255 -0.836258 0.659724
v 1.197434 -1.403055 0.570687
v 0.977831 -1.839912 0.466026
v 0.741049 -2.149526 0.353178
v 0.495985 -2.345625 0.236382
v 0.247680 -2.440159 0.118042
v 1.407396 0.517594 1.082010
v 1.363602 -0.169795 1.048340
v 1.245797 -0.836258 0.957771
v 1.077662 -1.403055 0.828509
v 0.880024 -1.839912 0.676565
v 0.666926 -2.149526 0.512735
v 0.446375 -2.345625 0.343174
v 0.222906 -2.440159 0.171371
v 1.196892 0.517594 1.377137
v 1.159648 -0.169795 1.334284
v 1.059463 -0.836258 1.219011
v 0.916476 -1.403055 1.054492
v 0.748399 -1.839912 0.861104
v 0.567174 -2.149526 0.652587
v 0.379611 -2.345625 0.436778
v 0.189566 -2.440159 0.218113
v 0.940392 0.517594 1.619342
v 0.911129 -0.169795 1.568952
v 0.832415 -0.836258 1.433406
v 0.720071 -1.403055 1.239952
v 0.588013 -1.839912 1.012551
v 0.445626 -2.149526 0.767361
v 0.298258 -2.345625 0.513596
v 0.148941 -2.440159 0.256474
v 0.647753 0.517594 1.799316
v 0.627597 -0.169795 1.743326
v 0.573377 -0.836258 1.592715
v 0.418061 -1.524516 1.414738
v 0.572017 -1.854665 1.183751
v 0.335154 -2.268121 0.790074
v 0.102592 -2.440159 0.284979
v 0.313491 1.101753 1.972795
v 0.384143 0.603593 1.948225
v 0.376309 -0.008422 1.877863
v 0.267328 -0.607682 1.847369
v 0.227257 -1.463402 1.584467
v 0.373225 -1.893674 1.545710
v 0.124711 -2.481219 0.641207
v 0.052301 -2.440159 0.302532
v 0.000000 -0.779709 1.844432
v -0.042095 -1.909764 1.699095
v -0.000000 -2.445873 0.627326
v -0.000000 -2.440159 0.308459
v -0.387360 0.705504 1.941405
v -0.289628 -0.570968 1.839553
v -0.286263 -1.388667 1.516099
v -0.423410 -1.907898 1.545565
v -0.097849 -2.446457 0.625814
v -0.052301 -2.440159 0.302532
v -0.647754 0.517593 1.799315
v -0.627597 -0.169795 1.743325
v -0.573377 -0.836258 1.592715
v -0.495994 -1.403055 1.377760
v -0.482067 -2.097633 1.065490
v -0.259796 -2.261454 0.733331
v -0.102592 -2.440159 0.284979
v -0.940393 0.517593 1.619341
v -0.911130 -0.169795 1.568951
v -0.832415 -0.836258 1.433406
v -0.720071 -1.403055 1.239952
v -0.588014 -1.839912 1.012551
v -0.445626 -2.149526 0.767361
v -0.298258 -2.345625 0.513596
v -0.148941 -2.440159 0.256474
v -1.196892 0.517593 1.377136
v -1.159648 -0.169795 1.334283
v -1.059463 -0.836258 1.219011
v -0.916477 -1.403055 1.054492
v -0.748399 -1.839912 0.861104
v -0.567174 -2.149526 0.652587
v -0.379611 -2.345625 0.436778
v -0.189566 -2.440159 0.218113
v -0.000000 -2.453048 0.000000
v -1.407396 0.517593 1.082008
v -1.363602 -0.169795 1.048340
v -1.245796 -0.836258 0.957771
v -1.077662 -1.403055 0.828509
v -0.880024 -1.839912 0.676565
v -0.666926 -2.149526 0.512734
v -0.446375 -2.345625 0.343174
v -0.222906 -2.440159 0.171370
v -1.563815 0.517593 0.745300
v -1.515153 -0.169795 0.722109
v -1.384255 -0.836258 0.659724
v -1.197434 -1.403055 0.570687
v -0.977831 -1.839912 0.466026
v -0.741049 -2.149526 0.353177
v -0.495985 -2.345625 0.236382
v -0.247680 -2.440159 0.118042
v -1.660136 0.517593 0.379950
v -1.608478 -0.169795 0.368128
v -1.914891 -0.861739 0.291637
v -1.761623 -1.142033 0.305870
v -1.038059 -1.839912 0.237578
v -0.786693 -2.149526 0.180048
v -0.526535 -2.345625 0.120507
v -0.262935 -2.440159 0.060177
v -1.692660 0.517593 -0.000001
v -1.639989 -0.169795 -0.000000
v -1.976632 -0.773717 0.039450
v -1.647504 -1.268939 0.118887
v -1.058396 -1.839912 -0.000000
v -0.802105 -2.149526 -0.000000
v -0.536850 -2.345625 -0.000000
v -0.268087 -2.440159 -0.000000
v -1.660136 0.517593 -0.379952
v -1.608477 -0.169795 -0.368128
v -1.915053 -0.969232 -0.233659
v -1.801253 -1.159602 -0.173735
v -1.038059 -1.839912 -0.237578
v -0.786693 -2.149526 -0.180049
v -0.526535 -2.345625 -0.120507
v -0.262935 -2.440159 -0.060177
v -1.563814 0.517593 -0.745302
v -1.515152 -0.169795 -0.722109
v -1.384255 -0.836258 -0.659724
v -1.197434 -1.403055 -0.570687
v -0.977831 -1.839912 -0.466026
v -0.741048 -2.149526 -0.353178
v -0.495985 -2.345625 -0.236382
v -0.247680 -2.440159 -0.118042
v -1.407395 0.517593 -1.082010
v -1.363601 -0.169795 -1.048340
v -1.245796 -0.836258 -0.957771
v -1.077662 -1.403055 -0.828509
v -0.880024 -1.839912 -0.676565
v -0.666926 -2.149526 -0.512734
v -0.446375 -2.345625 -0.343174
v -0.222906 -2.440159 -0.171370
v -1.196891 0.517593 -1.377137
v -1.159647 -0.169795 -1.334284
v -1.059463 -0.836258 -1.219011
v -0.916476 -1.403055 -1.054492
v -0.748399 -1.839912 -0.861103
v -0.445428 -2.269347 -0.767933
v -0.284328 -2.360077 -0.576008
v -0.147033 -2.440159 -0.253189
v -0.940391 0.517593 -1.619341
v -0.911129 -0.169795 -1.568951
v -0.832414 -0.836258 -1.433406
v -0.720071 -1.403055 -1.239952
v -0.588013 -1.839912 -1.012550
v -0.464972 0.491157 -1.903407
v -0.448518 -0.086799 -1.850862
v -0.573377 -0.836258 -1.592715
v -0.410864 -1.455465 -1.402422
v -0.465656 -1.860457 -1.176378
v -0.249927 -0.693783 -1.758663
v -0.223509 -1.399979 -1.530382
v -0.100651 -2.355874 -0.609261
v -0.052301 -2.440159 -0.302532
v -0.000000 -0.859602 -1.794527
v 0.000000 -2.355254 -0.610501
v 0.000000 -2.440159 -0.308459
v 0.000000 -1.083126 2.538189
v 0.000000 -0.622152 2.564120
v 0.000000 -0.038794 2.507955
v 0.000000 0.271396 2.451293
v -0.000000 0.578140 2.378245
v -0.000000 1.133770 2.190196
v 0.016585 -1.351871 2.432513
v 0.032532 -1.245399 2.492052
v 0.047229 -1.084083 2.533637
v 0.060111 -0.874122 2.555671
v 0.070683 -0.623585 2.557307
v 0.078538 -0.342100 2.538481
v 0.083376 -0.040483 2.499918
v 0.085009 0.269673 2.443099
v 0.083376 0.576450 2.370209
v 0.078538 0.868059 2.284047
v 0.032532 -1.352866 2.427779
v 0.063813 -1.247351 2.482766
v 0.092642 -1.086917 2.520156
v 0.117911 -0.877729 2.538513
v 0.138649 -0.627827 2.537131
v 0.154058 -0.346813 2.516063
v 0.163547 -0.045487 2.476119
v 0.166752 0.264571 2.418834
v 0.163547 0.571446 2.346409
v 0.154058 0.863345 2.261628
v 0.047229 -1.354482 2.420091
v 0.092642 -1.250522 2.467686
v 0.134496 -1.091520 2.498263
v 0.171181 -0.883588 2.510649
v 0.201287 -0.634716 2.504366
v 0.223658 -0.354467 2.479657
v 0.237434 -0.053613 2.437471
v 0.242086 0.256286 2.379428
v 0.237434 0.563320 2.307761
v 0.223658 0.855691 2.225222
v 0.060111 -1.356658 2.409745
v 0.117911 -1.254788 2.447392
v 0.171181 -1.097714 2.468801
v 0.217871 -0.891472 2.473150
v 0.256190 -0.643986 2.460273
v 0.284663 -0.364768 2.430663
v 0.302196 -0.064548 2.385459
v 0.308117 0.245136 2.326398
v 0.302196 0.552385 2.255749
v 0.284663 0.845390 2.176228
v 0.070683 -1.359308 2.397139
v 0.138649 -1.259988 2.422664
v 0.201287 -1.105262 2.432901
v 0.256190 -0.901078 2.427459
v 0.301247 -0.655282 2.406545
v 0.334728 -0.377320 2.370964
v 0.355345 -0.077873 2.322082
v 0.362307 0.231551 2.261780
v 0.355345 0.539060 2.192373
v 0.334728 0.832838 2.116529
v 0.000000 -1.399406 2.357309
v 0.078538 -1.362332 2.382757
v 0.154058 -1.265919 2.394451
v 0.223658 -1.113874 2.391943
v 0.284663 -0.912039 2.375329
v 0.334728 -0.668170 2.345247
v 0.371930 -0.391640 2.302853
v 0.394838 -0.093075 2.249777
v 0.402574 0.216051 2.188057
v 0.394838 0.523858 2.120067
v 0.371930 0.818518 2.048418
v 0.083376 -1.365613 2.367151
v 0.163548 -1.272356 2.363839
v 0.237434 -1.123218 2.347501
v 0.302196 -0.923931 2.318765
v 0.355345 -0.682155 2.278735
v 0.394838 -0.407178 2.228949
v 0.419158 -0.109571 2.171320
v 0.427370 0.199232 2.108064
v 0.419158 0.507363 2.041610
v 0.085009 -1.369025 2.350921
v 0.166752 -1.279049 2.332004
v 0.242086 -1.132935 2.301283
v 0.308117 -0.936299 2.259941
v 0.362307 -0.696697 2.209564
v 0.402574 -0.423338 2.152091
v 0.427370 -0.126725 2.089728
v 0.435743 0.181741 2.024873
v 0.083376 -1.372437 2.334692
v 0.163548 -1.285742 2.300168
v 0.237434 -1.142653 2.255065
v 0.302196 -0.948667 2.201116
v 0.355345 -0.711240 2.140394
v 0.394838 -0.439497 2.075233
v 0.419158 -0.143880 2.008137
v 0.078538 -1.375719 2.319086
v 0.154058 -1.292178 2.269556
v 0.223658 -1.151996 2.210623
v 0.284663 -0.960559 2.144552
v 0.334728 -0.725224 2.073882
v 0.371930 -0.455035 2.001329
v 0.394838 -0.160376 1.929680
v 0.070683 -1.378743 2.304703
v 0.138649 -1.298110 2.241343
v 0.201287 -1.160607 2.169665
v 0.256190 -0.971519 2.092423
v 0.301247 -0.738112 2.012584
v 0.060111 -1.381393 2.292097
v 0.117911 -1.303309 2.216615
v 0.171180 -1.168156 2.133765
v 0.217871 -0.981126 2.046731
v 0.256190 -0.749409 1.958856
v 0.047229 -1.383568 2.281751
v 0.092642 -1.307576 2.196321
v 0.134496 -1.174350 2.104303
v 0.171180 -0.989010 2.009233
v 0.032532 -1.385184 2.274063
v 0.063813 -1.310746 2.181242
v 0.092642 -1.178953 2.082411
v 0.117911 -0.994868 1.981369
v 0.016585 -1.386180 2.269329
v 0.032532 -1.312699 2.171955
v 0.047229 -1.181787 2.068929
v 0.060111 -0.998476 1.964210
v 0.000000 -1.386516 2.267731
v 0.000000 -1.313358 2.168820
v 0.000000 -1.182745 2.064377
v 0.000000 -0.999694 1.958416
v -0.016584 -1.386180 2.269329
v -0.032531 -1.312699 2.171955
v -0.047228 -1.181787 2.068929
v -0.060110 -0.998476 1.964210
v -0.032531 -1.385184 2.274063
v -0.063813 -1.310746 2.181242
v -0.092642 -1.178953 2.082411
v -0.117911 -0.994868 1.981369
v -0.047228 -1.383568 2.281751
v -0.092642 -1.307576 2.196321
v -0.134495 -1.174350 2.104303
v -0.171180 -0.989010 2.009233
v -0.060110 -1.381393 2.292097
v -0.117911 -1.303309 2.216615
v -0.171180 -1.168156 2.133765
v -0.217871 -0.981126 2.046731
v -0.256189 -0.749409 1.958857
v -0.070682 -1.378743 2.304703
v -0.138649 -1.298110 2.241343
v -0.201287 -1.160607 2.169665
v -0.256189 -0.971519 2.092423
v -0.301247 -0.738112 2.012585
v -0.078538 -1.375719 2.319086
v -0.154058 -1.292178 2.269556
v -0.223658 -1.151996 2.210623
v -0.284662 -0.960559 2.144552
v -0.334728 -0.725224 2.073883
v -0.371929 -0.455036 2.001329
v -0.083376 -1.372437 2.334692
v -0.163547 -1.285742 2.300168
v -0.237434 -1.142653 2.255065
v -0.302196 -0.948667 2.201116
v -0.355345 -0.711240 2.140394
v -0.394838 -0.439497 2.075233
v -0.419158 -0.143880 2.008137
v -0.085009 -1.369025 2.350921
v -0.166751 -1.279049 2.332004
v -0.242085 -1.132935 2.301283
v -0.308116 -0.936299 2.259941
v -0.362307 -0.696697 2.209565
v -0.402573 -0.423338 2.152091
v -0.427370 -0.126725 2.089729
v -0.435742 0.181741 2.024874
v -0.083376 -1.365613 2.367151
v -0.163547 -1.272356 2.363839
v -0.237434 -1.123218 2.347501
v -0.302196 -0.923931 2.318765
v -0.355345 -0.682155 2.278735
v -0.394838 -0.407178 2.228949
v -0.419158 -0.109571 2.171320
v -0.427370 0.199232 2.108064
v -0.419158 0.507362 2.041610
v -0.078538 -1.362332 2.382757
v -0.154058 -1.265919 2.394451
v -0.223658 -1.113874 2.391943
v -0.284662 -0.912039 2.375329
v -0.334727 -0.668170 2.345247
v -0.371929 -0.391640 2.302853
v -0.394838 -0.093075 2.249777
v -0.402573 0.216050 2.188057
v -0.394838 0.523858 2.120067
v -0.371929 0.818518 2.048418
v -0.070682 -1.359308 2.397139
v -0.138649 -1.259988 2.422664
v -0.201286 -1.105263 2.432901
v -0.256189 -0.901078 2.427459
v -0.301247 -0.655282 2.406545
v -0.334728 -0.377320 2.370964
v -0.355345 -0.077873 2.322083
v -0.362306 0.231550 2.261780
v -0.355345 0.539060 2.192373
v -0.334728 0.832838 2.116529
v -0.301247 1.101595 2.037163
v -0.060110 -1.356658 2.409745
v -0.117911 -1.254788 2.447392
v -0.171180 -1.097714 2.468801
v -0.217871 -0.891472 2.473150
v -0.256189 -0.643986 2.460273
v -0.284662 -0.364769 2.430663
v -0.302196 -0.064548 2.385459
v -0.308116 0.245136 2.326398
v -0.302196 0.552385 2.255749
v -0.284662 0.845390 2.176228
v -0.256189 1.112891 2.090891
v -0.047228 -1.354482 2.420091
v -0.092642 -1.250522 2.467686
v -0.134495 -1.091520 2.498263
v -0.171180 -0.883588 2.510649
v -0.201287 -0.634716 2.504366
v -0.223658 -0.354467 2.479657
v -0.237434 -0.053613 2.437470
v -0.242085 0.256286 2.379428
v -0.237434 0.563320 2.307761
v -0.223658 0.855691 2.225222
v -0.201287 1.122162 2.134984
v -0.032531 -1.352866 2.427779
v -0.063813 -1.247351 2.482766
v -0.092642 -1.086917 2.520156
v -0.117911 -0.877729 2.538513
v -0.138648 -0.627827 2.537130
v -0.154058 -0.346813 2.516063
v -0.163547 -0.045487 2.476119
v -0.166751 0.264571 2.418833
v -0.163547 0.571446 2.346409
v -0.154058 0.863345 2.261628
v -0.138649 1.129050 2.167748
v -0.016584 -1.351871 2.432513
v -0.032531 -1.245399 2.492052
v -0.047228 -1.084083 2.533637
v -0.060110 -0.874122 2.555671
v -0.070682 -0.623585 2.557307
v -0.078538 -0.342100 2.538481
v -0.083376 -0.040483 2.499918
v -0.085009 0.269673 2.443099
v -0.083376 0.576450 2.370209
v -0.078538 0.868059 2.284046
v 0.000000 -1.351534 2.434111
v 0.000000 -1.244740 2.495187
v 0.000000 -0.872904 2.561465
v 0.000000 -0.340508 2.546051
v -0.000000 0.869650 2.291616
v -0.000000 -0.951626 -2.393966
v -0.000000 -0.490653 -2.419896
v -0.000000 0.092706 -2.363731
v 0.000000 0.402895 -2.307070
v 0.000000 0.709639 -2.234021
v -0.016585 -1.220371 -2.288290
v -0.032532 -1.113899 -2.347829
v -0.047229 -0.952583 -2.389414
v -0.060111 -0.742622 -2.411448
v -0.070683 -0.492085 -2.413084
v -0.078538 -0.210600 -2.394258
v -0.083376 0.091016 -2.355695
v -0.085009 0.401172 -2.298876
v -0.083376 0.707949 -2.225986
v -0.078538 0.999558 -2.139823
v -0.032532 -1.221367 -2.283556
v -0.063813 -1.115852 -2.338542
v -0.092642 -0.955418 -2.375933
v -0.117911 -0.746230 -2.394289
v -0.138649 -0.496327 -2.392907
v -0.154058 -0.215314 -2.371840
v -0.163547 0.086012 -2.331896
v -0.166751 0.396070 -2.274611
v -0.163547 0.702945 -2.202186
v -0.154058 0.994844 -2.117405
v -0.047229 -1.222983 -2.275868
v -0.092642 -1.119022 -2.323463
v -0.134496 -0.960021 -2.354040
v -0.171181 -0.752089 -2.366426
v -0.201287 -0.503216 -2.360143
v -0.223658 -0.222968 -2.335434
v -0.237434 0.077887 -2.293247
v -0.242086 0.387785 -2.235205
v -0.237434 0.694820 -2.163538
v -0.223658 0.987190 -2.080999
v -0.060111 -1.225158 -2.265522
v -0.117911 -1.123289 -2.303169
v -0.171181 -0.966215 -2.324578
v -0.217871 -0.759973 -2.328927
v -0.256190 -0.512487 -2.316050
v -0.284663 -0.233269 -2.286440
v -0.302196 0.066951 -2.241236
v -0.308117 0.376636 -2.182174
v -0.302196 0.683884 -2.111526
v -0.284663 0.976889 -2.032005
v -0.070683 -1.227808 -2.252916
v -0.138649 -1.128489 -2.278440
v -0.201287 -0.973763 -2.288678
v -0.256190 -0.769579 -2.283235
v -0.301247 -0.523783 -2.262321
v -0.334728 -0.245821 -2.226740
v -0.355345 0.053626 -2.177859
v -0.362307 0.363050 -2.117556
v -0.355345 0.670559 -2.048149
v -0.334728 0.964337 -1.972306
v -0.000000 -1.267907 -2.213085
v -0.078538 -1.230833 -2.238533
v -0.154058 -1.134420 -2.250228
v -0.223658 -0.982375 -2.247720
v -0.284663 -0.780540 -2.231106
v -0.334728 -0.536671 -2.201024
v -0.371930 -0.260141 -2.158630
v -0.394838 0.038424 -2.105553
v -0.402574 0.347550 -2.043834
v -0.083376 -1.234114 -2.222928
v -0.163548 -1.140856 -2.219616
v -0.237434 -0.991718 -2.203278
v -0.302196 -0.792432 -2.174542
v -0.355345 -0.550655 -2.134511
v -0.394838 -0.275679 -2.084726
v -0.419158 0.021929 -2.027097
v -0.085009 -1.237526 -2.206698
v -0.166752 -1.147550 -2.187780
v -0.242086 -1.001436 -2.157060
v -0.308117 -0.804800 -2.115717
v -0.362307 -0.565198 -2.065341
v -0.402574 -0.291839 -2.007868
v -0.083376 -1.240938 -2.190468
v -0.163548 -1.154243 -2.155945
v -0.237434 -1.011153 -2.110842
v -0.302196 -0.817167 -2.056893
v -0.355345 -0.579741 -1.996171
v -0.394838 -0.307998 -1.931010
v -0.078538 -1.244219 -2.174862
v -0.154058 -1.160679 -2.125333
v -0.223658 -1.020497 -2.066400
v -0.284663 -0.829060 -2.000329
v -0.334728 -0.593725 -1.929659
v -0.371930 -0.323536 -1.857106
v -0.070683 -1.247243 -2.160480
v -0.138649 -1.166611 -2.097120
v -0.201287 -1.029108 -2.025442
v -0.256190 -0.840020 -1.948200
v -0.301247 -0.606613 -1.868361
v -0.060111 -1.249894 -2.147873
v -0.117911 -1.171810 -2.072392
v -0.171180 -1.036656 -1.989542
v -0.217871 -0.849627 -1.902508
v -0.047229 -1.252069 -2.137528
v -0.092642 -1.176077 -2.052098
v -0.134496 -1.042850 -1.960080
v -0.144546 -0.860440 -1.851077
v -0.032532 -1.253685 -2.129840
v -0.063813 -1.179247 -2.037018
v -0.092642 -1.047453 -1.938187
v -0.016585 -1.254681 -2.125106
v -0.032532 -1.181200 -2.027732
v -0.047229 -1.050288 -1.924706
v -0.000000 -1.255017 -2.123507
v -0.000000 -1.181859 -2.024597
v -0.000000 -1.051245 -1.920154
v 0.016584 -1.254681 -2.125106
v 0.032531 -1.181200 -2.027732
v 0.047228 -1.050288 -1.924706
v 0.032531 -1.253685 -2.129840
v 0.063813 -1.179247 -2.037018
v 0.092642 -1.047453 -1.938187
v 0.047228 -1.252069 -2.137528
v 0.092642 -1.176077 -2.052098
v 0.134495 -1.042850 -1.960080
v 0.060110 -1.249894 -2.147873
v 0.117911 -1.171810 -2.072392
v 0.171180 -1.036656 -1.989542
v 0.217871 -0.849627 -1.902508
v 0.070682 -1.247243 -2.160480
v 0.138649 -1.166611 -2.097120
v 0.201287 -1.029108 -2.025442
v 0.256189 -0.840020 -1.948200
v 0.078538 -1.244219 -2.174862
v 0.154058 -1.160679 -2.125333
v 0.223658 -1.020497 -2.066400
v 0.284662 -0.829060 -2.000329
v 0.083376 -1.240938 -2.190468
v 0.163547 -1.154243 -2.155945
v 0.237434 -1.011153 -2.110842
v 0.302196 -0.817167 -2.056893
v 0.355345 -0.579741 -1.996171
v 0.085009 -1.237526 -2.206698
v 0.166751 -1.147550 -2.187780
v 0.242085 -1.001436 -2.157060
v 0.308116 -0.804800 -2.115717
v 0.362307 -0.565198 -2.065341
v 0.402573 -0.291839 -2.007868
v 0.083376 -1.234114 -2.222928
v 0.163547 -1.140856 -2.219616
v 0.237434 -0.991718 -2.203278
v 0.302196 -0.792432 -2.174542
v 0.355345 -0.550655 -2.134512
v 0.394838 -0.275679 -2.084726
v 0.419158 0.021928 -2.027097
v 0.078538 -1.230833 -2.238533
v 0.154058 -1.134420 -2.250228
v 0.223658 -0.982375 -2.247720
v 0.284662 -0.780540 -2.231106
v 0.334727 -0.536671 -2.201024
v 0.371929 -0.260141 -2.158630
v 0.394838 0.038424 -2.105553
v 0.402573 0.347550 -2.043834
v 0.070682 -1.227808 -2.252916
v 0.138649 -1.128489 -2.278440
v 0.201286 -0.973763 -2.288678
v 0.256189 -0.769579 -2.283235
v 0.301247 -0.523783 -2.262321
v 0.334728 -0.245821 -2.226740
v 0.355345 0.053626 -2.177859
v 0.362306 0.363050 -2.117556
v 0.355345 0.670559 -2.048149
v 0.334728 0.964337 -1.972305
v 0.060110 -1.225158 -2.265522
v 0.117911 -1.123289 -2.303169
v 0.171180 -0.966215 -2.324578
v 0.217871 -0.759973 -2.328927
v 0.256189 -0.512487 -2.316050
v 0.284662 -0.233269 -2.286440
v 0.302196 0.066951 -2.241236
v 0.308116 0.376636 -2.182174
v 0.302196 0.683884 -2.111526
v 0.284663 0.976889 -2.032005
v 0.047228 -1.222983 -2.275868
v 0.092642 -1.119022 -2.323462
v 0.134495 -0.960021 -2.354040
v 0.171180 -0.752089 -2.366426
v 0.201287 -0.503216 -2.360143
v 0.223658 -0.222968 -2.335434
v 0.237434 0.077886 -2.293247
v 0.242085 0.387785 -2.235205
v 0.237434 0.694820 -2.163538
v 0.223658 0.987190 -2.080999
v 0.032531 -1.221367 -2.283556
v 0.063813 -1.115852 -2.338542
v 0.092642 -0.955418 -2.375932
v 0.117911 -0.746230 -2.394289
v 0.138649 -0.496327 -2.392907
v 0.154058 -0.215314 -2.371840
v 0.163547 0.086012 -2.331896
v 0.166751 0.396070 -2.274610
v 0.163547 0.702945 -2.202186
v 0.154058 0.994844 -2.117405
v 0.016584 -1.220371 -2.288290
v 0.032531 -1.113899 -2.347828
v 0.047228 -0.952583 -2.389414
v 0.060110 -0.742622 -2.411448
v 0.070682 -0.492085 -2.413084
v 0.078538 -0.210600 -2.394258
v 0.083376 0.091016 -2.355695
v 0.085009 0.401172 -2.298876
v 0.083376 0.707949 -2.225985
v 0.078538 0.999558 -2.139823
v -0.000000 -1.220035 -2.289888
v -0.000000 -1.113240 -2.350964
v -0.000000 -0.741405 -2.417242
v -0.000000 -0.209009 -2.401828
v 0.000000 1.001149 -2.147393
v 0.000000 -2.776372 0.653410
v 0.081866 -2.777423 0.661370
v 0.069621 -2.981934 0.696207
v 0.054701 -3.152963 0.748974
v 0.037679 -3.283937 0.817641
v 0.019208 -3.369822 0.899570
v 0.160586 -2.780534 0.684943
v 0.136567 -2.984580 0.716255
v 0.107300 -3.155042 0.764725
v 0.073909 -3.285369 0.828490
v 0.037679 -3.370552 0.905101
v 0.259045 -2.556358 0.714529
v 0.233134 -2.785586 0.723225
v 0.198264 -2.988876 0.748811
v 0.155775 -3.158418 0.790304
v 0.107300 -3.287694 0.846109
v 0.054701 -3.371737 0.914083
v 0.329702 -2.563913 0.771773
v 0.296724 -2.792385 0.774743
v 0.252343 -2.994659 0.792623
v 0.198264 -3.162961 0.824727
v 0.136567 -3.290823 0.869821
v 0.069621 -3.373333 0.926171
v 0.387688 -2.573119 0.841525
v 0.348910 -2.800670 0.837518
v 0.296724 -3.001704 0.846009
v 0.233134 -3.168497 0.866672
v 0.160586 -3.294637 0.898713
v 0.081866 -3.375277 0.940900
v 0.430776 -2.583622 0.921104
v 0.387688 -2.810122 0.909138
v 0.329702 -3.009743 0.906917
v 0.259045 -3.174812 0.914527
v 0.178433 -3.298987 0.931676
v 0.090964 -3.377495 0.957704
v 0.494988 -2.097831 1.065543
v 0.485477 -2.351043 1.034025
v 0.457309 -2.595017 1.007453
v 0.411568 -2.820378 0.986849
v 0.350009 -3.018465 0.973005
v 0.275001 -3.181665 0.966452
v 0.189424 -3.303707 0.967442
v 0.096567 -3.379901 0.975938
v 0.504685 -2.110659 1.162741
v 0.494988 -2.363625 1.129355
v 0.466269 -2.606869 1.097253
v 0.419631 -2.831044 1.067667
v 0.356867 -3.027535 1.041735
v 0.280388 -3.188792 1.020453
v 0.193135 -3.308616 1.004639
v 0.098459 -3.382403 0.994900
v 0.494988 -2.123487 1.259939
v 0.485477 -2.376206 1.224686
v 0.457309 -2.618721 1.187052
v 0.411567 -2.841710 1.148484
v 0.350009 -3.036606 1.110464
v 0.275001 -3.195919 1.074453
v 0.189424 -3.313525 1.041835
v 0.096567 -3.384906 1.013863
v 0.466268 -2.135821 1.353402
v 0.457309 -2.388304 1.316353
v 0.430776 -2.630116 1.273401
v 0.387688 -2.851966 1.226196
v 0.329702 -3.045329 1.176553
v 0.259045 -3.202772 1.126378
v 0.178433 -3.318245 1.077602
v 0.090964 -3.387313 1.032097
v 0.419630 -2.147190 1.439538
v 0.411567 -2.399453 1.400834
v 0.387688 -2.640619 1.352980
v 0.348910 -2.861419 1.297816
v 0.296724 -3.053367 1.237460
v 0.233134 -3.209087 1.174233
v 0.160586 -3.322596 1.110564
v 0.081866 -3.389530 1.048901
v 0.356866 -2.157154 1.515037
v 0.350009 -2.409226 1.474882
v 0.329702 -2.649825 1.422732
v 0.296724 -2.869703 1.360591
v 0.252343 -3.060412 1.290846
v 0.198264 -3.214623 1.216178
v 0.136567 -3.326409 1.139457
v 0.069621 -3.391474 1.063630
v 0.280388 -2.165331 1.576998
v 0.275001 -2.417246 1.535652
v 0.259045 -2.657379 1.479976
v 0.233134 -2.876503 1.412109
v 0.198264 -3.066195 1.334658
v 0.155775 -3.219166 1.250601
v 0.107300 -3.329538 1.163168
v 0.054701 -3.393070 1.075718
v 0.193135 -2.171407 1.623038
v 0.189424 -2.423206 1.580808
v 0.178433 -2.662993 1.522512
v 0.160586 -2.881555 1.450390
v 0.136567 -3.070491 1.367214
v 0.107300 -3.222542 1.276180
v 0.073909 -3.331863 1.180787
v 0.037679 -3.394255 1.084700
v 0.069621 -1.239383 1.629274
v 0.081866 -1.443894 1.664112
v 0.090964 -1.674029 1.679682
v 0.098459 -2.175149 1.651390
v 0.096567 -2.426876 1.608615
v 0.090964 -2.666450 1.548706
v 0.081866 -2.884666 1.473964
v 0.069621 -3.073137 1.387262
v 0.054701 -3.224621 1.291932
v 0.037679 -3.333295 1.191637
v 0.019208 -3.394985 1.090231
v -0.000000 -1.240276 1.636044
v -0.040933 -1.444420 1.668092
v 0.000000 -1.675197 1.688526
v -0.000000 -2.176412 1.660963
v -0.000000 -2.428115 1.618004
v 0.000000 -2.667617 1.557550
v -0.000000 -2.885716 1.481924
v -0.000000 -3.074030 1.394031
v -0.000000 -3.225323 1.297250
v -0.000000 -3.333779 1.195300
v -0.000000 -3.395231 1.092099
v -0.069621 -1.239383 1.629274
v -0.090964 -1.674029 1.679682
v -0.098459 -2.175149 1.651390
v -0.096567 -2.426876 1.608615
v -0.090964 -2.666450 1.548706
v -0.081866 -2.884666 1.473964
v -0.069621 -3.073137 1.387262
v -0.054701 -3.224621 1.291932
v -0.037679 -3.333295 1.191637
v -0.019208 -3.394985 1.090231
v -0.136567 -1.236737 1.609226
v -0.160586 -1.440784 1.640538
v -0.178433 -1.670573 1.653488
v -0.193135 -2.171407 1.623038
v -0.189424 -2.423205 1.580808
v -0.178433 -2.662993 1.522512
v -0.160586 -2.881555 1.450390
v -0.136567 -3.070491 1.367214
v -0.107300 -3.222542 1.276180
v -0.073909 -3.331863 1.180787
v -0.037679 -3.394255 1.084700
v -0.259045 -1.664959 1.610952
v -0.280388 -2.165331 1.576997
v -0.275001 -2.417246 1.535652
v -0.259045 -2.657379 1.479976
v -0.233134 -2.876503 1.412109
v -0.198264 -3.066195 1.334658
v -0.155775 -3.219166 1.250601
v -0.107300 -3.329538 1.163168
v -0.054701 -3.393070 1.075718
v -0.329702 -1.657404 1.553708
v -0.356866 -2.157154 1.515037
v -0.350009 -2.409226 1.474882
v -0.329702 -2.649825 1.422732
v -0.296724 -2.869703 1.360591
v -0.252343 -3.060412 1.290846
v -0.198264 -3.214623 1.216178
v -0.136567 -3.326409 1.139457
v -0.069621 -3.391474 1.063630
v -0.000000 -3.407319 0.991612
v -0.387688 -1.648199 1.483956
v -0.419630 -2.147189 1.439538
v -0.411567 -2.399453 1.400834
v -0.387688 -2.640619 1.352980
v -0.348910 -2.861419 1.297815
v -0.296724 -3.053367 1.237460
v -0.233134 -3.209087 1.174233
v -0.160586 -3.322596 1.110564
v -0.081866 -3.389530 1.048901
v -0.430776 -1.637696 1.404377
v -0.466268 -2.135821 1.353402
v -0.457309 -2.388304 1.316353
v -0.430776 -2.630116 1.273401
v -0.387688 -2.851966 1.226196
v -0.329702 -3.045329 1.176553
v -0.259045 -3.202772 1.126378
v -0.178433 -3.318245 1.077602
v -0.090964 -3.387313 1.032097
v -0.457309 -1.626300 1.318028
v -0.494988 -2.123487 1.259939
v -0.485477 -2.376206 1.224686
v -0.457309 -2.618721 1.187052
v -0.411567 -2.841710 1.148484
v -0.350009 -3.036606 1.110464
v -0.275000 -3.195919 1.074453
v -0.189424 -3.313525 1.041835
v -0.096567 -3.384906 1.013863
v -0.494988 -2.363625 1.129355
v -0.466268 -2.606869 1.097253
v -0.419630 -2.831044 1.067667
v -0.356866 -3.027535 1.041735
v -0.280388 -3.188792 1.020452
v -0.193135 -3.308616 1.004639
v -0.098459 -3.382403 0.994900
v -0.485477 -2.351043 1.034024
v -0.457309 -2.595017 1.007453
v -0.411567 -2.820378 0.986849
v -0.350009 -3.018465 0.973005
v -0.275000 -3.181665 0.966452
v -0.189424 -3.303707 0.967442
v -0.096567 -3.379901 0.975938
v -0.457309 -2.338945 0.942357
v -0.430776 -2.583622 0.921105
v -0.387688 -2.810122 0.909138
v -0.329702 -3.009743 0.906917
v -0.259045 -3.174812 0.914527
v -0.178433 -3.298987 0.931676
v -0.090964 -3.377495 0.957704
v -0.370634 -2.445854 0.814825
v -0.387688 -2.573119 0.841525
v -0.348910 -2.800670 0.837518
v -0.296724 -3.001704 0.846009
v -0.233134 -3.168497 0.866672
v -0.160586 -3.294637 0.898713
v -0.081866 -3.375277 0.940900
v -0.296723 -2.792385 0.774743
v -0.252343 -2.994659 0.792623
v -0.198264 -3.162961 0.824727
v -0.136567 -3.290823 0.869821
v -0.069621 -3.373333 0.926171
v -0.259045 -2.556358 0.714529
v -0.233134 -2.785586 0.723225
v -0.198264 -2.988876 0.748811
v -0.155775 -3.158418 0.790304
v -0.107300 -3.287694 0.846109
v -0.054701 -3.371737 0.914083
v -0.178433 -2.550745 0.671993
v -0.160585 -2.780534 0.684944
v -0.136567 -2.984580 0.716255
v -0.107300 -3.155042 0.764725
v -0.073909 -3.285369 0.828490
v -0.037679 -3.370552 0.905101
v -0.081866 -2.777423 0.661370
v -0.069621 -2.981934 0.696207
v -0.054701 -3.152963 0.748974
v -0.037679 -3.283937 0.817641
v -0.019208 -3.369823 0.899570
v 0.000000 -2.981041 0.689438
v 0.000000 -3.152261 0.743655
v 0.000000 -3.283453 0.813977
v 0.000000 -3.369576 0.897702
v 0.000000 -2.842121 -0.616009
v -0.090964 -2.613037 -0.608399
v -0.081866 -2.843172 -0.623969
v -0.069621 -3.047683 -0.658806
v -0.054701 -3.218712 -0.711573
v -0.037679 -3.349686 -0.780240
v -0.019208 -3.435571 -0.862169
v -0.178433 -2.616494 -0.634592
v -0.160586 -2.846283 -0.647542
v -0.136567 -3.050329 -0.678854
v -0.107300 -3.220791 -0.727324
v -0.073909 -3.351118 -0.791089
v -0.037679 -3.436301 -0.867700
v -0.259045 -2.622108 -0.677128
v -0.233134 -2.851335 -0.685824
v -0.198264 -3.054626 -0.711410
v -0.155775 -3.224167 -0.752903
v -0.107300 -3.353443 -0.808708
v -0.054701 -3.437487 -0.876682
v -0.329702 -2.629663 -0.734372
v -0.296724 -2.858134 -0.737342
v -0.252343 -3.060408 -0.755222
v -0.198264 -3.228710 -0.787326
v -0.136567 -3.356573 -0.832420
v -0.069621 -3.439082 -0.888770
v -0.387688 -2.638868 -0.804124
v -0.348910 -2.866419 -0.800117
v -0.296724 -3.067453 -0.808608
v -0.233134 -3.234246 -0.829271
v -0.160586 -3.360386 -0.861312
v -0.081866 -3.441026 -0.903499
v -0.471393 -2.410743 -0.950790
v -0.430776 -2.649371 -0.883703
v -0.387688 -2.875871 -0.871737
v -0.329702 -3.075492 -0.869516
v -0.259045 -3.240561 -0.877126
v -0.178433 -3.364736 -0.894275
v -0.090964 -3.443244 -0.920303
v -0.457309 -2.660767 -0.970052
v -0.411568 -2.886127 -0.949448
v -0.350009 -3.084214 -0.935604
v -0.275001 -3.247414 -0.929051
v -0.189424 -3.369456 -0.930041
v -0.096567 -3.445650 -0.938537
v -0.504685 -2.176408 -1.125340
v -0.494988 -2.429374 -1.091954
v -0.466269 -2.672618 -1.059852
v -0.419631 -2.896793 -1.030266
v -0.356867 -3.093285 -1.004334
v -0.280388 -3.254541 -0.983052
v -0.193135 -3.374365 -0.967238
v -0.098459 -3.448153 -0.957499
v -0.494988 -2.189236 -1.222538
v -0.485477 -2.441955 -1.187285
v -0.457309 -2.684470 -1.149651
v -0.411567 -2.907459 -1.111083
v -0.350009 -3.102355 -1.073063
v -0.275001 -3.261668 -1.037052
v -0.189424 -3.379274 -1.004434
v -0.096567 -3.450655 -0.976462
v -0.430776 -1.703445 -1.366976
v -0.457309 -1.948122 -1.345723
v -0.466268 -2.201571 -1.316001
v -0.457309 -2.454053 -1.278952
v -0.430776 -2.695866 -1.236000
v -0.387688 -2.917716 -1.188795
v -0.329702 -3.111078 -1.139152
v -0.259045 -3.268521 -1.088977
v -0.178433 -3.383995 -1.040201
v -0.090964 -3.453062 -0.994696
v -0.387688 -1.713948 -1.446555
v -0.411568 -1.959271 -1.430204
v -0.419630 -2.212939 -1.402137
v -0.411568 -2.465202 -1.363433
v -0.387688 -2.706368 -1.315579
v -0.348910 -2.927168 -1.260415
v -0.296724 -3.119116 -1.200059
v -0.233134 -3.274837 -1.136832
v -0.160586 -3.388345 -1.073164
v -0.081866 -3.455279 -1.011500
v -0.329702 -1.723153 -1.516307
v -0.350009 -1.969043 -1.504253
v -0.356866 -2.222903 -1.477636
v -0.350009 -2.474975 -1.437482
v -0.329702 -2.715574 -1.385331
v -0.296724 -2.935452 -1.323190
v -0.252343 -3.126162 -1.253445
v -0.198264 -3.280372 -1.178777
v -0.136567 -3.392158 -1.102056
v -0.069621 -3.457223 -1.026229
v -0.259045 -1.730708 -1.573551
v -0.275001 -1.977064 -1.565022
v -0.280388 -2.231080 -1.539597
v -0.275001 -2.482995 -1.498251
v -0.259045 -2.723128 -1.442575
v -0.233134 -2.942252 -1.374708
v -0.198264 -3.131944 -1.297257
v -0.155775 -3.284915 -1.213200
v -0.107300 -3.395288 -1.125767
v -0.054701 -3.458819 -1.038317
v -0.160586 -1.506533 -1.603137
v -0.178433 -1.736322 -1.616087
v -0.189424 -1.983023 -1.610178
v -0.193135 -2.237156 -1.585637
v -0.189424 -2.488955 -1.543407
v -0.178433 -2.728743 -1.485111
v -0.160586 -2.947304 -1.412989
v -0.136567 -3.136240 -1.329813
v -0.107300 -3.288291 -1.238779
v -0.073909 -3.397613 -1.143386
v -0.037679 -3.460004 -1.047299
v 0.000000 -1.509994 -1.629364
v -0.090965 -1.739779 -1.642281
v -0.096567 -1.986693 -1.637985
v -0.098459 -2.240898 -1.613989
v -0.096567 -2.492625 -1.571214
v -0.090965 -2.732199 -1.511305
v -0.081866 -2.950415 -1.436563
v -0.069621 -3.138886 -1.349861
v -0.054701 -3.290370 -1.254531
v -0.037679 -3.399045 -1.154236
v -0.019208 -3.460734 -1.052830
v -0.000000 -1.740946 -1.651125
v 0.000000 -1.987932 -1.647375
v 0.000000 -2.242161 -1.623562
v 0.000000 -2.493864 -1.580603
v -0.000000 -2.733366 -1.520149
v 0.000000 -2.951466 -1.444523
v -0.000000 -3.139780 -1.356630
v 0.000000 -3.291072 -1.259849
v 0.000000 -3.399528 -1.157899
v 0.000000 -3.460980 -1.054698
v 0.090964 -1.739779 -1.642281
v 0.096567 -1.986693 -1.637985
v 0.098459 -2.240898 -1.613989
v 0.096567 -2.492625 -1.571214
v 0.090964 -2.732199 -1.511305
v 0.081866 -2.950415 -1.436563
v 0.069621 -3.138886 -1.349861
v 0.054701 -3.290370 -1.254531
v 0.037679 -3.399045 -1.154236
v 0.019208 -3.460734 -1.052830
v 0.160586 -1.506533 -1.603137
v 0.178433 -1.736322 -1.616087
v 0.189424 -1.983023 -1.610178
v 0.193135 -2.237156 -1.585637
v 0.189424 -2.488955 -1.543407
v 0.178433 -2.728743 -1.485111
v 0.160586 -2.947304 -1.412989
v 0.136567 -3.136240 -1.329813
v 0.107300 -3.288291 -1.238779
v 0.073909 -3.397613 -1.143386
v 0.037679 -3.460004 -1.047299
v 0.259045 -1.730708 -1.573551
v 0.275001 -1.977064 -1.565022
v 0.280388 -2.231080 -1.539596
v 0.275001 -2.482995 -1.498251
v 0.259045 -2.723128 -1.442575
v 0.233134 -2.942252 -1.374708
v 0.198264 -3.131944 -1.297257
v 0.155775 -3.284915 -1.213200
v 0.107300 -3.395288 -1.125767
v 0.054701 -3.458819 -1.038317
v 0.329702 -1.723153 -1.516307
v 0.350009 -1.969043 -1.504252
v 0.356866 -2.222903 -1.477636
v 0.350009 -2.474975 -1.437481
v 0.329702 -2.715574 -1.385331
v 0.296724 -2.935452 -1.323190
v 0.252343 -3.126162 -1.253445
v 0.198264 -3.280372 -1.178777
v 0.136567 -3.392158 -1.102056
v 0.069621 -3.457223 -1.026229
v 0.000000 -3.473068 -0.954211
v 0.387688 -1.713948 -1.446556
v 0.411567 -1.959271 -1.430204
v 0.419630 -2.212938 -1.402137
v 0.411567 -2.465202 -1.363433
v 0.387688 -2.706368 -1.315579
v 0.348910 -2.927168 -1.260415
v 0.296724 -3.119116 -1.200059
v 0.233134 -3.274837 -1.136832
v 0.160586 -3.388345 -1.073163
v 0.081866 -3.455279 -1.011500
v 0.457309 -1.948122 -1.345723
v 0.466268 -2.201571 -1.316001
v 0.457309 -2.454053 -1.278952
v 0.430776 -2.695866 -1.236000
v 0.387688 -2.917716 -1.188795
v 0.329702 -3.111078 -1.139152
v 0.259045 -3.268521 -1.088977
v 0.178433 -3.383995 -1.040201
v 0.090964 -3.453062 -0.994696
v 0.485477 -1.936023 -1.254056
v 0.494988 -2.189236 -1.222538
v 0.485477 -2.441955 -1.187285
v 0.457309 -2.684470 -1.149651
v 0.411567 -2.907459 -1.111083
v 0.350009 -3.102355 -1.073063
v 0.275000 -3.261668 -1.037052
v 0.189424 -3.379274 -1.004434
v 0.096567 -3.450655 -0.976462
v 0.504685 -2.176408 -1.125340
v 0.494988 -2.429374 -1.091954
v 0.466268 -2.672618 -1.059852
v 0.419630 -2.896793 -1.030266
v 0.356866 -3.093285 -1.004334
v 0.280388 -3.254541 -0.983052
v 0.193135 -3.374365 -0.967238
v 0.098459 -3.448153 -0.957499
v 0.494988 -2.163580 -1.028141
v 0.485477 -2.416792 -0.996624
v 0.457309 -2.660767 -0.970052
v 0.411567 -2.886127 -0.949448
v 0.350009 -3.084214 -0.935604
v 0.275000 -3.247414 -0.929051
v 0.189424 -3.369456 -0.930041
v 0.096567 -3.445650 -0.938537
v 0.457309 -2.404694 -0.904956
v 0.430776 -2.649371 -0.883704
v 0.387688 -2.875871 -0.871737
v 0.329702 -3.075492 -0.869516
v 0.259045 -3.240561 -0.877126
v 0.178433 -3.364736 -0.894275
v 0.090964 -3.443244 -0.920303
v 0.387688 -2.638868 -0.804124
v 0.348910 -2.866419 -0.800117
v 0.296724 -3.067453 -0.808608
v 0.233134 -3.234246 -0.829271
v 0.160586 -3.360386 -0.861312
v 0.081866 -3.441026 -0.903499
v 0.329702 -2.629663 -0.734372
v 0.296723 -2.858134 -0.737342
v 0.252343 -3.060408 -0.755222
v 0.198264 -3.228710 -0.787326
v 0.136567 -3.356573 -0.832420
v 0.069621 -3.439082 -0.888770
v 0.259045 -2.622108 -0.677129
v 0.233134 -2.851335 -0.685824
v 0.198264 -3.054626 -0.711410
v 0.155775 -3.224167 -0.752903
v 0.107300 -3.353443 -0.808708
v 0.054701 -3.437487 -0.876682
v 0.178433 -2.616494 -0.634592
v 0.160586 -2.846283 -0.647543
v 0.136567 -3.050329 -0.678854
v 0.107300 -3.220791 -0.727324
v 0.073909 -3.351118 -0.791089
v 0.037679 -3.436301 -0.867700
v 0.090964 -2.613037 -0.608399
v 0.081866 -2.843172 -0.623969
v 0.069621 -3.047683 -0.658806
v 0.054701 -3.218712 -0.711573
v 0.037679 -3.349686 -0.780240
v 0.019208 -3.435572 -0.862169
v 0.000000 -2.611870 -0.599554
v -0.000000 -3.046790 -0.652037
v -0.000000 -3.218010 -0.706254
v -0.000000 -3.349203 -0.776576
v 0.000000 -3.435325 -0.860301
v -2.512815 -1.206745 -0.246947
v -2.500472 -1.262815 -0.241292
v -2.488602 -1.316730 -0.224546
v -2.468649 -1.407367 -0.158087
v -2.452560 -1.480449 -0.037676
v -2.449544 -1.494149 0.047340
v -2.450759 -1.488626 0.104752
v -2.454360 -1.472271 0.159958
v -2.460207 -1.445713 0.210837
v -2.468076 -1.409970 0.255432
v -2.477664 -1.366418 0.292030
v -2.488602 -1.316730 0.319225
v -2.500472 -1.262815 0.335972
v -2.512815 -1.206745 0.341626
v -2.525159 -1.150675 0.335972
v -2.537029 -1.096760 0.319225
v -2.547967 -1.047071 0.292030
v -2.557555 -1.003519 0.255432
v -2.565424 -0.967776 0.210837
v -2.571271 -0.941217 0.159958
v -2.575480 -0.922101 0.076046
v -2.574872 -0.924862 -0.010073
v -2.571271 -0.941217 -0.065279
v -2.565424 -0.967776 -0.116157
v -2.557555 -1.003519 -0.160752
v -2.536718 -1.098169 -0.221063
v -3.105546 -1.398374 -0.246947
v -3.093202 -1.454444 -0.241292
v -3.081333 -1.508359 -0.224546
v -3.070394 -1.558048 -0.197351
v -3.060806 -1.601600 -0.160752
v -3.052937 -1.637342 -0.116157
v -3.047090 -1.663901 -0.065279
v -3.043490 -1.680256 -0.010073
v -3.042274 -1.685779 0.047340
v -3.043490 -1.680256 0.104752
v -3.047090 -1.663901 0.159958
v -3.052937 -1.637342 0.210837
v -3.060806 -1.601600 0.255432
v -3.070394 -1.558048 0.292030
v -3.081333 -1.508359 0.319225
v -3.093202 -1.454444 0.335972
v -3.105546 -1.398374 0.341626
v -3.117889 -1.342304 0.335972
v -3.129759 -1.288389 0.319225
v -3.140698 -1.238701 0.292030
v -3.150286 -1.195148 0.255432
v -3.158154 -1.159406 0.210837
v -3.164001 -1.132847 0.159958
v -3.167602 -1.116492 0.104752
v -3.168818 -1.110970 0.047340
v -3.167602 -1.116492 -0.010073
v -3.164001 -1.132847 -0.065279
v -3.158154 -1.159406 -0.116157
v -3.150286 -1.195148 -0.160752
v -3.140698 -1.238701 -0.197351
v -3.129759 -1.288389 -0.224546
v -3.117889 -1.342304 -0.241292
v -3.927672 -1.602485 -0.082246
v -3.921026 -1.653816 -0.107725
v -3.908931 -1.707918 -0.123688
v -3.891854 -1.762713 -0.129523
v -3.870450 -1.816094 -0.125005
v -3.845541 -1.866012 -0.110307
v -3.818085 -1.910546 -0.085995
v -3.789138 -1.947986 -0.053004
v -3.759810 -1.976892 -0.012600
v -3.731231 -1.996155 0.033664
v -3.704497 -2.005033 0.084009
v -3.680636 -2.003186 0.136501
v -3.660566 -1.990685 0.189123
v -3.645057 -1.968009 0.239853
v -3.634706 -1.936031 0.286740
v -3.629909 -1.895980 0.327983
v -3.630852 -1.849393 0.361998
v -3.637499 -1.798062 0.387476
v -3.649594 -1.743960 0.403439
v -3.666671 -1.689165 0.409274
v -3.688076 -1.635784 0.404756
v -3.712984 -1.585866 0.390059
v -3.740440 -1.541332 0.365747
v -3.769387 -1.503892 0.332755
v -3.798715 -1.474986 0.292351
v -3.827294 -1.455723 0.246087
v -3.854028 -1.446845 0.195742
v -3.877888 -1.448691 0.143250
v -3.897959 -1.461193 0.090628
v -3.913468 -1.483869 0.039899
v -3.923820 -1.515847 -0.006988
v -3.928616 -1.555899 -0.048232
v -4.786882 -1.832857 0.380300
v -4.785743 -1.890316 0.375271
v -4.774842 -1.946964 0.375894
v -4.754600 -2.000623 0.382146
v -4.725791 -2.049232 0.393786
v -4.689526 -2.090921 0.410367
v -4.647196 -2.124090 0.431252
v -4.600429 -2.147464 0.455638
v -4.551022 -2.160144 0.482589
v -4.500874 -2.161643 0.511067
v -4.451910 -2.151903 0.539980
v -4.406015 -2.131299 0.568216
v -4.364951 -2.100623 0.594690
v -4.330296 -2.061052 0.618384
v -4.303382 -2.014110 0.638388
v -4.285243 -1.961597 0.653933
v -4.276577 -1.905535 0.664422
v -4.277716 -1.848075 0.669452
v -4.288616 -1.791428 0.668829
v -4.308859 -1.737769 0.662577
v -4.337667 -1.689160 0.650937
v -4.373933 -1.647470 0.634356
v -4.416263 -1.614302 0.613471
v -4.463030 -1.590928 0.589084
v -4.512437 -1.578248 0.562134
v -4.562585 -1.576749 0.533655
v -4.611547 -1.586489 0.504742
v -4.657443 -1.607093 0.476506
v -4.698507 -1.637769 0.450033
v -4.733162 -1.677339 0.426339
v -4.760077 -1.724282 0.406335
v -4.778215 -1.776794 0.390789
v -5.101060 -1.941400 1.374372
v -5.101568 -1.998057 1.363513
v -5.091228 -2.054288 1.355818
v -5.070434 -2.107934 1.351583
v -5.039989 -2.156933 1.350970
v -5.001060 -2.199401 1.354004
v -4.955145 -2.233706 1.360568
v -4.904007 -2.258531 1.370409
v -4.849612 -2.272921 1.383149
v -4.794051 -2.276323 1.398299
v -4.739458 -2.268607 1.415277
v -4.687932 -2.250068 1.433429
v -4.641452 -2.221420 1.452059
v -4.601805 -2.183764 1.470451
v -4.570514 -2.138546 1.487897
v -4.548782 -2.087504 1.503728
v -4.537444 -2.032599 1.517334
v -4.536936 -1.975943 1.528193
v -4.547277 -1.919711 1.535889
v -4.568070 -1.866065 1.540124
v -4.598516 -1.817067 1.540736
v -4.637444 -1.774599 1.537703
v -4.683359 -1.740293 1.531139
v -4.734497 -1.715468 1.521298
v -4.788892 -1.701078 1.508558
v -4.844454 -1.697676 1.493407
v -4.899046 -1.705393 1.476430
v -4.950573 -1.723931 1.458277
v -4.997053 -1.752579 1.439647
v -5.036700 -1.790236 1.421256
v -5.067990 -1.835454 1.403810
v -5.089723 -1.886496 1.387979
v -5.310555 -2.098410 2.262572
v -5.313515 -2.151235 2.253715
v -5.306024 -2.203432 2.243869
v -5.288370 -2.252996 2.233413
v -5.261232 -2.298022 2.222747
v -5.225654 -2.336781 2.212284
v -5.183001 -2.367783 2.202423
v -5.134912 -2.389834 2.193545
v -5.083238 -2.402090 2.185990
v -5.029962 -2.404079 2.180048
v -4.977132 -2.395724 2.175949
v -4.926778 -2.377347 2.173850
v -4.880836 -2.349653 2.173830
v -4.841072 -2.313707 2.175892
v -4.809012 -2.270890 2.179955
v -4.785891 -2.222848 2.185865
v -4.772594 -2.171427 2.193392
v -4.769634 -2.118603 2.202249
v -4.777125 -2.066405 2.212095
v -4.794779 -2.016841 2.222551
v -4.821917 -1.971815 2.233216
v -4.857496 -1.933056 2.243680
v -4.900149 -1.902055 2.253541
v -4.948237 -1.880003 2.262419
v -4.999912 -1.867747 2.269974
v -5.053188 -1.865758 2.275915
v -5.106018 -1.874113 2.280015
v -5.156371 -1.892490 2.282114
v -5.202312 -1.920184 2.282133
v -5.242077 -1.956130 2.280072
v -5.274137 -1.998947 2.276008
v -5.297259 -2.046989 2.270099
v -5.152295 -2.259622 3.131244
v -5.154528 -2.299460 3.124565
v -5.148878 -2.338827 3.117139
v -5.135564 -2.376206 3.109253
v -5.115097 -2.410164 3.101210
v -5.088264 -2.439395 3.093318
v -5.056097 -2.462775 3.085882
v -5.019830 -2.479406 3.079186
v -4.980858 -2.488650 3.073488
v -4.940678 -2.490149 3.069007
v -4.900835 -2.483849 3.065916
v -4.862860 -2.469989 3.064332
v -4.828212 -2.449103 3.064318
v -4.798223 -2.421993 3.065873
v -4.774044 -2.389702 3.068938
v -4.756606 -2.353470 3.073394
v -4.746578 -2.314689 3.079071
v -4.744346 -2.274850 3.085750
v -4.749995 -2.235484 3.093176
v -4.763309 -2.198104 3.101062
v -4.783775 -2.164146 3.109105
v -4.810609 -2.134915 3.116997
v -4.842777 -2.111536 3.124433
v -4.879044 -2.094904 3.131130
v -4.918015 -2.085660 3.136827
v -4.958196 -2.084161 3.141308
v -4.998038 -2.090462 3.144399
v -5.036014 -2.104322 3.145983
v -5.070662 -2.125208 3.145998
v -5.100651 -2.152318 3.144442
v -5.124829 -2.184609 3.141378
v -5.142267 -2.220841 3.136922
v -4.996512 -2.362253 3.870880
v -4.998385 -2.390790 3.869776
v -4.994767 -2.419092 3.867549
v -4.985795 -2.446072 3.864287
v -4.971815 -2.470693 3.860114
v -4.953364 -2.492010 3.855191
v -4.931151 -2.509202 3.849707
v -4.906031 -2.521609 3.843873
v -4.878966 -2.528755 3.837912
v -4.850999 -2.530364 3.832055
v -4.823204 -2.526375 3.826526
v -4.796648 -2.516942 3.821537
v -4.772353 -2.502426 3.817281
v -4.751253 -2.483386 3.813921
v -4.734158 -2.460553 3.811585
v -4.721725 -2.434805 3.810364
v -4.714430 -2.407130 3.810305
v -4.712557 -2.378594 3.811410
v -4.716175 -2.350292 3.813637
v -4.725146 -2.323312 3.816899
v -4.739126 -2.298691 3.821072
v -4.757577 -2.277374 3.825995
v -4.779790 -2.260182 3.831479
v -4.804912 -2.247775 3.837313
v -4.831976 -2.240629 3.843274
v -4.859943 -2.239020 3.849131
v -4.887738 -2.243009 3.854660
v -4.914293 -2.252442 3.859649
v -4.938588 -2.266957 3.863905
v -4.959689 -2.285998 3.867265
v -4.976785 -2.308831 3.869601
v -4.989218 -2.334579 3.870821
v -1.633613 4.149405 2.714445
v -1.876080 4.017740 2.768397
v -0.053350 6.850683 4.009636
v 0.076611 6.847302 4.014193
v 0.128025 7.169947 4.285329
v -0.101746 7.050760 4.222650
v -2.077775 3.892478 2.703898
v -0.089855 7.290600 4.333208
v -0.014881 6.636164 3.341762
v 0.115299 6.631568 3.342535
v -0.513454 7.053552 -4.207751
v -0.290975 7.064394 -4.227350
v -0.313859 7.304235 -4.336165
v -0.538267 7.313612 -4.325740
v -0.289345 6.649798 -3.342191
v -0.338719 6.485460 -3.140366
v -0.418949 6.645203 -3.329946
v 1.417465 4.345903 -2.864037
vn 0.0791 -0.7445 -0.6630
vn 0.1582 -0.8319 -0.5319
vn 0.0936 0.6139 -0.7838
vn 0.2937 0.2598 -0.9199
vn 0.1112 0.3462 -0.9316
vn 0.1157 -0.2149 -0.9698
vn 0.1091 -0.3911 -0.9139
vn 0.3184 -0.3854 -0.8661
vn 0.2889 0.9274 -0.2376
vn 0.2325 -0.7388 -0.6326
vn -0.3134 -0.5984 -0.7374
vn 0.3446 0.3297 -0.8790
vn -0.4759 0.8425 -0.2525
vn -0.2122 0.9046 -0.3696
vn 0.3372 -0.2114 -0.9174
vn 0.5883 0.5059 -0.6309
vn 0.5339 0.3689 -0.7608
vn 0.0562 0.9946 -0.0868
vn 0.6004 0.4076 -0.6880
vn 0.1658 0.9523 -0.2560
vn 0.5437 0.0010 -0.8393
vn 0.0531 0.7913 -0.6091
vn 0.5038 -0.3756 -0.7778
vn 0.3560 0.7557 -0.5496
vn 0.3724 -0.7285 -0.5749
vn 0.5022 0.6628 -0.5555
vn 0.5057 -0.7855 -0.3568
vn 0.6457 0.4336 -0.6285
vn 0.6568 -0.3639 -0.6604
vn 0.4715 0.7436 -0.4740
vn 0.4924 -0.7158 -0.4951
vn 0.5644 0.5996 -0.5675
vn 0.4123 -0.8052 -0.4261
vn 0.6338 0.4385 -0.6372
vn 0.6096 0.5026 -0.6130
vn 0.6538 0.3872 -0.6501
vn 0.0756 0.9942 -0.0761
vn 0.2224 0.9490 -0.2236
vn 0.7036 -0.0658 -0.7075
vn 0.3563 0.8629 -0.3583
vn 0.7688 0.3712 -0.5207
vn 0.0921 0.9938 -0.0624
vn 0.7633 0.2476 -0.5967
vn 0.2699 0.9454 -0.1828
vn 0.8127 -0.1913 -0.5504
vn 0.4300 0.8546 -0.2912
vn 0.7749 -0.3523 -0.5248
vn 0.5648 0.7312 -0.3825
vn 0.5891 -0.7027 -0.3989
vn 0.6713 0.5853 -0.4546
vn 0.5017 -0.7914 -0.3492
vn 0.7493 0.4255 -0.5074
vn 0.7224 0.4888 -0.4892
vn 0.6611 -0.6913 -0.2916
vn 0.7498 0.5730 -0.3307
vn 0.5713 -0.7788 -0.2590
vn 0.8327 0.4144 -0.3673
vn 0.8042 0.4769 -0.3547
vn 0.8532 0.3611 -0.3763
vn 0.1051 0.9934 -0.0463
vn 0.8723 0.3018 -0.3847
vn 0.3069 0.9421 -0.1354
vn 0.8991 -0.1855 -0.3966
vn 0.4862 0.8471 -0.2145
vn 0.8596 -0.3425 -0.3791
vn 0.6348 0.7202 -0.2800
vn 0.1140 0.9931 -0.0285
vn 0.9267 0.2956 -0.2320
vn 0.3321 0.9396 -0.0831
vn 0.9540 -0.1814 -0.2388
vn 0.5241 0.8415 -0.1312
vn 0.9138 -0.3356 -0.2287
vn 0.6810 0.7121 -0.1705
vn 0.7086 -0.6829 -0.1774
vn 0.8010 0.5641 -0.2005
vn 0.6188 -0.7693 -0.1592
vn 0.8863 0.4065 -0.2219
vn 0.8571 0.4684 -0.2145
vn 0.9073 0.3539 -0.2271
vn 0.8261 0.5595 -0.0671
vn 0.6425 -0.7644 -0.0537
vn 0.9124 0.4025 -0.0742
vn 0.8829 0.4640 -0.0718
vn 0.9336 0.3502 -0.0759
vn 0.1185 0.9929 -0.0096
vn 0.9532 0.2923 -0.0775
vn 0.3449 0.9382 -0.0280
vn 0.9806 -0.1793 -0.0797
vn 0.5431 0.8385 -0.0441
vn 0.9402 -0.3320 -0.0764
vn 0.7040 0.7079 -0.0572
vn 0.7322 -0.6785 -0.0595
vn 0.9532 0.2923 0.0775
vn 0.3449 0.9382 0.0280
vn 0.9806 -0.1793 0.0797
vn 0.5431 0.8385 0.0441
vn 0.9402 -0.3320 0.0764
vn 0.7040 0.7079 0.0572
vn 0.7322 -0.6785 0.0595
vn 0.8261 0.5595 0.0671
vn 0.6425 -0.7644 0.0537
vn 0.9124 0.4025 0.0742
vn 0.8829 0.4640 0.0718
vn 0.9336 0.3502 0.0759
vn 0.1185 0.9929 0.0096
vn 0.6188 -0.7693 0.1592
vn 0.8863 0.4065 0.2219
vn 0.8571 0.4684 0.2145
vn 0.9073 0.3539 0.2271
vn 0.1140 0.9931 0.0285
vn 0.9267 0.2956 0.2320
vn 0.3321 0.9396 0.0831
vn 0.9540 -0.1814 0.2388
vn 0.5241 0.8415 0.1312
vn 0.9138 -0.3356 0.2287
vn 0.6810 0.7121 0.1705
vn 0.7086 -0.6829 0.1774
vn 0.8010 0.5641 0.2005
vn 0.3069 0.9421 0.1354
vn 0.8991 -0.1855 0.3966
vn 0.4862 0.8471 0.2145
vn 0.8596 -0.3425 0.3791
vn 0.6348 0.7202 0.2800
vn 0.6611 -0.6913 0.2916
vn 0.7498 0.5730 0.3307
vn 0.5713 -0.7788 0.2590
vn 0.8327 0.4144 0.3673
vn 0.8042 0.4769 0.3547
vn 0.8532 0.3611 0.3763
vn 0.1051 0.9934 0.0463
vn 0.8723 0.3019 0.3847
vn 0.7208 0.3659 0.5887
vn 0.7086 0.4895 0.5082
vn 0.7688 0.3712 0.5207
vn 0.0921 0.9938 0.0624
vn 0.7364 0.1893 0.6495
vn 0.2699 0.9454 0.1828
vn 0.8127 -0.1913 0.5504
vn 0.4300 0.8546 0.2912
vn 0.7749 -0.3523 0.5248
vn 0.5648 0.7312 0.3825
vn 0.5891 -0.7027 0.3989
vn 0.6713 0.5853 0.4546
vn 0.5017 -0.7914 0.3492
vn 0.7048 -0.0319 0.7087
vn 0.3563 0.8629 0.3583
vn 0.6568 -0.3639 0.6604
vn 0.4715 0.7436 0.4740
vn 0.4924 -0.7158 0.4951
vn 0.4971 0.5281 0.6885
vn 0.4123 -0.8052 0.4261
vn 0.0756 0.9942 0.0761
vn 0.2224 0.9490 0.2236
vn 0.0562 0.9946 0.0868
vn 0.1658 0.9523 0.2560
vn 0.5385 0.1380 0.8313
vn 0.2672 0.8709 0.4125
vn 0.5038 -0.3756 0.7778
vn 0.2929 0.7247 0.6237
vn 0.3724 -0.7285 0.5749
vn 0.4644 0.5196 0.7172
vn 0.3066 -0.8181 0.4866
vn 0.3184 -0.3854 0.8661
vn 0.2347 0.7329 0.6386
vn 0.2325 -0.7388 0.6326
vn 0.0346 0.9949 0.0942
vn 0.2954 0.4087 0.8635
vn 0.1024 0.9549 0.2785
vn 0.3372 -0.2114 0.9174
vn 0.1657 0.8771 0.4508
vn 0.0117 0.9951 0.0980
vn 0.1079 0.4132 0.9042
vn 0.0346 0.9564 0.2901
vn 0.1157 -0.2149 0.9698
vn 0.0562 0.8805 0.4707
vn 0.1091 -0.3911 0.9139
vn 0.7203 0.6700 -0.1795
vn 0.0791 -0.7445 0.6630
vn 0.3442 0.0677 0.9364
vn 0.1185 0.0106 0.9929
vn 0.0015 0.9735 -0.2285
vn -0.0791 -0.7445 0.6630
vn -0.1258 -0.2364 0.9635
vn -0.5133 -0.6748 0.5302
vn -0.1185 0.0176 0.9928
vn -0.0117 0.9951 0.0980
vn -0.1079 0.4132 0.9042
vn -0.0346 0.9564 0.2901
vn -0.1157 -0.2149 0.9698
vn -0.0562 0.8805 0.4707
vn -0.1091 -0.3911 0.9139
vn -0.0346 0.9949 0.0942
vn -0.2824 0.2630 0.9226
vn -0.1024 0.9549 0.2785
vn -0.3372 -0.2114 0.9174
vn -0.1657 0.8771 0.4508
vn -0.3184 -0.3854 0.8661
vn -0.7256 0.6778 -0.1184
vn -0.2325 -0.7388 0.6326
vn -0.9211 0.3568 0.1558
vn -0.0911 -0.8251 0.5576
vn -0.3724 -0.7285 0.5749
vn -0.4292 0.6137 0.6627
vn -0.3066 -0.8181 0.4866
vn -0.0562 0.9946 0.0868
vn -0.1658 0.9523 0.2560
vn -0.5333 0.1941 0.8233
vn -0.2672 0.8709 0.4125
vn -0.5038 -0.3756 0.7778
vn -0.3560 0.7557 0.5496
vn -0.0756 0.9942 0.0761
vn -0.2224 0.9490 0.2236
vn -0.7048 0.0334 0.7086
vn -0.3563 0.8629 0.3583
vn -0.6568 -0.3639 0.6604
vn -0.4715 0.7436 0.4740
vn -0.4924 -0.7158 0.4951
vn -0.5644 0.5996 0.5675
vn -0.4123 -0.8052 0.4261
vn -0.6338 0.4385 0.6372
vn -0.6713 0.5853 0.4546
vn -0.5017 -0.7914 0.3492
vn -0.7493 0.4255 0.5074
vn -0.7224 0.4888 0.4892
vn -0.7903 0.4457 0.4203
vn -0.0921 0.9938 0.0624
vn -0.4362 -0.5928 0.6771
vn -0.2699 0.9454 0.1828
vn -0.8127 -0.1913 0.5504
vn -0.4300 0.8546 0.2912
vn -0.7749 -0.3523 0.5248
vn -0.5648 0.7312 0.3825
vn -0.5891 -0.7027 0.3989
vn -0.8723 0.3019 0.3847
vn -0.3069 0.9421 0.1354
vn -0.8991 -0.1855 0.3966
vn -0.4862 0.8471 0.2145
vn -0.8596 -0.3425 0.3791
vn -0.6348 0.7202 0.2800
vn -0.6611 -0.6913 0.2916
vn -0.7498 0.5730 0.3307
vn -0.5713 -0.7788 0.2590
vn -0.8327 0.4144 0.3673
vn -0.8042 0.4769 0.3547
vn -0.8532 0.3611 0.3763
vn -0.1051 0.9934 0.0463
vn -0.6188 -0.7693 0.1592
vn -0.8863 0.4065 0.2219
vn -0.8571 0.4684 0.2145
vn -0.9073 0.3539 0.2271
vn -0.1140 0.9931 0.0285
vn -0.9267 0.2956 0.2320
vn -0.3321 0.9396 0.0831
vn -0.9540 -0.1814 0.2388
vn -0.5241 0.8415 0.1312
vn -0.9138 -0.3356 0.2287
vn -0.6810 0.7121 0.1705
vn -0.7086 -0.6829 0.1774
vn -0.8010 0.5641 0.2005
vn -0.9806 -0.1793 0.0797
vn -0.5431 0.8385 0.0441
vn -0.9402 -0.3320 0.0764
vn -0.7040 0.7079 0.0572
vn -0.7322 -0.6785 0.0595
vn -0.8261 0.5595 0.0671
vn -0.6425 -0.7644 0.0537
vn -0.9124 0.4025 0.0742
vn -0.8829 0.4640 0.0718
vn -0.9336 0.3502 0.0759
vn -0.1185 0.9929 0.0096
vn -0.9532 0.2923 0.0775
vn -0.3449 0.9382 0.0280
vn -0.8829 0.4640 -0.0718
vn -0.9336 0.3502 -0.0759
vn -0.1185 0.9929 -0.0096
vn -0.9532 0.2923 -0.0775
vn -0.3449 0.9382 -0.0280
vn -0.9806 -0.1793 -0.0797
vn -0.5431 0.8385 -0.0441
vn -0.9402 -0.3320 -0.0764
vn -0.7040 0.7079 -0.0572
vn -0.7322 -0.6785 -0.0595
vn -0.8261 0.5595 -0.0671
vn -0.6425 -0.7644 -0.0537
vn -0.9124 0.4025 -0.0742
vn -0.5241 0.8415 -0.1312
vn -0.9138 -0.3356 -0.2287
vn -0.6810 0.7121 -0.1705
vn -0.7086 -0.6829 -0.1774
vn -0.8010 0.5641 -0.2005
vn -0.6188 -0.7693 -0.1592
vn -0.8863 0.4065 -0.2219
vn -0.8571 0.4684 -0.2145
vn -0.9073 0.3539 -0.2271
vn -0.1140 0.9931 -0.0285
vn -0.9267 0.2956 -0.2320
vn -0.3321 0.9396 -0.0831
vn -0.9540 -0.1814 -0.2388
vn -0.8042 0.4769 -0.3547
vn -0.8532 0.3611 -0.3763
vn -0.1051 0.9934 -0.0463
vn -0.8723 0.3019 -0.3847
vn -0.3069 0.9421 -0.1354
vn -0.8991 -0.1855 -0.3966
vn -0.4862 0.8471 -0.2145
vn -0.8596 -0.3425 -0.3791
vn -0.6348 0.7202 -0.2800
vn -0.6611 -0.6913 -0.2916
vn -0.7498 0.5730 -0.3307
vn -0.5713 -0.7788 -0.2590
vn -0.8327 0.4144 -0.3673
vn -0.7749 -0.3523 -0.5248
vn -0.5648 0.7312 -0.3825
vn -0.5891 -0.7027 -0.3989
vn -0.6713 0.5853 -0.4546
vn -0.5017 -0.7914 -0.3492
vn -0.7493 0.4255 -0.5074
vn -0.7224 0.4888 -0.4892
vn -0.7575 0.3417 -0.5563
vn -0.0921 0.9938 -0.0624
vn -0.7741 0.3548 -0.5242
vn -0.2699 0.9454 -0.1828
vn -0.8127 -0.1913 -0.5504
vn -0.4300 0.8546 -0.2912
vn -0.5823 0.3891 -0.7138
vn -0.0756 0.9942 -0.0761
vn -0.6678 0.3210 -0.6715
vn -0.0432 0.9055 -0.4221
vn -0.6912 -0.1983 -0.6950
vn -0.1675 0.8480 -0.5028
vn -0.6568 -0.3639 -0.6604
vn -0.4715 0.7436 -0.4740
vn -0.4924 -0.7158 -0.4951
vn -0.4174 0.4434 -0.7932
vn -0.4123 -0.8052 -0.4261
vn -0.4353 0.4339 -0.7888
vn -0.4041 0.4962 -0.7684
vn -0.0057 0.6357 -0.7719
vn -0.3724 -0.7285 -0.5749
vn -0.3261 0.4397 -0.8369
vn -0.4087 -0.8077 -0.4250
vn -0.5209 0.5129 -0.6824
vn -0.0562 0.9946 -0.0868
vn -0.5128 0.3320 -0.7917
vn -0.2821 0.8549 -0.4355
vn -0.5321 -0.2054 -0.8214
vn -0.5038 -0.3756 -0.7778
vn -0.2741 0.6072 -0.7458
vn -0.0346 0.9949 -0.0942
vn -0.3244 0.3410 -0.8823
vn -0.1619 0.8830 -0.4405
vn -0.3372 -0.2114 -0.9174
vn -0.3184 -0.3854 -0.8661
vn -0.2325 -0.7388 -0.6326
vn -0.2151 -0.7820 -0.5850
vn -0.0791 -0.7445 -0.6630
vn -0.0090 -0.7984 -0.6021
vn -0.0760 0.8429 -0.5327
vn -0.1080 0.4114 -0.9050
vn 0.9311 0.3147 -0.1844
vn -0.1112 0.3462 -0.9316
vn -0.1157 -0.2149 -0.9698
vn -0.1091 -0.3911 -0.9139
vn 0.0306 -0.9622 -0.2705
vn 0.0047 -0.9991 -0.0417
vn 0.0929 -0.9595 -0.2660
vn 0.0140 -0.9991 -0.0401
vn 0.5411 -0.0592 -0.8388
vn 0.4879 -0.2593 -0.8335
vn 0.5152 -0.3665 -0.7747
vn 0.5077 -0.4848 -0.7122
vn 0.9055 -0.0399 0.4224
vn 0.1477 -0.9594 -0.2402
vn 0.4988 0.1676 -0.8504
vn 0.0228 -0.9991 -0.0370
vn 0.7350 -0.5206 -0.4345
vn 0.0912 -0.9938 -0.0631
vn 0.2132 -0.9506 -0.2257
vn 0.6685 0.2279 -0.7079
vn 0.0306 -0.9990 -0.0324
vn 0.6842 -0.0822 -0.7246
vn 0.6692 -0.2232 -0.7087
vn 0.6409 -0.3587 -0.6787
vn 0.6154 -0.4933 -0.6148
vn 0.7946 -0.2175 -0.5668
vn 0.7626 -0.3502 -0.5439
vn 0.7072 -0.4954 -0.5044
vn 0.6149 -0.6553 -0.4386
vn 0.4693 -0.8172 -0.3347
vn 0.2590 -0.9480 -0.1847
vn 0.7917 0.2331 -0.5647
vn 0.0373 -0.9990 -0.0266
vn 0.8115 -0.0801 -0.5788
vn 0.5311 -0.8106 -0.2467
vn 0.2948 -0.9457 -0.1369
vn 0.8808 0.2381 -0.4092
vn 0.0426 -0.9989 -0.0198
vn 0.9041 -0.0782 -0.4200
vn 0.8862 -0.2126 -0.4117
vn 0.8519 -0.3430 -0.3958
vn 0.7924 -0.4865 -0.3681
vn 0.6920 -0.6464 -0.3215
vn 0.9102 -0.3377 -0.2400
vn 0.8483 -0.4800 -0.2236
vn 0.7432 -0.6398 -0.1959
vn 0.5728 -0.8057 -0.1510
vn 0.3193 -0.9439 -0.0842
vn 0.9381 0.2423 -0.2473
vn 0.0462 -0.9989 -0.0122
vn 0.9641 -0.0768 -0.2542
vn 0.9456 -0.2091 -0.2493
vn 0.3317 -0.9430 -0.0284
vn 0.9660 0.2451 -0.0827
vn 0.0480 -0.9988 -0.0041
vn 0.9935 -0.0761 -0.0850
vn 0.9747 -0.2072 -0.0834
vn 0.9388 -0.3349 -0.0804
vn 0.8759 -0.4766 -0.0750
vn 0.7687 -0.6363 -0.0658
vn 0.5937 -0.8031 -0.0508
vn 0.9388 -0.3349 0.0804
vn 0.8759 -0.4766 0.0750
vn 0.7687 -0.6363 0.0658
vn 0.5937 -0.8031 0.0508
vn 0.3317 -0.9430 0.0284
vn 0.9660 0.2451 0.0827
vn 0.0480 -0.9988 0.0041
vn 0.9935 -0.0761 0.0850
vn 0.9747 -0.2072 0.0834
vn 0.3193 -0.9439 0.0842
vn 0.9381 0.2423 0.2473
vn 0.0462 -0.9989 0.0122
vn 0.9641 -0.0768 0.2542
vn 0.9456 -0.2091 0.2493
vn 0.9102 -0.3377 0.2400
vn 0.8483 -0.4800 0.2236
vn 0.7432 -0.6398 0.1959
vn 0.5728 -0.8057 0.1510
vn 0.7924 -0.4865 0.3681
vn 0.6920 -0.6464 0.3215
vn 0.5311 -0.8106 0.2467
vn 0.2948 -0.9457 0.1369
vn 0.8808 0.2381 0.4092
vn 0.0426 -0.9989 0.0198
vn 0.9041 -0.0782 0.4200
vn 0.8862 -0.2126 0.4117
vn 0.8519 -0.3430 0.3958
vn 0.7917 0.2331 0.5647
vn 0.0373 -0.9989 0.0266
vn 0.8115 -0.0801 0.5788
vn 0.7946 -0.2175 0.5668
vn 0.7626 -0.3502 0.5439
vn 0.7072 -0.4954 0.5044
vn 0.6149 -0.6553 0.4386
vn 0.4693 -0.8172 0.3347
vn 0.2590 -0.9480 0.1847
vn 0.5923 -0.5056 0.6273
vn 0.5125 -0.6655 0.5427
vn 0.3885 -0.8245 0.4115
vn 0.2131 -0.9506 0.2257
vn 0.6685 0.2279 0.7079
vn 0.0306 -0.9990 0.0324
vn 0.6842 -0.0822 0.7246
vn 0.6692 -0.2232 0.7087
vn 0.6409 -0.3587 0.6787
vn 0.0227 -0.9991 0.0370
vn 0.5220 -0.0844 0.8488
vn 0.5100 -0.2289 0.8292
vn 0.5681 -0.3238 0.7566
vn 0.9462 -0.3178 0.0610
vn 0.7337 -0.6394 0.2301
vn 0.7373 -0.6697 0.0893
vn 0.1588 -0.9530 0.2582
vn 0.5106 0.2235 0.8303
vn -0.0391 -0.9929 -0.1120
vn 0.5336 0.2227 0.8159
vn 0.0140 -0.9991 0.0401
vn 0.4269 -0.0858 0.9002
vn 0.5161 -0.2285 0.8254
vn 0.5688 -0.3239 0.7560
vn -0.0021 -0.9998 -0.0179
vn 0.0047 -0.9991 0.0417
vn 0.0020 -0.9998 -0.0179
vn -0.0047 -0.9991 0.0417
vn -0.5082 -0.2290 0.8303
vn -0.4947 -0.3664 0.7881
vn -0.9837 -0.0897 0.1556
vn 0.0065 -0.9998 -0.0186
vn -0.5849 0.2204 0.7806
vn -0.0140 -0.9991 0.0401
vn -0.3831 -0.1026 0.9180
vn -0.4224 -0.8193 0.3878
vn -0.1588 -0.9530 0.2582
vn -0.5106 0.2235 0.8303
vn -0.0228 -0.9991 0.0370
vn -0.5220 -0.0844 0.8488
vn -0.5100 -0.2289 0.8292
vn -0.4873 -0.3670 0.7924
vn -0.8334 -0.2404 0.4976
vn -0.5020 -0.8603 0.0884
vn -0.6409 -0.3587 0.6787
vn -0.5923 -0.5056 0.6273
vn -0.5125 -0.6655 0.5427
vn -0.3885 -0.8245 0.4115
vn -0.2132 -0.9506 0.2257
vn -0.6685 0.2279 0.7079
vn -0.0306 -0.9990 0.0324
vn -0.6842 -0.0822 0.7246
vn -0.6692 -0.2232 0.7087
vn -0.2590 -0.9480 0.1847
vn -0.7917 0.2331 0.5647
vn -0.0373 -0.9989 0.0266
vn -0.8115 -0.0801 0.5788
vn -0.7946 -0.2175 0.5668
vn -0.7626 -0.3502 0.5439
vn -0.7072 -0.4954 0.5044
vn -0.6149 -0.6553 0.4386
vn -0.4693 -0.8172 0.3347
vn -0.8519 -0.3430 0.3958
vn -0.7924 -0.4865 0.3681
vn -0.6920 -0.6464 0.3215
vn -0.5311 -0.8106 0.2467
vn -0.2948 -0.9457 0.1369
vn -0.8808 0.2381 0.4092
vn -0.0425 -0.9989 0.0198
vn -0.9041 -0.0782 0.4200
vn -0.8862 -0.2126 0.4117
vn -0.3193 -0.9439 0.0842
vn -0.9381 0.2423 0.2473
vn -0.0462 -0.9989 0.0122
vn -0.9641 -0.0768 0.2542
vn -0.5677 0.1622 0.8071
vn -0.5147 -0.2960 0.8047
vn -0.8483 -0.4800 0.2236
vn -0.7432 -0.6398 0.1959
vn -0.5728 -0.8057 0.1510
vn -0.6886 -0.7227 0.0589
vn -0.7687 -0.6363 0.0658
vn -0.5937 -0.8031 0.0508
vn -0.3317 -0.9430 0.0284
vn -0.9660 0.2451 0.0827
vn -0.0480 -0.9988 0.0041
vn -0.9935 -0.0761 0.0850
vn -0.8743 0.3500 0.3362
vn -0.8183 -0.5627 -0.1175
vn -0.0480 -0.9988 -0.0041
vn -0.9935 -0.0761 -0.0850
vn -0.8790 0.2711 -0.3923
vn -0.8254 -0.5095 0.2433
vn -0.7009 -0.7107 -0.0600
vn -0.7687 -0.6363 -0.0658
vn -0.5937 -0.8031 -0.0508
vn -0.3317 -0.9430 -0.0284
vn -0.9660 0.2451 -0.0827
vn -0.7432 -0.6398 -0.1959
vn -0.5728 -0.8057 -0.1510
vn -0.3193 -0.9439 -0.0842
vn -0.9381 0.2423 -0.2473
vn -0.0462 -0.9989 -0.0122
vn -0.9641 -0.0768 -0.2542
vn -0.6394 0.1174 -0.7599
vn -0.6067 -0.3147 -0.7300
vn -0.8483 -0.4800 -0.2236
vn -0.9041 -0.0782 -0.4200
vn -0.8862 -0.2126 -0.4117
vn -0.8519 -0.3430 -0.3958
vn -0.7924 -0.4865 -0.3681
vn -0.6920 -0.6464 -0.3215
vn -0.5311 -0.8106 -0.2467
vn -0.2948 -0.9457 -0.1369
vn -0.8808 0.2381 -0.4092
vn -0.0426 -0.9989 -0.0198
vn -0.7264 -0.5892 -0.3538
vn -0.4976 -0.8154 -0.2957
vn -0.2340 -0.9477 -0.2170
vn -0.7917 0.2331 -0.5647
vn -0.0337 -0.9989 -0.0313
vn -0.8115 -0.0801 -0.5788
vn -0.7946 -0.2175 -0.5668
vn -0.7626 -0.3502 -0.5439
vn -0.7072 -0.4954 -0.5044
vn -0.6692 -0.2232 -0.7087
vn -0.6409 -0.3587 -0.6787
vn -0.5923 -0.5056 -0.6273
vn -0.5777 -0.5403 -0.6118
vn -0.6685 0.2279 -0.7079
vn -0.6842 -0.0822 -0.7246
vn -0.4963 0.1862 -0.8480
vn -0.5074 -0.0845 -0.8575
vn -0.5100 -0.2289 -0.8292
vn -0.4805 -0.3704 -0.7949
vn -0.7325 -0.4752 -0.4875
vn -0.7193 -0.5085 -0.4734
vn -0.3516 -0.2520 -0.9016
vn -0.4477 -0.3680 -0.8150
vn -0.1031 -0.9748 -0.1980
vn -0.0203 -0.9990 -0.0390
vn -0.0306 -0.9622 -0.2705
vn -0.0047 -0.9991 -0.0417
vn 0.0968 0.3568 0.9292
vn 0.0932 -0.1096 0.9896
vn 0.0957 -0.0105 0.9954
vn 0.0970 0.0637 0.9932
vn 0.0977 0.1247 0.9874
vn 0.0980 0.1788 0.9790
vn 0.0337 -0.8482 0.5287
vn 0.0980 0.2305 0.9681
vn 0.0734 -0.4951 0.8657
vn 0.0977 0.2835 0.9540
vn 0.0876 -0.2561 0.9627
vn 0.2893 0.2757 0.9167
vn 0.2594 -0.2632 0.9292
vn 0.4137 0.4454 0.7940
vn 0.2759 -0.1170 0.9540
vn 0.2835 -0.0182 0.9588
vn 0.2873 0.0559 0.9562
vn 0.2893 0.1168 0.9501
vn 0.2902 0.1710 0.9416
vn 0.1000 -0.8509 0.5158
vn 0.2902 0.2227 0.9307
vn 0.2174 -0.5010 0.8377
vn 0.4698 0.1014 0.8769
vn 0.4712 0.1555 0.8682
vn 0.1624 -0.8562 0.4905
vn 0.4712 0.2073 0.8573
vn 0.3530 -0.5126 0.7827
vn 0.4698 0.2603 0.8435
vn 0.4213 -0.2770 0.8636
vn 0.4536 0.4407 0.7746
vn 0.4480 -0.1317 0.8843
vn 0.4604 -0.0333 0.8871
vn 0.4666 0.0407 0.8835
vn 0.5669 -0.2970 0.7684
vn 0.6113 0.4469 0.6532
vn 0.6030 -0.1530 0.7830
vn 0.6195 -0.0552 0.7830
vn 0.6280 0.0185 0.7780
vn 0.6323 0.0791 0.7707
vn 0.6342 0.1331 0.7616
vn 0.2186 -0.8639 0.4538
vn 0.6342 0.1849 0.7508
vn 0.4751 -0.5293 0.7029
vn 0.6323 0.2379 0.7373
vn 0.7705 0.0507 0.6355
vn 0.7727 0.1046 0.6260
vn 0.2663 -0.8737 0.4070
vn 0.7727 0.1563 0.6152
vn 0.5789 -0.5507 0.6013
vn 0.7705 0.2095 0.6021
vn 0.6908 -0.3225 0.6471
vn 0.7515 0.3562 0.5553
vn 0.7347 -0.1801 0.6540
vn 0.7549 -0.0830 0.6505
vn 0.7652 -0.0098 0.6437
vn 0.8646 0.2883 0.4116
vn 0.8382 -0.2120 0.5024
vn 0.8613 -0.1158 0.4948
vn 0.8730 -0.0430 0.4859
vn 0.8790 0.0173 0.4765
vn 0.8816 0.0711 0.4666
vn 0.3038 -0.8853 0.3521
vn 0.8816 0.1228 0.4557
vn 0.6605 -0.5758 0.4818
vn 0.8790 0.1761 0.4431
vn 0.7881 -0.3525 0.5046
vn 0.9566 0.0338 0.2894
vn 0.3297 -0.8981 0.2910
vn 0.9566 0.0856 0.2785
vn 0.7167 -0.6037 0.3491
vn 0.9971 0.0704 -0.0294
vn 0.8552 -0.3858 0.3462
vn 0.9692 0.1472 -0.1976
vn 0.9095 -0.2474 0.3340
vn 0.9345 -0.1522 0.3217
vn 0.9472 -0.0798 0.3104
vn 0.9538 -0.0199 0.2998
vn 0.9459 -0.2850 0.1551
vn 0.9719 -0.1908 0.1379
vn 0.9851 -0.1190 0.1242
vn 0.9919 -0.0593 0.1123
vn 0.9948 -0.0057 0.1013
vn 0.3428 -0.9118 0.2262
vn 0.9542 0.0636 -0.2922
vn 0.7453 -0.6334 0.2082
vn 0.8894 -0.4211 0.1780
vn 0.9569 -0.0844 -0.2777
vn 0.3428 -0.9256 0.1601
vn 0.7453 -0.6636 0.0645
vn 0.8894 -0.4572 0.0066
vn 0.9459 -0.3234 -0.0272
vn 0.9719 -0.2302 -0.0494
vn 0.9851 -0.1589 -0.0657
vn 0.9919 -0.0995 -0.0789
vn 0.9345 -0.2688 -0.2332
vn 0.9472 -0.1981 -0.2520
vn 0.9538 -0.1389 -0.2664
vn 0.9542 0.0145 -0.2988
vn 0.3297 -0.9393 0.0953
vn 0.7167 -0.6932 -0.0764
vn 0.8552 -0.4925 -0.1615
vn 0.9095 -0.3610 -0.2060
vn 0.6605 -0.7211 -0.2092
vn 0.7881 -0.5258 -0.3199
vn 0.8382 -0.3964 -0.3745
vn 0.8613 -0.3052 -0.4063
vn 0.8968 -0.2387 -0.3726
vn 0.7854 -0.1118 -0.6088
vn 0.3038 -0.9521 0.0342
vn 0.7257 -0.4597 -0.5119
vn 0.2663 -0.9637 -0.0207
vn 0.5789 -0.7462 -0.3286
vn 0.6908 -0.5558 -0.4625
vn 0.7347 -0.4282 -0.5261
vn 0.7549 -0.3380 -0.5620
vn 0.4751 -0.7676 -0.4302
vn 0.5669 -0.5813 -0.5837
vn 0.6030 -0.4554 -0.6550
vn 0.8342 -0.3800 -0.3997
vn 0.2185 -0.9735 -0.0674
vn 0.1625 -0.9812 -0.1042
vn 0.3530 -0.7844 -0.5100
vn 0.4213 -0.6013 -0.6790
vn 0.4480 -0.4767 -0.7563
vn 0.2892 -0.4349 -0.8528
vn 0.2594 -0.6151 -0.7446
vn 0.2759 -0.4913 -0.8261
vn 0.2837 -0.3994 -0.8718
vn 0.1000 -0.9865 -0.1295
vn 0.2174 -0.7959 -0.5650
vn 0.0338 -0.9892 -0.1424
vn 0.0734 -0.8018 -0.5931
vn 0.0876 -0.6221 -0.7780
vn 0.0932 -0.4988 -0.8617
vn 0.0945 -0.4580 -0.8839
vn -0.0876 -0.6221 -0.7780
vn -0.0932 -0.4988 -0.8617
vn -0.0945 -0.4580 -0.8839
vn -0.0338 -0.9892 -0.1424
vn -0.0734 -0.8018 -0.5930
vn -0.1000 -0.9865 -0.1295
vn -0.2174 -0.7959 -0.5650
vn -0.2594 -0.6151 -0.7446
vn -0.2759 -0.4913 -0.8261
vn -0.2837 -0.3994 -0.8718
vn -0.4480 -0.4767 -0.7563
vn -0.2955 -0.4300 -0.8531
vn -0.1625 -0.9812 -0.1042
vn -0.3530 -0.7844 -0.5100
vn -0.4213 -0.6013 -0.6790
vn -0.2185 -0.9735 -0.0674
vn -0.4751 -0.7676 -0.4302
vn -0.5669 -0.5813 -0.5837
vn -0.6030 -0.4554 -0.6550
vn -0.8705 -0.3757 -0.3179
vn -0.7549 -0.3380 -0.5620
vn -0.7215 -0.4732 -0.5055
vn -0.2664 -0.9637 -0.0207
vn -0.5789 -0.7462 -0.3286
vn -0.6908 -0.5558 -0.4625
vn -0.7347 -0.4282 -0.5261
vn -0.3038 -0.9521 0.0342
vn -0.6605 -0.7211 -0.2092
vn -0.7881 -0.5258 -0.3199
vn -0.8382 -0.3964 -0.3745
vn -0.8613 -0.3052 -0.4063
vn -0.9238 -0.2425 -0.2962
vn -0.9345 -0.2688 -0.2332
vn -0.9472 -0.1981 -0.2520
vn -0.9184 -0.1312 -0.3732
vn -0.8167 -0.0165 -0.5769
vn -0.3297 -0.9393 0.0953
vn -0.7167 -0.6932 -0.0764
vn -0.8552 -0.4925 -0.1615
vn -0.9095 -0.3609 -0.2060
vn -0.7453 -0.6636 0.0645
vn -0.8894 -0.4572 0.0066
vn -0.9459 -0.3234 -0.0272
vn -0.9719 -0.2302 -0.0494
vn -0.9851 -0.1589 -0.0657
vn -0.9919 -0.0995 -0.0789
vn -0.8057 -0.0106 -0.5922
vn -0.3428 -0.9256 0.1601
vn -0.9851 -0.1190 0.1242
vn -0.9919 -0.0593 0.1123
vn -0.9948 -0.0057 0.1013
vn -0.3428 -0.9118 0.2262
vn -0.9795 0.0598 -0.1926
vn -0.7453 -0.6334 0.2082
vn -0.8894 -0.4211 0.1781
vn -0.9459 -0.2850 0.1551
vn -0.9719 -0.1908 0.1379
vn -0.7167 -0.6037 0.3491
vn -0.9948 0.0893 0.0491
vn -0.8552 -0.3858 0.3462
vn -0.6421 0.5072 0.5748
vn -0.9095 -0.2474 0.3340
vn -0.9345 -0.1522 0.3217
vn -0.9472 -0.0798 0.3104
vn -0.9538 -0.0199 0.2998
vn -0.9566 0.0338 0.2894
vn -0.3297 -0.8981 0.2910
vn -0.9566 0.0856 0.2785
vn -0.8730 -0.0430 0.4859
vn -0.8790 0.0173 0.4765
vn -0.8816 0.0711 0.4666
vn -0.3038 -0.8853 0.3521
vn -0.8816 0.1228 0.4557
vn -0.6605 -0.5758 0.4818
vn -0.8790 0.1761 0.4431
vn -0.7881 -0.3525 0.5046
vn -0.9653 0.2366 -0.1107
vn -0.8382 -0.2120 0.5024
vn -0.8613 -0.1158 0.4948
vn -0.7705 0.2095 0.6021
vn -0.6908 -0.3225 0.6471
vn -0.7652 0.2682 0.5853
vn -0.7347 -0.1801 0.6540
vn -0.7113 0.5033 0.4907
vn -0.7549 -0.0830 0.6505
vn -0.7652 -0.0098 0.6437
vn -0.7705 0.0507 0.6355
vn -0.7727 0.1046 0.6260
vn -0.2663 -0.8737 0.4070
vn -0.7727 0.1563 0.6152
vn -0.5789 -0.5507 0.6013
vn -0.6323 0.0791 0.7707
vn -0.6342 0.1331 0.7616
vn -0.2186 -0.8639 0.4538
vn -0.6342 0.1848 0.7508
vn -0.4751 -0.5293 0.7029
vn -0.6323 0.2379 0.7373
vn -0.5669 -0.2970 0.7684
vn -0.6280 0.2964 0.7196
vn -0.6030 -0.1530 0.7830
vn -0.5777 0.5493 0.6038
vn -0.6195 -0.0552 0.7830
vn -0.6280 0.0185 0.7780
vn -0.4666 0.3186 0.8251
vn -0.4480 -0.1317 0.8843
vn -0.4174 0.6156 0.6685
vn -0.4604 -0.0333 0.8871
vn -0.4666 0.0407 0.8835
vn -0.4698 0.1014 0.8769
vn -0.4712 0.1555 0.8682
vn -0.1624 -0.8562 0.4905
vn -0.4712 0.2073 0.8573
vn -0.3531 -0.5126 0.7827
vn -0.4698 0.2603 0.8435
vn -0.4213 -0.2770 0.8636
vn -0.2902 0.1710 0.9416
vn -0.1000 -0.8509 0.5158
vn -0.2902 0.2227 0.9307
vn -0.2174 -0.5010 0.8377
vn -0.2893 0.2757 0.9167
vn -0.2594 -0.2632 0.9292
vn -0.1607 0.3706 0.9148
vn -0.2759 -0.1170 0.9540
vn -0.0062 0.7533 0.6577
vn -0.2835 -0.0182 0.9588
vn -0.2873 0.0559 0.9562
vn -0.2893 0.1168 0.9501
vn -0.0932 -0.1096 0.9896
vn -0.0957 -0.0105 0.9954
vn -0.0970 0.0637 0.9932
vn -0.0977 0.1247 0.9874
vn -0.0980 0.1788 0.9790
vn -0.0338 -0.8482 0.5287
vn -0.0980 0.2305 0.9681
vn -0.0734 -0.4951 0.8657
vn -0.0977 0.2835 0.9540
vn -0.0876 -0.2561 0.9627
vn -0.0968 0.3568 0.9292
vn -0.0895 0.5864 -0.8051
vn -0.0932 -0.1096 -0.9896
vn -0.0957 -0.0105 -0.9954
vn -0.0970 0.0637 -0.9932
vn -0.0977 0.1247 -0.9874
vn -0.0980 0.1788 -0.9790
vn -0.0337 -0.8482 -0.5287
vn -0.0980 0.2305 -0.9681
vn -0.0734 -0.4951 -0.8657
vn -0.0977 0.2835 -0.9540
vn -0.0876 -0.2561 -0.9627
vn -0.2893 0.2757 -0.9167
vn -0.2594 -0.2632 -0.9292
vn -0.2628 0.5938 -0.7604
vn -0.2759 -0.1170 -0.9540
vn -0.2835 -0.0182 -0.9588
vn -0.2873 0.0559 -0.9562
vn -0.2893 0.1168 -0.9501
vn -0.2902 0.1710 -0.9416
vn -0.1000 -0.8509 -0.5158
vn -0.2902 0.2227 -0.9307
vn -0.2174 -0.5010 -0.8377
vn -0.4698 0.1014 -0.8769
vn -0.4712 0.1555 -0.8682
vn -0.1624 -0.8562 -0.4905
vn -0.4712 0.2073 -0.8573
vn -0.3530 -0.5126 -0.7827
vn -0.4698 0.2603 -0.8435
vn -0.4213 -0.2770 -0.8636
vn -0.4164 0.6189 -0.6660
vn -0.4480 -0.1317 -0.8843
vn -0.4604 -0.0333 -0.8871
vn -0.4666 0.0407 -0.8835
vn -0.5669 -0.2970 -0.7684
vn -0.4827 0.6214 -0.6172
vn -0.6030 -0.1530 -0.7830
vn -0.6195 -0.0552 -0.7830
vn -0.6280 0.0185 -0.7780
vn -0.6323 0.0791 -0.7707
vn -0.6342 0.1331 -0.7616
vn -0.2186 -0.8639 -0.4538
vn -0.6342 0.1849 -0.7508
vn -0.4751 -0.5293 -0.7029
vn -0.6323 0.2379 -0.7373
vn -0.7705 0.0507 -0.6355
vn -0.7727 0.1046 -0.6260
vn -0.2663 -0.8737 -0.4070
vn -0.7727 0.1563 -0.6152
vn -0.5789 -0.5507 -0.6013
vn -0.7705 0.2095 -0.6021
vn -0.6908 -0.3225 -0.6471
vn -0.7658 0.2626 -0.5870
vn -0.7347 -0.1801 -0.6540
vn -0.7549 -0.0830 -0.6505
vn -0.7652 -0.0098 -0.6437
vn -0.8382 -0.2120 -0.5024
vn -0.8613 -0.1158 -0.4948
vn -0.8730 -0.0430 -0.4859
vn -0.8790 0.0173 -0.4765
vn -0.8816 0.0711 -0.4666
vn -0.3038 -0.8853 -0.3521
vn -0.8567 0.1186 -0.5019
vn -0.6605 -0.5758 -0.4818
vn -0.8328 0.1517 -0.5324
vn -0.7881 -0.3525 -0.5046
vn -0.9042 0.0241 -0.4265
vn -0.3297 -0.8981 -0.2910
vn -0.7167 -0.6037 -0.3491
vn -0.8552 -0.3858 -0.3462
vn -0.9095 -0.2474 -0.3340
vn -0.9345 -0.1522 -0.3217
vn -0.9472 -0.0798 -0.3104
vn -0.9538 -0.0199 -0.2998
vn -0.9459 -0.2850 -0.1551
vn -0.9719 -0.1908 -0.1379
vn -0.9851 -0.1190 -0.1242
vn -0.9772 -0.0641 -0.2023
vn -0.9805 -0.0453 -0.1913
vn -0.3429 -0.9117 -0.2262
vn -0.7453 -0.6334 -0.2082
vn -0.8894 -0.4211 -0.1780
vn -0.3429 -0.9256 -0.1601
vn -0.7453 -0.6636 -0.0645
vn -0.8894 -0.4572 -0.0066
vn -0.9459 -0.3234 0.0272
vn -0.9719 -0.2302 0.0494
vn -0.9851 -0.1589 0.0657
vn -0.9670 -0.2508 0.0446
vn -0.9345 -0.2688 0.2332
vn -0.9472 -0.1981 0.2520
vn -0.3297 -0.9393 -0.0953
vn -0.7167 -0.6932 0.0764
vn -0.8552 -0.4925 0.1615
vn -0.9095 -0.3610 0.2060
vn -0.6605 -0.7211 0.2092
vn -0.7881 -0.5258 0.3199
vn -0.8382 -0.3964 0.3745
vn -0.8613 -0.3052 0.4063
vn -0.3038 -0.9521 -0.0342
vn -0.2663 -0.9637 0.0207
vn -0.5789 -0.7462 0.3286
vn -0.6908 -0.5558 0.4625
vn -0.7347 -0.4282 0.5261
vn -0.9373 -0.2602 0.2317
vn -0.4751 -0.7676 0.4302
vn -0.5669 -0.5813 0.5837
vn -0.5566 -0.4485 0.6993
vn -0.5022 -0.6400 0.5815
vn -0.2185 -0.9735 0.0674
vn -0.1624 -0.9812 0.1042
vn -0.3530 -0.7844 0.5100
vn -0.4213 -0.6013 0.6790
vn -0.4481 -0.4767 0.7563
vn -0.2594 -0.6151 0.7446
vn -0.3172 -0.4799 0.8180
vn -0.1001 -0.9865 0.1295
vn -0.2174 -0.7959 0.5650
vn -0.0338 -0.9892 0.1424
vn -0.0734 -0.8018 0.5930
vn -0.0876 -0.6221 0.7780
vn -0.0913 -0.5459 0.8328
vn 0.0876 -0.6221 0.7780
vn 0.0913 -0.5459 0.8328
vn 0.0338 -0.9892 0.1424
vn 0.0734 -0.8018 0.5930
vn 0.1001 -0.9865 0.1295
vn 0.2174 -0.7959 0.5650
vn 0.2594 -0.6151 0.7446
vn 0.1454 -0.5548 0.8192
vn 0.4167 -0.6179 0.6668
vn 0.1624 -0.9812 0.1042
vn 0.3530 -0.7844 0.5100
vn 0.4213 -0.6013 0.6790
vn 0.2185 -0.9735 0.0674
vn 0.4751 -0.7676 0.4302
vn 0.5669 -0.5813 0.5837
vn 0.9044 -0.4171 0.0902
vn 0.5432 -0.7880 0.2899
vn 0.2663 -0.9637 0.0207
vn 0.5789 -0.7462 0.3286
vn 0.6908 -0.5558 0.4625
vn 0.7347 -0.4282 0.5261
vn 0.3038 -0.9521 -0.0342
vn 0.6605 -0.7211 0.2092
vn 0.7881 -0.5258 0.3199
vn 0.8382 -0.3964 0.3745
vn 0.7475 -0.6015 0.2818
vn 0.9203 -0.2657 0.2870
vn 0.9210 -0.2857 0.2649
vn 0.3297 -0.9393 -0.0953
vn 0.7167 -0.6932 0.0764
vn 0.8552 -0.4925 0.1615
vn 0.9095 -0.3609 0.2060
vn 0.7453 -0.6636 -0.0645
vn 0.8894 -0.4572 -0.0066
vn 0.9459 -0.3234 0.0272
vn 0.9719 -0.2302 0.0494
vn 0.9726 -0.1662 -0.1628
vn 0.3429 -0.9256 -0.1601
vn 0.9851 -0.1190 -0.1242
vn 0.9747 -0.0369 -0.2207
vn 0.9746 -0.0370 -0.2207
vn 0.3428 -0.9118 -0.2262
vn 0.7453 -0.6334 -0.2082
vn 0.8894 -0.4211 -0.1780
vn 0.9459 -0.2850 -0.1551
vn 0.9719 -0.1908 -0.1379
vn 0.7167 -0.6037 -0.3491
vn 0.8552 -0.3858 -0.3462
vn 0.9095 -0.2474 -0.3340
vn 0.9345 -0.1522 -0.3217
vn 0.9472 -0.0798 -0.3104
vn 0.9538 -0.0199 -0.2998
vn 0.9042 0.0241 -0.4265
vn 0.3297 -0.8981 -0.2910
vn 0.8730 -0.0430 -0.4859
vn 0.8790 0.0173 -0.4765
vn 0.8816 0.0711 -0.4666
vn 0.3038 -0.8853 -0.3521
vn 0.8567 0.1186 -0.5019
vn 0.6605 -0.5758 -0.4818
vn 0.7200 0.2204 -0.6581
vn 0.7881 -0.3525 -0.5046
vn 0.5787 0.4630 -0.6714
vn 0.8382 -0.2120 -0.5024
vn 0.8613 -0.1158 -0.4948
vn 0.7705 0.2095 -0.6021
vn 0.6908 -0.3225 -0.6471
vn 0.7401 0.4074 -0.5350
vn 0.7347 -0.1801 -0.6540
vn 0.7549 -0.0830 -0.6505
vn 0.7652 -0.0098 -0.6437
vn 0.7705 0.0507 -0.6355
vn 0.7727 0.1046 -0.6260
vn 0.2663 -0.8737 -0.4070
vn 0.7727 0.1563 -0.6152
vn 0.5789 -0.5507 -0.6013
vn 0.6323 0.0791 -0.7707
vn 0.6342 0.1331 -0.7616
vn 0.2186 -0.8639 -0.4538
vn 0.6342 0.1849 -0.7508
vn 0.4751 -0.5293 -0.7029
vn 0.6323 0.2379 -0.7373
vn 0.5669 -0.2970 -0.7684
vn 0.5919 0.5006 -0.6317
vn 0.6030 -0.1530 -0.7830
vn 0.6195 -0.0552 -0.7830
vn 0.6280 0.0185 -0.7780
vn 0.3482 0.6421 -0.6830
vn 0.4480 -0.1317 -0.8843
vn 0.4604 -0.0333 -0.8871
vn 0.4666 0.0406 -0.8835
vn 0.4698 0.1014 -0.8769
vn 0.4712 0.1555 -0.8682
vn 0.1624 -0.8562 -0.4905
vn 0.4712 0.2073 -0.8573
vn 0.3531 -0.5126 -0.7827
vn 0.4698 0.2603 -0.8435
vn 0.4213 -0.2770 -0.8636
vn 0.2902 0.1710 -0.9416
vn 0.1000 -0.8509 -0.5158
vn 0.2902 0.2227 -0.9307
vn 0.2174 -0.5010 -0.8377
vn 0.2893 0.2757 -0.9167
vn 0.2594 -0.2632 -0.9292
vn 0.2572 0.6284 -0.7342
vn 0.2759 -0.1170 -0.9540
vn 0.2835 -0.0182 -0.9588
vn 0.2873 0.0559 -0.9562
vn 0.2893 0.1168 -0.9501
vn 0.0932 -0.1096 -0.9896
vn 0.0957 -0.0105 -0.9954
vn 0.0970 0.0637 -0.9932
vn 0.0977 0.1247 -0.9874
vn 0.0980 0.1788 -0.9790
vn 0.0337 -0.8482 -0.5287
vn 0.0980 0.2305 -0.9681
vn 0.0734 -0.4951 -0.8657
vn 0.0977 0.2835 -0.9540
vn 0.0876 -0.2561 -0.9627
vn 0.0889 0.5987 -0.7960
vn 0.0954 -0.0813 -0.9921
vn 0.0931 -0.1726 -0.9806
vn 0.0885 -0.3007 -0.9496
vn 0.0794 -0.4709 -0.8786
vn 0.0606 -0.6958 -0.7157
vn 0.0243 -0.9276 -0.3728
vn 0.2814 -0.1056 -0.9537
vn 0.2759 -0.1774 -0.9447
vn 0.2621 -0.3053 -0.9155
vn 0.2351 -0.4751 -0.8479
vn 0.1796 -0.6990 -0.6922
vn 0.0721 -0.9289 -0.3634
vn 0.3820 -0.4833 -0.7877
vn 0.2918 -0.7052 -0.6461
vn 0.1170 -0.9313 -0.3448
vn 0.5146 0.0877 -0.8529
vn 0.4603 -0.0856 -0.8836
vn 0.4482 -0.1869 -0.8742
vn 0.4258 -0.3144 -0.8485
vn 0.6199 -0.0996 -0.7783
vn 0.6037 -0.2007 -0.7716
vn 0.5734 -0.3275 -0.7510
vn 0.5143 -0.4951 -0.7002
vn 0.3929 -0.7143 -0.5792
vn 0.1576 -0.9349 -0.3179
vn 0.6314 0.0363 -0.7746
vn 0.4788 -0.7258 -0.4939
vn 0.1920 -0.9395 -0.2836
vn 0.7704 0.0252 -0.6371
vn 0.7560 -0.1175 -0.6440
vn 0.7361 -0.2182 -0.6407
vn 0.6992 -0.3442 -0.6267
vn 0.6271 -0.5102 -0.5886
vn 0.8631 -0.1385 -0.4856
vn 0.8404 -0.2387 -0.4865
vn 0.7982 -0.3638 -0.4802
vn 0.7158 -0.5278 -0.4572
vn 0.5465 -0.7393 -0.3935
vn 0.2191 -0.9449 -0.2433
vn 0.8756 -0.0435 -0.4812
vn 0.8810 0.0729 -0.4674
vn 0.5931 -0.7542 -0.2818
vn 0.2377 -0.9508 -0.1985
vn 0.8557 0.0321 -0.5164
vn 0.9502 -0.0768 -0.3021
vn 0.9371 -0.1619 -0.3093
vn 0.9124 -0.2615 -0.3149
vn 0.8665 -0.3855 -0.3171
vn 0.7770 -0.5474 -0.3110
vn 0.9491 -0.2857 -0.1324
vn 0.9014 -0.4085 -0.1438
vn 0.8082 -0.5680 -0.1556
vn 0.6169 -0.7700 -0.1632
vn 0.9617 -0.2424 -0.1279
vn 0.2473 -0.9571 -0.1510
vn 0.9944 -0.0246 -0.1025
vn 0.9885 -0.1019 -0.1121
vn 0.9748 -0.1867 -0.1219
vn 0.9640 -0.2586 0.0620
vn 0.2472 -0.9635 -0.1025
vn 0.9944 -0.0503 0.0926
vn 0.9885 -0.1275 0.0818
vn 0.9748 -0.2119 0.0693
vn 0.9491 -0.3103 0.0537
vn 0.9014 -0.4318 0.0329
vn 0.8082 -0.5889 0.0029
vn 0.6169 -0.7859 -0.0422
vn 0.9124 -0.3343 0.2362
vn 0.8665 -0.4546 0.2063
vn 0.7770 -0.6093 0.1583
vn 0.5931 -0.8015 0.0765
vn 0.9444 -0.1957 0.2644
vn 0.2378 -0.9698 -0.0549
vn 0.9559 -0.0756 0.2838
vn 0.9502 -0.1525 0.2718
vn 0.9371 -0.2366 0.2567
vn 0.2190 -0.9757 -0.0101
vn 0.8805 -0.0993 0.4636
vn 0.8752 -0.1761 0.4506
vn 0.8631 -0.2598 0.4331
vn 0.8404 -0.3568 0.4080
vn 0.7982 -0.4759 0.3694
vn 0.7158 -0.6284 0.3046
vn 0.8715 0.0665 0.4858
vn 0.5465 -0.8161 0.1882
vn 0.8808 -0.0365 0.4721
vn 0.6992 -0.4950 0.5159
vn 0.6271 -0.6454 0.4361
vn 0.6847 0.1684 0.7091
vn 0.4789 -0.8291 0.2887
vn 0.7711 -0.1207 0.6251
vn 0.1920 -0.9809 0.0302
vn 0.7711 -0.1206 0.6252
vn 0.7665 -0.1972 0.6112
vn 0.7560 -0.2805 0.5914
vn 0.7361 -0.3769 0.5622
vn 0.6286 -0.2151 0.7474
vn 0.6199 -0.2981 0.7258
vn 0.6037 -0.3940 0.6931
vn 0.5734 -0.5111 0.6403
vn 0.5144 -0.6598 0.5478
vn 0.3929 -0.8401 0.3740
vn 0.6325 -0.1282 0.7638
vn 0.1576 -0.9854 0.0644
vn 0.6323 -0.1386 0.7622
vn 0.3820 -0.6711 0.6354
vn 0.2918 -0.8487 0.4411
vn 0.4691 -0.0588 0.8812
vn 0.1171 -0.9889 0.0914
vn 0.4695 -0.1528 0.8696
vn 0.4667 -0.2291 0.8542
vn 0.4603 -0.3119 0.8312
vn 0.4482 -0.4073 0.7957
vn 0.4258 -0.5237 0.7378
vn 0.2872 -0.2387 0.9276
vn 0.2833 -0.3213 0.9036
vn 0.2759 -0.4164 0.8663
vn 0.4910 0.1748 0.8535
vn 0.2621 -0.5324 0.8049
vn 0.4870 0.0781 0.8699
vn 0.2352 -0.6788 0.6956
vn 0.3480 -0.1199 0.9298
vn 0.1797 -0.8546 0.4872
vn 0.2875 -0.0198 0.9576
vn 0.0720 -0.9913 0.1099
vn 0.2890 -0.1625 0.9435
vn 0.0793 -0.6828 0.7263
vn 0.0964 0.0275 0.9950
vn 0.0607 -0.8576 0.5107
vn 0.0976 -0.1258 0.9872
vn 0.0243 -0.9925 0.1194
vn 0.0975 -0.1674 0.9810
vn 0.0970 -0.2436 0.9650
vn 0.0956 -0.3261 0.9405
vn 0.0931 -0.4211 0.9022
vn 0.0314 0.1489 0.9884
vn 0.0885 -0.5368 0.8391
vn 0.0956 0.0710 0.9929
vn -0.0956 -0.3261 0.9405
vn -0.0931 -0.4211 0.9022
vn -0.0931 0.1726 0.9806
vn -0.0885 -0.5368 0.8391
vn -0.0956 0.0710 0.9929
vn -0.0794 -0.6828 0.7263
vn -0.0958 0.0620 0.9935
vn -0.0607 -0.8576 0.5107
vn -0.0976 -0.1560 0.9829
vn -0.0243 -0.9925 0.1194
vn -0.0975 -0.1674 0.9810
vn -0.0970 -0.2436 0.9650
vn -0.2861 0.0196 0.9580
vn -0.1797 -0.8546 0.4872
vn -0.2891 -0.1095 0.9510
vn -0.0721 -0.9913 0.1099
vn -0.2890 -0.1625 0.9435
vn -0.2872 -0.2387 0.9276
vn -0.2833 -0.3213 0.9036
vn -0.2759 -0.4164 0.8663
vn -0.2174 0.1521 0.9642
vn -0.2621 -0.5324 0.8049
vn -0.2833 0.0759 0.9560
vn -0.2351 -0.6788 0.6956
vn -0.4603 -0.3119 0.8312
vn -0.4482 -0.4073 0.7957
vn -0.6501 0.1894 0.7359
vn -0.4258 -0.5237 0.7378
vn -0.4603 0.0856 0.8836
vn -0.3820 -0.6711 0.6354
vn -0.3735 0.0030 0.9276
vn -0.2918 -0.8487 0.4411
vn -0.4695 -0.1547 0.8693
vn -0.1171 -0.9889 0.0914
vn -0.4695 -0.1528 0.8696
vn -0.4667 -0.2291 0.8542
vn -0.3929 -0.8401 0.3740
vn -0.6248 -0.2571 0.7373
vn -0.1576 -0.9854 0.0644
vn -0.6323 -0.1386 0.7622
vn -0.6285 -0.2151 0.7474
vn -0.6199 -0.2981 0.7258
vn -0.6037 -0.3940 0.6931
vn -0.5734 -0.5111 0.6403
vn -0.6027 0.2053 0.7711
vn -0.5144 -0.6598 0.5478
vn -0.6036 0.2007 0.7716
vn -0.7361 -0.3769 0.5622
vn -0.6992 -0.4950 0.5159
vn -0.7382 0.2091 0.6413
vn -0.6271 -0.6454 0.4361
vn -0.7277 0.2515 0.6381
vn -0.4789 -0.8291 0.2887
vn -0.7569 -0.2747 0.5930
vn -0.1920 -0.9809 0.0302
vn -0.7711 -0.1206 0.6251
vn -0.7665 -0.1972 0.6112
vn -0.7560 -0.2805 0.5914
vn -0.2191 -0.9757 -0.0101
vn -0.8805 -0.0993 0.4636
vn -0.8752 -0.1761 0.4506
vn -0.8631 -0.2598 0.4331
vn -0.8404 -0.3568 0.4080
vn -0.7982 -0.4759 0.3694
vn -0.8328 0.2653 0.4859
vn -0.7158 -0.6284 0.3046
vn -0.8424 0.2313 0.4867
vn -0.5465 -0.8161 0.1882
vn -0.8710 -0.2104 0.4439
vn -0.8665 -0.4546 0.2063
vn -0.7770 -0.6093 0.1583
vn -0.9917 -0.0163 0.1276
vn -0.5931 -0.8015 0.0765
vn -0.9563 -0.0611 0.2858
vn -0.2377 -0.9698 -0.0549
vn -0.9559 -0.0756 0.2838
vn -0.9502 -0.1525 0.2718
vn -0.9371 -0.2366 0.2567
vn -0.9124 -0.3343 0.2362
vn -0.9944 -0.0503 0.0926
vn -0.9885 -0.1275 0.0818
vn -0.9748 -0.2119 0.0693
vn -0.9491 -0.3103 0.0537
vn -0.9014 -0.4318 0.0329
vn -0.8082 -0.5889 0.0029
vn -0.6169 -0.7859 -0.0422
vn -0.2472 -0.9635 -0.1025
vn -0.9014 -0.4085 -0.1438
vn -0.8082 -0.5680 -0.1556
vn -0.6169 -0.7700 -0.1632
vn -0.2473 -0.9571 -0.1510
vn -0.9951 0.0253 -0.0959
vn -0.9885 -0.1019 -0.1121
vn -0.9748 -0.1867 -0.1219
vn -0.9491 -0.2857 -0.1324
vn -0.9502 -0.0768 -0.3021
vn -0.9371 -0.1619 -0.3093
vn -0.9124 -0.2615 -0.3149
vn -0.8665 -0.3855 -0.3171
vn -0.7770 -0.5473 -0.3110
vn -0.5931 -0.7542 -0.2818
vn -0.2377 -0.9508 -0.1985
vn -0.9565 0.0486 -0.2875
vn -0.7158 -0.5278 -0.4572
vn -0.5465 -0.7393 -0.3935
vn -0.2191 -0.9449 -0.2433
vn -0.6655 0.2840 -0.6903
vn -0.8802 0.0185 -0.4742
vn -0.8631 -0.1385 -0.4856
vn -0.8404 -0.2387 -0.4865
vn -0.7982 -0.3638 -0.4802
vn -0.7560 -0.1175 -0.6440
vn -0.7361 -0.2181 -0.6407
vn -0.6992 -0.3442 -0.6267
vn -0.6271 -0.5102 -0.5886
vn -0.4789 -0.7258 -0.4939
vn -0.1920 -0.9395 -0.2836
vn -0.5143 -0.4951 -0.7002
vn -0.3928 -0.7143 -0.5792
vn -0.1576 -0.9349 -0.3179
vn -0.6415 0.0472 -0.7657
vn -0.6199 -0.0996 -0.7783
vn -0.6037 -0.2007 -0.7716
vn -0.5734 -0.3275 -0.7510
vn -0.4603 -0.0856 -0.8836
vn -0.4482 -0.1869 -0.8742
vn -0.4258 -0.3144 -0.8484
vn -0.3820 -0.4833 -0.7877
vn -0.2919 -0.7052 -0.6461
vn -0.1170 -0.9313 -0.3448
vn -0.4690 0.0550 -0.8815
vn -0.1796 -0.6990 -0.6922
vn -0.0722 -0.9289 -0.3633
vn -0.2833 -0.0759 -0.9560
vn -0.2759 -0.1774 -0.9447
vn -0.2621 -0.3053 -0.9155
vn -0.2352 -0.4751 -0.8479
vn -0.0931 -0.1726 -0.9806
vn -0.0885 -0.3007 -0.9496
vn -0.0794 -0.4709 -0.8786
vn -0.0606 -0.6958 -0.7157
vn -0.0243 -0.9276 -0.3728
vn -0.0955 -0.0783 -0.9923
vn -0.0956 -0.0710 0.9929
vn -0.0931 -0.1726 0.9806
vn -0.0885 -0.3007 0.9496
vn -0.0794 -0.4709 0.8786
vn -0.0606 -0.6958 0.7157
vn -0.0243 -0.9276 0.3728
vn -0.0972 0.0424 0.9944
vn -0.2866 -0.0076 0.9580
vn -0.2833 -0.0759 0.9560
vn -0.2759 -0.1774 0.9447
vn -0.2621 -0.3053 0.9155
vn -0.2351 -0.4751 0.8479
vn -0.1796 -0.6990 0.6922
vn -0.0721 -0.9289 0.3634
vn -0.3820 -0.4833 0.7877
vn -0.2918 -0.7052 0.6461
vn -0.1171 -0.9313 0.3448
vn -0.4152 -0.3621 0.8346
vn -0.4603 -0.0856 0.8836
vn -0.4482 -0.1869 0.8742
vn -0.4258 -0.3144 0.8484
vn -0.6199 -0.0996 0.7783
vn -0.6037 -0.2007 0.7716
vn -0.5734 -0.3275 0.7510
vn -0.5143 -0.4951 0.7002
vn -0.3929 -0.7143 0.5792
vn -0.1576 -0.9349 0.3179
vn -0.5688 -0.3433 0.7474
vn -0.4789 -0.7258 0.4938
vn -0.1920 -0.9395 0.2836
vn -0.7448 -0.1793 0.6428
vn -0.7560 -0.1175 0.6440
vn -0.7361 -0.2181 0.6407
vn -0.6992 -0.3442 0.6267
vn -0.6271 -0.5102 0.5886
vn -0.8631 -0.1385 0.4856
vn -0.8404 -0.2387 0.4865
vn -0.7982 -0.3638 0.4802
vn -0.7158 -0.5278 0.4572
vn -0.5465 -0.7393 0.3935
vn -0.2191 -0.9449 0.2433
vn -0.8784 -0.0152 0.4776
vn -0.5931 -0.7542 0.2818
vn -0.2377 -0.9508 0.1985
vn -0.9502 -0.0768 0.3021
vn -0.9371 -0.1619 0.3093
vn -0.9124 -0.2615 0.3149
vn -0.8665 -0.3855 0.3171
vn -0.7770 -0.5473 0.3110
vn -0.9491 -0.2857 0.1324
vn -0.9014 -0.4085 0.1438
vn -0.8082 -0.5680 0.1556
vn -0.6169 -0.7700 0.1632
vn -0.9680 0.1519 0.2000
vn -0.2472 -0.9571 0.1510
vn -0.9859 -0.0158 0.1669
vn -0.9885 -0.1019 0.1121
vn -0.9748 -0.1867 0.1219
vn -0.9882 0.1039 -0.1123
vn -0.2473 -0.9635 0.1025
vn -0.9944 -0.0503 -0.0926
vn -0.9885 -0.1275 -0.0818
vn -0.9748 -0.2119 -0.0693
vn -0.9491 -0.3103 -0.0537
vn -0.9014 -0.4318 -0.0329
vn -0.8082 -0.5889 -0.0029
vn -0.6169 -0.7859 0.0422
vn -0.9124 -0.3343 -0.2362
vn -0.8665 -0.4546 -0.2063
vn -0.7770 -0.6093 -0.1583
vn -0.9901 0.0987 -0.0999
vn -0.5931 -0.8015 -0.0765
vn -0.9559 -0.0006 -0.2936
vn -0.2377 -0.9698 0.0549
vn -0.9559 -0.0756 -0.2838
vn -0.9502 -0.1525 -0.2718
vn -0.9371 -0.2366 -0.2567
vn -0.2191 -0.9757 0.0101
vn -0.8805 -0.0993 -0.4636
vn -0.8752 -0.1761 -0.4506
vn -0.8631 -0.2598 -0.4330
vn -0.8404 -0.3568 -0.4080
vn -0.7982 -0.4759 -0.3694
vn -0.8792 0.0025 -0.4764
vn -0.7158 -0.6284 -0.3046
vn -0.8752 0.0531 -0.4809
vn -0.5465 -0.8161 -0.1882
vn -0.8805 -0.0244 -0.4735
vn -0.6992 -0.4950 -0.5159
vn -0.7657 0.0410 -0.6419
vn -0.6271 -0.6454 -0.4361
vn -0.7665 0.0319 -0.6414
vn -0.4789 -0.8291 -0.2886
vn -0.7711 -0.0458 -0.6350
vn -0.1920 -0.9809 -0.0302
vn -0.7711 -0.1206 -0.6252
vn -0.7665 -0.1972 -0.6112
vn -0.7560 -0.2805 -0.5914
vn -0.7361 -0.3769 -0.5622
vn -0.6286 -0.2151 -0.7474
vn -0.6199 -0.2981 -0.7258
vn -0.6037 -0.3940 -0.6931
vn -0.5734 -0.5111 -0.6403
vn -0.6099 0.1667 -0.7748
vn -0.5144 -0.6598 -0.5478
vn -0.6286 0.0138 -0.7776
vn -0.3929 -0.8401 -0.3740
vn -0.6323 -0.0639 -0.7721
vn -0.1576 -0.9854 -0.0644
vn -0.6323 -0.1386 -0.7622
vn -0.4603 0.0855 -0.8836
vn -0.3820 -0.6711 -0.6354
vn -0.4667 -0.0004 -0.8844
vn -0.2918 -0.8487 -0.4411
vn -0.4695 -0.0781 -0.8795
vn -0.1171 -0.9889 -0.0914
vn -0.4695 -0.1528 -0.8696
vn -0.4667 -0.2291 -0.8542
vn -0.4603 -0.3119 -0.8312
vn -0.4482 -0.4073 -0.7957
vn -0.9895 0.0607 -0.1311
vn -0.4258 -0.5237 -0.7378
vn -0.2872 -0.2387 -0.9276
vn -0.2833 -0.3213 -0.9036
vn -0.2759 -0.4164 -0.8663
vn -0.1283 0.5064 -0.8527
vn -0.2621 -0.5324 -0.8049
vn -0.2833 0.0759 -0.9560
vn -0.2352 -0.6788 -0.6956
vn -0.2872 -0.0101 -0.9578
vn -0.1797 -0.8546 -0.4872
vn -0.2890 -0.0878 -0.9533
vn -0.0720 -0.9913 -0.1099
vn -0.2890 -0.1625 -0.9435
vn -0.0793 -0.6828 -0.7263
vn -0.0970 -0.0151 -0.9952
vn -0.0607 -0.8576 -0.5107
vn -0.0975 -0.0928 -0.9909
vn -0.0244 -0.9925 -0.1194
vn -0.0975 -0.1674 -0.9810
vn -0.0970 -0.2436 -0.9650
vn -0.0956 -0.3261 -0.9405
vn -0.0931 -0.4211 -0.9022
vn -0.0885 -0.5368 -0.8391
vn -0.0952 0.0934 -0.9911
vn 0.0956 -0.3261 -0.9405
vn 0.0931 -0.4211 -0.9022
vn 0.9418 0.2003 -0.2698
vn 0.0885 -0.5368 -0.8391
vn 0.0952 0.0934 -0.9911
vn 0.0794 -0.6828 -0.7263
vn 0.0970 -0.0151 -0.9952
vn 0.0606 -0.8576 -0.5107
vn 0.0975 -0.0928 -0.9909
vn 0.0244 -0.9925 -0.1194
vn 0.0975 -0.1674 -0.9810
vn 0.0970 -0.2436 -0.9650
vn 0.2872 -0.0101 -0.9578
vn 0.1797 -0.8546 -0.4872
vn 0.2890 -0.0878 -0.9533
vn 0.0720 -0.9913 -0.1099
vn 0.2889 -0.1625 -0.9435
vn 0.2872 -0.2387 -0.9276
vn 0.2833 -0.3213 -0.9036
vn 0.2759 -0.4164 -0.8663
vn 0.1615 -0.2429 -0.9565
vn 0.2621 -0.5324 -0.8049
vn 0.2833 0.0759 -0.9560
vn 0.2352 -0.6788 -0.6956
vn 0.4603 -0.3119 -0.8312
vn 0.4482 -0.4073 -0.7957
vn 0.6524 -0.0615 -0.7554
vn 0.4258 -0.5237 -0.7378
vn 0.4603 0.0855 -0.8836
vn 0.3820 -0.6711 -0.6354
vn 0.4667 -0.0004 -0.8844
vn 0.2918 -0.8487 -0.4411
vn 0.4695 -0.0781 -0.8795
vn 0.1171 -0.9889 -0.0914
vn 0.4695 -0.1528 -0.8696
vn 0.4667 -0.2291 -0.8542
vn 0.3929 -0.8401 -0.3740
vn 0.6323 -0.0639 -0.7721
vn 0.1576 -0.9854 -0.0644
vn 0.6323 -0.1386 -0.7622
vn 0.6286 -0.2151 -0.7474
vn 0.6199 -0.2981 -0.7258
vn 0.6037 -0.3940 -0.6931
vn 0.5734 -0.5111 -0.6403
vn 0.6048 0.1948 -0.7722
vn 0.5143 -0.6598 -0.5478
vn 0.6286 0.0138 -0.7776
vn 0.7361 -0.3769 -0.5622
vn 0.6992 -0.4950 -0.5159
vn 0.7489 0.1584 -0.6435
vn 0.6271 -0.6454 -0.4361
vn 0.7665 0.0319 -0.6414
vn 0.4789 -0.8291 -0.2886
vn 0.7711 -0.0458 -0.6350
vn 0.1920 -0.9809 -0.0302
vn 0.7711 -0.1206 -0.6251
vn 0.7665 -0.1972 -0.6112
vn 0.7560 -0.2805 -0.5914
vn 0.2191 -0.9757 0.0101
vn 0.8805 -0.0993 -0.4636
vn 0.8752 -0.1761 -0.4506
vn 0.8631 -0.2598 -0.4330
vn 0.8404 -0.3568 -0.4080
vn 0.7982 -0.4759 -0.3694
vn -0.3285 -0.3016 -0.8950
vn 0.7158 -0.6284 -0.3046
vn 0.8752 0.0531 -0.4809
vn 0.5465 -0.8161 -0.1882
vn 0.8805 -0.0244 -0.4735
vn 0.8665 -0.4546 -0.2063
vn 0.7770 -0.6093 -0.1583
vn 0.9335 0.1791 -0.3105
vn 0.5931 -0.8015 -0.0765
vn 0.9559 -0.0006 -0.2936
vn 0.2377 -0.9698 0.0549
vn 0.9559 -0.0756 -0.2838
vn 0.9502 -0.1525 -0.2718
vn 0.9371 -0.2366 -0.2567
vn 0.9124 -0.3343 -0.2362
vn 0.9944 -0.0503 -0.0926
vn 0.9885 -0.1275 -0.0818
vn 0.9748 -0.2119 -0.0693
vn 0.9491 -0.3103 -0.0537
vn 0.9014 -0.4318 -0.0329
vn 0.8082 -0.5889 -0.0029
vn 0.6169 -0.7859 0.0422
vn 0.9944 0.0246 -0.1025
vn 0.2473 -0.9635 0.1025
vn 0.9014 -0.4085 0.1438
vn 0.8082 -0.5680 0.1556
vn 0.6169 -0.7700 0.1632
vn 0.9902 -0.0862 0.1102
vn 0.2472 -0.9571 0.1510
vn 0.9944 -0.0246 0.1025
vn 0.9885 -0.1019 0.1121
vn 0.9748 -0.1867 0.1219
vn 0.9491 -0.2857 0.1324
vn 0.9502 -0.0768 0.3021
vn 0.9371 -0.1619 0.3093
vn 0.9124 -0.2615 0.3149
vn 0.8665 -0.3855 0.3171
vn 0.7770 -0.5474 0.3110
vn 0.5931 -0.7542 0.2818
vn 0.2377 -0.9508 0.1985
vn 0.9559 0.0006 0.2936
vn 0.7158 -0.5278 0.4572
vn 0.5464 -0.7393 0.3935
vn 0.2191 -0.9449 0.2433
vn 0.8752 -0.0531 0.4809
vn 0.8631 -0.1385 0.4856
vn 0.8404 -0.2387 0.4865
vn 0.7982 -0.3638 0.4802
vn 0.7679 -0.0150 0.6404
vn 0.7560 -0.1175 0.6440
vn 0.7361 -0.2181 0.6407
vn 0.6992 -0.3442 0.6267
vn 0.6271 -0.5102 0.5886
vn 0.4788 -0.7258 0.4939
vn 0.1920 -0.9395 0.2836
vn 0.5143 -0.4951 0.7002
vn 0.3928 -0.7143 0.5792
vn 0.1576 -0.9349 0.3179
vn 0.6307 0.0215 0.7757
vn 0.6199 -0.0996 0.7783
vn 0.6037 -0.2007 0.7716
vn 0.5734 -0.3275 0.7510
vn 0.4603 -0.0856 0.8836
vn 0.4482 -0.1869 0.8742
vn 0.4258 -0.3144 0.8484
vn 0.3820 -0.4833 0.7877
vn 0.2919 -0.7052 0.6461
vn 0.1170 -0.9313 0.3448
vn 0.4241 -0.3226 0.8462
vn 0.1797 -0.6990 0.6922
vn 0.0722 -0.9289 0.3633
vn 0.2616 -0.3091 0.9143
vn 0.2833 -0.0759 0.9560
vn 0.2759 -0.1774 0.9447
vn 0.2621 -0.3053 0.9155
vn 0.2352 -0.4751 0.8479
vn 0.0931 -0.1726 0.9806
vn 0.0885 -0.3007 0.9496
vn 0.0794 -0.4709 0.8786
vn 0.0606 -0.6958 0.7157
vn 0.0243 -0.9276 0.3728
vn 0.0972 0.0424 0.9944
vn 0.0956 -0.0710 0.9929
vn 0.4093 -0.8984 -0.1593
vn -0.2382 0.7369 0.6326
vn 0.0411 0.0731 0.9965
vn -0.2117 0.9332 -0.2903
vn 0.1763 -0.6102 0.7724
vn -0.1938 0.9105 0.3652
vn 0.4817 -0.8713 0.0940
vn -0.0645 0.2830 0.9569
vn -0.1613 0.8672 -0.4712
vn 0.1255 -0.4549 0.8816
vn -0.2211 0.9484 0.2272
vn 0.0570 -0.0878 -0.9945
vn -0.0649 0.2179 -0.9738
vn 0.2477 -0.9244 0.2900
vn -0.1322 0.4533 0.8815
vn -0.1127 0.7655 -0.6335
vn 0.2854 -0.8019 -0.5249
vn 0.0845 -0.2786 0.9567
vn 0.1450 -0.2643 -0.9535
vn 0.2380 -0.8495 0.4708
vn -0.1780 0.6098 0.7723
vn -0.1238 0.5137 -0.8490
vn 0.0549 -0.0882 0.9946
vn -0.2423 0.9697 -0.0328
vn 0.1866 -0.5539 -0.8114
vn 0.2318 -0.7333 0.6392
vn -0.2005 0.7469 0.6340
vn -0.2095 0.7169 0.6650
vn 0.3093 -0.9371 -0.1620
vn -0.2716 0.8400 0.4697
vn 0.3062 -0.9470 0.0976
vn -0.2945 0.9109 0.2891
vn 0.2945 -0.9109 0.2891
vn -0.3062 0.9470 0.0976
vn 0.2716 -0.8400 0.4697
vn -0.3017 0.9528 -0.0327
vn 0.2382 -0.7369 0.6326
vn -0.2945 0.9109 -0.2891
vn 0.1957 -0.6053 0.7716
vn -0.2716 0.8400 -0.4697
vn 0.1455 -0.4501 0.8810
vn 0.0303 -0.0937 -0.9951
vn -0.2382 0.7369 -0.6326
vn 0.0897 -0.2774 0.9566
vn 0.0897 -0.2774 -0.9566
vn -0.1631 0.5044 -0.8479
vn 0.0303 -0.0937 0.9951
vn 0.1796 -0.5557 -0.8118
vn -0.1397 0.4516 -0.8812
vn -0.0303 0.0937 0.9951
vn 0.2015 -0.6038 -0.7713
vn -0.0838 0.2787 -0.9567
vn -0.0897 0.2774 0.9566
vn 0.2440 -0.7352 -0.6324
vn -0.0582 0.2194 -0.9739
vn -0.1455 0.4502 0.8810
vn 0.2788 -0.8040 -0.5252
vn -0.1957 0.6053 0.7716
vn 0.2945 -0.9109 -0.2891
vn -0.1652 0.9854 0.0404
vn 0.4694 -0.8638 -0.1830
vn -0.2737 0.8161 0.5089
vn 0.5023 -0.8646 0.0138
vn -0.3272 0.8855 0.3299
vn 0.5149 -0.8302 0.2137
vn -0.3677 0.9201 0.1348
vn 0.5057 -0.7606 0.4071
vn -0.1625 -0.1344 -0.9775
vn -0.3931 0.9170 -0.0679
vn 0.4746 -0.6584 0.5842
vn -0.0778 -0.3113 -0.9471
vn -0.4329 0.5222 -0.7348
vn 0.4238 -0.5285 0.7356
vn -0.1357 0.0630 -0.9887
vn -0.3793 0.3786 -0.8443
vn 0.3574 -0.3777 0.8542
vn -0.0555 -0.1063 -0.9928
vn -0.3154 0.2175 -0.9237
vn 0.2801 -0.2135 0.9359
vn 0.0288 -0.2691 -0.9627
vn -0.2425 0.0444 -0.9691
vn 0.1964 -0.0431 0.9796
vn 0.1147 -0.4206 -0.9000
vn 0.1104 0.1277 0.9857
vn 0.1997 -0.5564 -0.8066
vn 0.0247 0.2937 0.9556
vn 0.2808 -0.6724 -0.6849
vn -0.0584 0.4504 0.8909
vn 0.3551 -0.7646 -0.5378
vn -0.1371 0.5931 0.7934
vn 0.4192 -0.8296 -0.3689
vn -0.8728 -0.3668 -0.3220
vn 0.4581 -0.5576 0.6922
vn -0.5144 0.3269 -0.7928
vn -0.2513 0.9589 -0.1320
vn 0.4633 -0.3949 0.7933
vn -0.4645 -0.0991 -0.8800
vn -0.3315 0.8949 -0.2987
vn 0.4197 -0.5297 0.7371
vn -0.4270 -0.2619 -0.8655
vn -0.4017 0.7954 -0.4538
vn 0.4213 -0.3589 0.8329
vn -0.3745 -0.4199 -0.8267
vn -0.4578 0.6638 -0.5914
vn 0.4083 -0.1732 0.8963
vn -0.3069 -0.5701 -0.7621
vn -0.4962 0.5054 -0.7059
vn 0.3821 0.0207 0.9239
vn -0.2244 -0.7080 -0.6696
vn 0.3442 0.2154 0.9139
vn -0.1282 -0.8272 -0.5470
vn 0.2953 0.4025 0.8665
vn -0.0210 -0.9189 -0.3939
vn 0.2364 0.5738 0.7842
vn 0.0919 -0.9727 -0.2131
vn 0.1682 0.7217 0.6714
vn 0.2025 -0.9792 -0.0130
vn 0.0920 0.8402 0.5343
vn 0.3009 -0.9340 0.1924
vn 0.0095 0.9252 0.3793
vn 0.3787 -0.8408 0.3868
vn -0.0771 0.9741 0.2127
vn 0.4311 -0.7105 0.5561
vn 0.1883 0.9459 0.2643
vn -0.7788 0.6041 -0.1690
vn 0.9570 -0.0629 0.2833
vn -0.7818 -0.5386 -0.3143
vn -0.8711 0.4391 -0.2200
vn 0.9434 0.1318 0.3044
vn -0.6600 -0.6912 -0.2944
vn -0.9301 0.2571 -0.2623
vn 0.8933 0.3215 0.3141
vn -0.5114 -0.8181 -0.2629
vn 0.8088 0.4986 0.3118
vn -0.3414 -0.9136 -0.2209
vn 0.6931 0.6566 0.2976
vn -0.1569 -0.9729 -0.1702
vn 0.5508 0.7892 0.2717
vn 0.0345 -0.9930 -0.1129
vn 0.3875 0.8914 0.2352
vn 0.2241 -0.9732 -0.0517
vn 0.2095 0.9593 0.1892
vn 0.4040 -0.9147 0.0108
vn 0.0237 0.9905 0.1355
vn 0.5667 -0.8208 0.0720
vn -0.1627 0.9837 0.0762
vn 0.7062 -0.6961 0.1297
vn -0.3427 0.9393 0.0135
vn 0.8176 -0.5463 0.1819
vn -0.9535 0.0650 -0.2943
vn -0.5095 0.8590 -0.0499
vn 0.8978 -0.3773 0.2271
vn -0.9403 -0.1299 -0.3147
vn -0.6567 0.7459 -0.1116
vn 0.9445 -0.1954 0.2640
vn -0.3205 0.9087 0.2675
vn 0.3406 -0.9389 -0.0505
vn 0.0014 0.9768 0.2142
vn 0.5162 -0.8563 0.0193
vn -0.1864 0.9696 0.1586
vn 0.6654 -0.7412 0.0890
vn -0.3677 0.9246 0.0994
vn 0.7837 -0.6015 0.1550
vn -0.9740 0.0510 -0.2207
vn -0.5355 0.8436 0.0388
vn 0.8695 -0.4449 0.2146
vn -0.9650 -0.0922 -0.2456
vn -0.6833 0.7298 -0.0213
vn 0.9232 -0.2776 0.2658
vn -0.9238 -0.2723 -0.2692
vn -0.8052 0.5877 -0.0790
vn 0.9458 -0.1045 0.3075
vn -0.8496 -0.4450 -0.2832
vn -0.8965 0.4228 -0.1326
vn 0.9297 0.1235 0.3471
vn -0.7431 -0.6048 -0.2865
vn -0.9535 0.2416 -0.1804
vn 0.8772 0.3111 0.3657
vn -0.6060 -0.7454 -0.2779
vn 0.7910 0.4869 0.3704
vn -0.4416 -0.8598 -0.2565
vn 0.6743 0.6439 0.3614
vn -0.2556 -0.9410 -0.2218
vn 0.5313 0.7761 0.3398
vn -0.0562 -0.9831 -0.1745
vn 0.3672 0.8781 0.3068
vn 0.1463 -0.9824 -0.1164
vn 0.9491 0.3149 0.0056
vn 0.8006 -0.5890 -0.1102
vn -0.9827 0.0243 0.1835
vn -0.4968 0.8244 0.2714
vn 0.9016 -0.4226 -0.0919
vn -0.9744 -0.1680 0.1493
vn -0.6537 0.7078 0.2676
vn 0.9683 -0.2405 -0.0673
vn -0.9284 -0.3543 0.1121
vn -0.7852 0.5636 0.2564
vn 0.9981 -0.0497 -0.0374
vn -0.8464 -0.5275 0.0735
vn -0.8863 0.3973 0.2381
vn 0.9898 0.1426 -0.0031
vn -0.7315 -0.6809 0.0348
vn -0.9529 0.2152 0.2135
vn 0.9437 0.3289 0.0341
vn -0.5883 -0.8086 -0.0024
vn 0.8617 0.5021 0.0727
vn -0.4221 -0.9058 -0.0368
vn 0.7469 0.6555 0.1114
vn -0.2395 -0.9686 -0.0668
vn 0.6036 0.7833 0.1486
vn -0.0473 -0.9947 -0.0916
vn 0.4375 0.8804 0.1829
vn 0.1469 -0.9830 -0.1099
vn 0.2549 0.9432 0.2130
vn 0.3359 -0.9341 -0.1213
vn 0.0627 0.9693 0.2377
vn 0.5122 -0.8497 -0.1252
vn -0.1316 0.9576 0.2561
vn 0.6691 -0.7332 -0.1214
vn 0.2019 -0.0511 0.9781
vn -0.6032 -0.7959 0.0518
vn 0.8718 0.4884 0.0389
vn -0.4395 -0.8981 0.0173
vn 0.7624 0.6429 0.0737
vn -0.2583 -0.9659 -0.0149
vn 0.6012 0.7909 0.1140
vn -0.0665 -0.9968 -0.0434
vn 0.4347 0.8883 0.1480
vn 0.1286 -0.9894 -0.0673
vn 0.2518 0.9510 0.1794
vn 0.3192 -0.9438 -0.0854
vn 0.0595 0.9765 0.2070
vn 0.4979 -0.8618 -0.0970
vn -0.1346 0.9639 0.2296
vn 0.6575 -0.7466 -0.1016
vn -0.3232 0.9137 0.2464
vn 0.7916 -0.6029 -0.0992
vn -0.9778 0.0198 0.2087
vn -0.4989 0.8277 0.2569
vn 0.8952 -0.4365 -0.0897
vn -0.9680 -0.1732 0.1816
vn -0.6549 0.7094 0.2605
vn 0.9643 -0.2543 -0.0737
vn -0.9208 -0.3598 0.1506
vn -0.7851 0.5634 0.2573
vn 0.9966 -0.0634 -0.0518
vn -0.8540 -0.5057 0.1226
vn -0.8846 0.3953 0.2473
vn 0.9914 0.1287 -0.0250
vn -0.7431 -0.6634 0.0874
vn -0.9497 0.2118 0.2309
vn -0.4850 0.4517 0.7488
vn -0.0429 -0.7331 0.6788
vn -0.3748 -0.5763 0.7263
vn 0.0094 0.9592 -0.2826
vn -0.0310 -0.7711 0.6360
vn -0.7945 0.4085 0.4494
vn 0.4667 -0.5893 0.6595
vn -0.0314 -0.4171 0.9083
vn -0.0354 -0.9521 0.3038
vn -0.6096 0.5026 0.6130
vn 0.0521 0.9665 0.2512
vn -0.0327 -0.7711 -0.6359
vn 0.8456 0.5293 0.0692
vn -0.8325 0.5001 0.2382
vn -0.0596 -0.4171 -0.9069
vn -0.5222 -0.5943 -0.6117
vn 0.3257 -0.6506 -0.6860
vn -0.0994 -0.4190 -0.9025
vn -0.2362 -0.3924 -0.8889
vn 0.9095 0.0360 -0.4142
vn 0.1660 -0.7058 0.6887
vn -0.2891 -0.5975 0.7479
vn -0.9383 -0.2440 0.2450
vn 0.0961 -0.4310 -0.8972
vn -0.2798 -0.3719 0.8851
vn -0.5275 0.0317 -0.8490
vn 0.4831 -0.0446 -0.8744
vn -0.8826 -0.4347 0.1793
vn 0.0068 -0.9056 -0.4242
vn -0.7049 -0.6429 -0.2998
vn 0.7860 0.6105 0.0972
vn 0.5943 0.6105 -0.5235
vn 0.0514 0.9708 0.2342
vn 0.9041 -0.3947 0.1638
vn -0.3504 0.0464 0.9354
vn 0.8195 -0.2619 0.5097
vn 0.5190 0.4244 0.7420
vn 0.6380 0.7455 -0.1927
vn -0.0690 -0.3609 0.9301
vn -0.8552 -0.4674 0.2240
vn 0.6950 0.3931 0.6020
vn 0.0687 -0.8147 -0.5758
vn 0.1080 0.4114 -0.9050
vn 0.2938 0.4984 -0.8157
vn 0.1928 -0.8293 -0.5245
vn 0.5313 0.0079 -0.8472
vn 0.4979 -0.0066 -0.8672
vn 0.2672 0.8709 -0.4125
vn 0.0480 0.8339 -0.5499
vn 0.4292 0.6137 -0.6627
vn 0.3549 -0.7575 -0.5479
vn 0.6460 0.4366 -0.6262
vn 0.4172 -0.8063 -0.4194
vn 0.6513 0.3832 -0.6549
vn 0.7870 0.3107 -0.5330
vn 0.7415 -0.0377 -0.6698
vn 0.5049 -0.7926 -0.3419
vn 0.5726 -0.7799 -0.2526
vn 0.6187 -0.7702 -0.1549
vn 0.6421 -0.7648 -0.0522
vn 0.6421 -0.7648 0.0522
vn 0.6187 -0.7702 0.1549
vn 0.4863 0.8471 0.2145
vn 0.5726 -0.7799 0.2526
vn 0.7493 0.4255 0.5074
vn 0.6881 0.4495 0.5696
vn 0.7870 0.3107 0.5330
vn 0.7269 -0.0124 0.6866
vn 0.5049 -0.7926 0.3419
vn 0.0559 0.1087 0.9925
vn 0.5644 0.5996 0.5675
vn 0.4172 -0.8063 0.4194
vn 0.7008 -0.0075 0.7133
vn 0.3560 0.7557 0.5496
vn 0.3120 -0.8190 0.4816
vn 0.3131 0.4201 0.8517
vn 0.5286 0.0044 0.8489
vn 0.0845 0.7013 0.7078
vn 0.0269 0.9739 -0.2253
vn -0.0620 -0.8521 0.5196
vn -0.5390 0.4132 0.7340
vn -0.7970 0.5626 -0.2200
vn -0.6104 0.1174 0.7834
vn -0.2220 0.7654 0.6040
vn -0.1785 -0.8558 0.4856
vn -0.3120 -0.8190 0.4816
vn -0.4207 0.2249 0.8789
vn -0.5703 0.0041 0.8214
vn -0.4172 -0.8063 0.4194
vn -0.5049 -0.7926 0.3419
vn -0.7688 0.3712 0.5207
vn -0.8836 0.2996 0.3598
vn -0.7420 -0.0384 0.6693
vn -0.5726 -0.7799 0.2526
vn -0.6187 -0.7702 0.1549
vn -0.6421 -0.7648 0.0522
vn -0.6421 -0.7648 -0.0522
vn -0.6187 -0.7702 -0.1549
vn -0.5726 -0.7799 -0.2526
vn -0.5049 -0.7926 -0.3419
vn -0.7688 0.3712 -0.5207
vn -0.7690 0.3114 -0.5582
vn -0.4148 0.5103 -0.7533
vn -0.5848 0.4012 -0.7050
vn -0.2224 0.9490 -0.2236
vn -0.1762 0.8300 -0.5291
vn -0.5644 0.5996 -0.5675
vn -0.4172 -0.8063 -0.4194
vn -0.3356 -0.7867 -0.5181
vn -0.5683 0.4045 -0.7165
vn -0.0691 -0.8126 -0.5787
vn -0.3356 0.5706 -0.7496
vn -0.1112 0.3462 -0.9315
vn 0.0762 -0.9578 -0.2770
vn 0.5145 -0.0845 -0.8533
vn 0.5256 -0.2287 -0.8194
vn 0.4731 -0.3331 -0.8156
vn 0.5532 0.2291 -0.8009
vn 0.5433 -0.6640 -0.5138
vn 0.6854 -0.7254 -0.0634
vn 0.2191 -0.9510 -0.2183
vn 0.6761 0.2337 -0.6988
vn 0.5923 -0.5056 -0.6273
vn 0.7970 0.2387 -0.5548
vn 0.8835 0.2427 -0.4006
vn 0.3192 -0.9439 -0.0842
vn 0.9389 0.2453 -0.2416
vn 0.9659 0.2461 -0.0807
vn 0.9659 0.2461 0.0807
vn 0.9389 0.2453 0.2416
vn 0.8835 0.2427 0.4006
vn 0.7970 0.2387 0.5548
vn 0.6761 0.2337 0.6988
vn 0.4873 -0.3670 0.7924
vn 0.5629 -0.2813 0.7772
vn 0.8936 -0.4466 0.0450
vn 0.1758 -0.9537 0.2439
vn 0.5190 0.2286 0.8236
vn 0.7474 -0.6531 -0.1217
vn 0.7425 0.0725 0.6659
vn 0.4623 -0.1071 0.8802
vn 0.4075 -0.1202 0.9053
vn 0.4834 -0.2777 0.8302
vn -0.2660 -0.9621 -0.0598
vn 0.0063 -0.9998 -0.0186
vn -0.4201 -0.3353 0.8433
vn -0.5496 0.1913 0.8133
vn -0.7529 -0.6581 -0.0017
vn -0.4288 -0.0858 0.8993
vn -0.0275 -0.9319 0.3618
vn -0.5190 0.2286 0.8236
vn -0.4489 -0.5156 0.7298
vn -0.9207 -0.3877 -0.0450
vn -0.2131 -0.9506 0.2257
vn -0.6761 0.2337 0.6988
vn -0.7970 0.2387 0.5548
vn -0.8835 0.2427 0.4006
vn -0.9389 0.2453 0.2416
vn -0.9456 -0.2091 0.2493
vn -0.5426 -0.2561 0.8000
vn -0.5495 -0.6241 0.5555
vn -0.6892 -0.7213 0.0689
vn -0.9659 0.2461 0.0807
vn -0.8690 0.4892 0.0744
vn -0.8774 -0.4773 0.0482
vn -0.8731 0.4818 -0.0747
vn -0.8687 -0.4741 0.1435
vn -0.6607 -0.7476 0.0678
vn -0.9659 0.2461 -0.0807
vn -0.9389 0.2453 -0.2416
vn -0.9456 -0.2091 -0.2493
vn -0.4599 -0.5049 -0.7305
vn -0.5912 -0.6142 -0.5227
vn -0.8835 0.2427 -0.4006
vn -0.6149 -0.6553 -0.4386
vn -0.4832 -0.8755 -0.0083
vn -0.2645 -0.9563 -0.1247
vn -0.7970 0.2387 -0.5548
vn -0.6761 0.2337 -0.6988
vn -0.5337 0.2289 -0.8141
vn -0.5145 -0.0922 -0.8525
vn -0.4803 -0.2131 -0.8508
vn -0.4873 -0.3670 -0.7924
vn -0.4801 -0.3771 -0.7920
vn -0.3266 -0.3018 -0.8957
vn -0.0252 -0.9650 -0.2612
vn 0.0027 -0.9641 -0.2654
vn 0.2841 0.3929 0.8746
vn 0.2759 -0.1171 0.9540
vn 0.3531 -0.5126 0.7827
vn 0.6035 0.4529 0.6562
vn 0.5790 -0.5507 0.6013
vn 0.7881 -0.3524 0.5046
vn 0.8631 0.4765 0.1674
vn 0.9948 0.0460 0.0904
vn 0.9747 0.1780 -0.1355
vn 0.6605 -0.7211 -0.2091
vn 0.8730 -0.2350 -0.4274
vn 0.8860 -0.1734 -0.4300
vn 0.6195 -0.3658 -0.6945
vn 0.3530 -0.7844 -0.5101
vn 0.4691 -0.2767 -0.8387
vn 0.0734 -0.8018 -0.5930
vn -0.0734 -0.8018 -0.5931
vn -0.4691 -0.2767 -0.8387
vn -0.4752 -0.7676 -0.4302
vn -0.6195 -0.3658 -0.6945
vn -0.6605 -0.7211 -0.2091
vn -0.8730 -0.2350 -0.4274
vn -0.9538 -0.1389 -0.2664
vn -0.9095 -0.3610 -0.2060
vn -0.9948 -0.0460 -0.0904
vn -0.9948 0.0460 0.0905
vn -0.8894 -0.4211 0.1780
vn -0.9347 0.2680 0.2334
vn -0.7944 0.0260 0.6068
vn -0.7881 -0.3524 0.5046
vn -0.8730 0.2350 0.4274
vn -0.5790 -0.5507 0.6013
vn -0.6342 0.1849 0.7508
vn -0.2873 0.3339 0.8978
vn -0.2759 -0.1171 0.9540
vn -0.1011 0.8939 0.4367
vn -0.2759 -0.1171 -0.9540
vn -0.3531 -0.5126 -0.7827
vn -0.5370 0.6556 -0.5308
vn -0.8816 0.1228 -0.4557
vn -0.8776 0.1767 -0.4457
vn -0.9566 0.0338 -0.2894
vn -0.9919 -0.0593 -0.1123
vn -0.6605 -0.7211 0.2091
vn -0.6873 -0.5639 0.4578
vn -0.4752 -0.7676 0.4302
vn -0.6030 -0.4554 0.6550
vn -0.2782 -0.4679 0.8388
vn -0.0734 -0.8018 0.5931
vn 0.0734 -0.8018 0.5931
vn 0.2756 -0.4945 0.8243
vn 0.6030 -0.4554 0.6550
vn 0.6605 -0.7211 0.2091
vn 0.9345 -0.2688 0.2332
vn 0.9095 -0.3610 0.2060
vn 0.9851 -0.1589 0.0657
vn 0.9716 -0.1922 -0.1382
vn 0.9566 0.0338 -0.2894
vn 0.8816 0.1228 -0.4557
vn 0.8450 0.0913 -0.5268
vn 0.5790 -0.5507 -0.6013
vn 0.4008 0.6694 -0.6255
vn 0.4666 0.0407 -0.8835
vn 0.0883 -0.0784 -0.9930
vn 0.0607 -0.6958 -0.7157
vn 0.1797 -0.6990 -0.6922
vn 0.4440 -0.0772 -0.8927
vn 0.4258 -0.3144 -0.8484
vn 0.3928 -0.7143 -0.5792
vn 0.8575 0.0471 -0.5124
vn 0.7770 -0.5473 -0.3110
vn 0.8631 -0.2598 0.4330
vn 0.8404 -0.3568 0.4079
vn 0.8776 -0.0420 0.4775
vn 0.4788 -0.8291 0.2887
vn 0.6285 -0.2151 0.7474
vn 0.5143 -0.6598 0.5478
vn 0.2351 -0.6788 0.6956
vn 0.4800 0.0842 0.8732
vn 0.3449 0.0375 0.9379
vn 0.2889 -0.1625 0.9435
vn 0.0794 -0.6828 0.7263
vn 0.0606 -0.8576 0.5107
vn 0.0931 0.1726 0.9806
vn 0.0318 0.0938 0.9951
vn -0.0606 -0.8576 0.5107
vn -0.2759 0.1774 0.9447
vn -0.2205 0.0970 0.9705
vn -0.2352 -0.6788 0.6956
vn -0.6504 0.1885 0.7358
vn -0.4698 -0.1005 0.8770
vn -0.3732 -0.0538 0.9262
vn -0.3928 -0.8401 0.3740
vn -0.5143 -0.6598 0.5478
vn -0.7711 -0.1206 0.6252
vn -0.8631 -0.2598 0.4330
vn -0.8404 -0.3568 0.4079
vn -0.9420 0.1349 0.3073
vn -0.9416 0.3363 -0.0179
vn -0.9975 0.0336 -0.0618
vn -0.8433 -0.0449 -0.5355
vn -0.6825 -0.0613 -0.7283
vn -0.7361 -0.2182 -0.6407
vn -0.4788 -0.7258 -0.4939
vn -0.3929 -0.7143 -0.5792
vn -0.7689 0.1928 -0.6096
vn -0.7034 -0.0682 -0.7075
vn -0.2918 -0.7052 -0.6461
vn -0.1797 -0.6990 -0.6922
vn -0.3756 -0.1169 -0.9194
vn -0.2351 -0.4751 -0.8479
vn -0.0607 -0.6958 -0.7157
vn 0.0160 -0.1060 -0.9942
vn -0.0607 -0.6958 0.7157
vn 0.0123 0.0038 0.9999
vn 0.1795 -0.1481 0.9726
vn -0.1797 -0.6990 0.6922
vn -0.4258 -0.3144 0.8485
vn -0.5144 -0.4951 0.7002
vn -0.3928 -0.7143 0.5792
vn -0.7951 -0.2021 0.5718
vn -0.4788 -0.7258 0.4939
vn -0.7361 -0.2182 0.6407
vn -0.9471 -0.1744 0.2693
vn -0.7770 -0.5474 0.3110
vn -0.9872 -0.0227 0.1578
vn -0.9825 -0.0687 0.1733
vn -0.9895 0.1026 -0.1019
vn -0.8404 -0.3568 -0.4079
vn -0.5885 0.1588 -0.7928
vn -0.4788 -0.8291 -0.2887
vn -0.5143 -0.6598 -0.5478
vn -0.6118 0.1667 -0.7732
vn -0.4822 -0.2156 -0.8491
vn -0.1576 0.1175 -0.9805
vn -0.2351 -0.6788 -0.6956
vn -0.2889 -0.0878 -0.9533
vn -0.2889 -0.1625 -0.9435
vn -0.0794 -0.6828 -0.7263
vn -0.0606 -0.8576 -0.5107
vn 0.0607 -0.8576 -0.5107
vn 0.2889 -0.0878 -0.9533
vn 0.2890 -0.1625 -0.9435
vn 0.1576 0.1175 -0.9805
vn 0.6315 0.1778 -0.7547
vn 0.6285 -0.2151 -0.7474
vn 0.4788 -0.8291 -0.2887
vn 0.7711 -0.1206 -0.6252
vn 0.8404 -0.3568 -0.4079
vn 0.9643 0.2307 -0.1300
vn 0.9748 -0.2120 -0.0693
vn 0.9806 -0.0256 -0.1942
vn 0.7770 -0.5473 0.3110
vn 0.8562 0.1227 0.5019
vn 0.5465 -0.7393 0.3935
vn 0.8277 -0.0045 0.5611
vn 0.7361 -0.2182 0.6407
vn 0.3929 -0.7143 0.5792
vn 0.4258 -0.3144 0.8485
vn 0.2918 -0.7052 0.6461
vn 0.8408 -0.1409 0.5227
vn 0.2351 -0.4751 0.8479
vn 0.0607 -0.6958 0.7157
vn -0.2106 -0.0664 0.9753
vn 0.0224 0.1052 0.9942
vn -0.1494 0.8694 0.4710
vn 0.2431 -0.8598 -0.4490
vn -0.1056 0.7971 -0.5945
vn 0.1239 -0.2298 -0.9653
vn 0.2347 -0.7379 0.6328
vn -0.4704 0.8774 0.0944
vn 0.3062 -0.9470 -0.0976
vn -0.2939 0.9287 0.2263
vn -0.3062 0.9470 -0.0976
vn 0.1455 -0.4502 0.8810
vn -0.1725 0.6112 -0.7725
vn 0.1687 -0.4444 -0.8798
vn -0.0303 0.0937 -0.9951
vn -0.1455 0.4501 0.8810
vn 0.2802 -0.8374 -0.4693
vn -0.2837 0.9334 -0.2200
vn 0.4061 -0.7901 0.4591
vn -0.4839 0.8701 -0.0939
vn 0.3783 -0.6886 0.6187
vn -0.4829 0.8305 -0.2775
vn 0.3327 -0.5627 0.7568
vn -0.4680 0.7602 -0.4506
vn 0.2703 -0.4158 0.8684
vn -0.2401 0.4065 -0.8815
vn -0.4396 0.6614 -0.6077
vn 0.1932 -0.2520 0.9482
vn -0.1748 0.2425 -0.9543
vn -0.3680 0.8856 -0.2834
vn 0.1045 -0.0770 0.9915
vn 0.0449 -0.4720 -0.8805
vn -0.3597 0.8059 -0.4702
vn 0.0089 0.1023 0.9947
vn 0.1304 -0.6209 -0.7730
vn -0.3347 0.6952 -0.6362
vn -0.0884 0.2777 0.9566
vn 0.2101 -0.7445 -0.6337
vn -0.2942 0.5597 -0.7747
vn -0.1818 0.4410 0.8789
vn 0.2805 -0.8373 -0.4693
vn -0.2666 0.5850 0.7660
vn 0.3383 -0.8960 -0.2875
vn -0.3394 0.7038 0.6240
vn 0.3811 -0.9195 -0.0965
vn -0.3982 0.7936 0.4600
vn 0.4073 -0.9083 0.0960
vn -0.4419 0.8519 0.2812
vn 0.4158 -0.8643 0.2832
vn -0.8901 -0.3193 -0.3253
vn 0.3447 -0.8092 0.4758
vn -0.5002 0.0657 -0.8634
vn -0.3661 0.8385 -0.4036
vn 0.3780 -0.6857 0.6220
vn -0.5224 0.1318 -0.8424
vn -0.4303 0.7104 -0.5570
vn 0.4291 -0.2298 0.8735
vn -0.4963 -0.0625 -0.8659
vn -0.4749 0.5612 -0.6779
vn 0.4067 -0.0717 0.9107
vn -0.4504 -0.2531 -0.8562
vn -0.5007 0.4002 -0.7676
vn 0.3770 0.0827 0.9225
vn -0.3870 -0.4328 -0.8142
vn -0.5087 0.2337 -0.8286
vn 0.3412 0.2348 0.9102
vn -0.3092 -0.5954 -0.7415
vn 0.2990 0.3862 0.8726
vn -0.2209 -0.7353 -0.6407
vn 0.2481 0.5366 0.8065
vn -0.1260 -0.8478 -0.5151
vn 0.1856 0.6822 0.7072
vn -0.0291 -0.9290 -0.3689
vn 0.1089 0.8137 0.5710
vn 0.0656 -0.9762 -0.2070
vn 0.0180 0.9170 0.3985
vn 0.1535 -0.9875 -0.0350
vn -0.0833 0.9766 0.1981
vn 0.2312 -0.9627 0.1405
vn -0.1869 0.9823 -0.0143
vn 0.2955 -0.9026 0.3131
vn 0.2597 0.9258 0.2746
vn -0.8145 0.5481 -0.1903
vn 0.9576 -0.0062 0.2881
vn -0.8063 -0.4970 -0.3206
vn -0.8943 0.3792 -0.2376
vn 0.9343 0.1831 0.3058
vn -0.6914 -0.6555 -0.3036
vn -0.9408 0.1970 -0.2758
vn 0.8762 0.3669 0.3125
vn -0.5499 -0.7886 -0.2752
vn 0.7845 0.5386 0.3074
vn -0.3871 -0.8912 -0.2367
vn 0.6618 0.6912 0.2903
vn -0.2094 -0.9593 -0.1896
vn 0.5121 0.8182 0.2614
vn -0.0236 -0.9905 -0.1358
vn 0.3411 0.9136 0.2214
vn 0.1631 -0.9836 -0.0775
vn 0.1559 0.9727 0.1718
vn 0.3437 -0.9389 -0.0169
vn -0.0354 0.9928 0.1147
vn 0.5114 -0.8582 0.0440
vn -0.2246 0.9730 0.0526
vn 0.6595 -0.7446 0.1029
vn -0.4036 0.9149 -0.0116
vn 0.7825 -0.6024 0.1578
vn -0.9528 0.0077 -0.3036
vn -0.5652 0.8215 -0.0752
vn 0.8754 -0.4369 0.2068
vn -0.9296 -0.1824 -0.3201
vn -0.7037 0.6975 -0.1355
vn 0.9347 -0.2545 0.2480
vn 0.3528 -0.9345 -0.0469
vn 0.0614 0.9724 0.2252
vn 0.5187 -0.8547 0.0202
vn -0.1412 0.9755 0.1685
vn 0.6641 -0.7424 0.0885
vn -0.3369 0.9354 0.1072
vn 0.7834 -0.6019 0.1549
vn -0.9722 0.0907 -0.2159
vn -0.5157 0.8556 0.0446
vn 0.8723 -0.4385 0.2162
vn -0.9566 -0.1410 -0.2551
vn -0.6700 0.7422 -0.0169
vn 0.9277 -0.2584 0.2696
vn -0.9031 -0.3281 -0.2772
vn -0.7948 0.6022 -0.0750
vn 0.9474 -0.0684 0.3126
vn -0.8150 -0.5028 -0.2882
vn -0.8874 0.4429 -0.1282
vn 0.9395 0.0717 0.3349
vn -0.6957 -0.6583 -0.2874
vn -0.9466 0.2705 -0.1755
vn 0.9021 0.2466 0.3542
vn -0.5501 -0.7887 -0.2745
vn 0.8338 0.4168 0.3621
vn -0.3836 -0.8892 -0.2495
vn 0.7339 0.5770 0.3583
vn -0.2030 -0.9558 -0.2128
vn 0.6029 0.7206 0.3423
vn -0.0152 -0.9861 -0.1657
vn 0.4430 0.8396 0.3142
vn 0.1725 -0.9789 -0.1097
vn 0.9425 0.3340 0.0082
vn -0.4968 0.8243 0.2714
vn 0.9016 -0.4226 -0.0920
vn 0.9683 -0.2405 -0.0674
vn 0.9981 -0.0497 -0.0373
vn -0.7316 -0.6809 0.0348
vn 0.9437 0.3290 0.0341
vn -0.4222 -0.9058 -0.0368
vn 0.7469 0.6556 0.1114
vn 0.6037 0.7833 0.1486
vn -0.0474 -0.9947 -0.0916
vn 0.5121 -0.8497 -0.1252
vn 0.2018 -0.0511 0.9781
vn 0.2019 -0.0512 0.9781
vn 0.2020 -0.0510 0.9781
vn 0.2019 -0.0509 0.9781
vn 0.2017 -0.0511 0.9781
vn 0.2020 -0.0512 0.9780
vn 0.2020 -0.0511 0.9781
vn -0.5804 -0.8130 0.0455
vn 0.8601 0.5084 0.0421
vn -0.4151 -0.9097 0.0116
vn 0.7448 0.6628 0.0775
vn -0.2335 -0.9722 -0.0199
vn 0.6250 0.7733 0.1069
vn -0.0426 -0.9980 -0.0476
vn 0.4645 0.8744 0.1405
vn 0.1505 -0.9861 -0.0705
vn 0.2867 0.9425 0.1718
vn 0.3383 -0.9370 -0.0877
vn 0.0979 0.9750 0.1997
vn 0.5137 -0.8523 -0.0985
vn -0.0949 0.9702 0.2231
vn 0.6700 -0.7353 -0.1024
vn -0.2843 0.9279 0.2411
vn 0.8010 -0.5903 -0.0993
vn -0.9758 0.0559 0.2113
vn -0.4632 0.8494 0.2529
vn 0.9017 -0.4230 -0.0894
vn -0.9729 -0.1389 0.1849
vn -0.6242 0.7374 0.2581
vn 0.9681 -0.2397 -0.0729
vn -0.9318 -0.3285 0.1544
vn -0.7610 0.5960 0.2564
vn 0.9976 -0.0474 -0.0505
vn -0.8384 -0.5327 0.1158
vn -0.8678 0.4308 0.2477
vn 0.9890 0.1463 -0.0231
vn -0.7233 -0.6858 0.0807
vn -0.9403 0.2484 0.2325
vn 0.1330 -0.6500 0.7482
vn -0.3803 -0.5221 0.7634
vn 0.4401 0.8749 -0.2019
vn -0.8449 0.5298 -0.0741
vn 0.2730 0.9422 0.1944
vn 0.7865 0.6102 0.0955
vn 0.8794 0.4760 -0.0103
vn -0.8690 0.4602 0.1820
vn -0.8195 0.5159 0.2494
vn -0.2523 -0.3480 -0.9029
vn 0.5713 -0.7448 0.3449
vn -0.0000 -1.0000 -0.0000
vn 0.1058 -0.7244 0.6812
vn -0.9258 -0.3054 0.2228
vn -0.8730 -0.2350 0.4274
vn -0.9511 -0.3082 0.0195
vn -0.1355 -0.2852 0.9488
vn -0.2710 -0.3550 0.8947
vn 0.2362 -0.3823 0.8933
vn 0.0935 -0.4104 0.9071
vn -0.1285 -0.4232 0.8969
vn -0.0935 -0.4104 0.9071
vn -0.0937 -0.4187 -0.9033
vn -0.0076 -0.9070 -0.4211
vn 0.8314 -0.4642 -0.3055
vn -0.5119 0.3824 0.7692
vn 0.9578 -0.2531 0.1365
vn 0.3209 -0.2127 0.9229
vn -0.1800 -0.3377 0.9239
vn 0.9049 0.3027 0.2991
vn 0.5105 0.7740 -0.3746
vn -0.5011 -0.5085 0.7002
vn -0.8110 -0.4933 0.3146
vt 0.194835 0.491510
vt 0.200299 0.537863
vt 0.178944 0.510239
vt 0.175181 0.452790
vt 0.153973 0.468513
vt 0.282657 0.579975
vt 0.283755 0.623655
vt 0.275116 0.599452
vt 0.264453 0.565585
vt 0.229380 0.636265
vt 0.233768 0.572914
vt 0.247232 0.550327
vt 0.231030 0.534593
vt 0.216656 0.556121
vt 0.215521 0.517637
vt 0.202313 0.579908
vt 0.184934 0.558819
vt 0.392108 0.699869
vt 0.537180 0.693531
vt 0.381709 0.720808
vt 0.162772 0.528293
vt 0.140431 0.471893
vt 0.672914 0.686674
vt 0.559075 0.718199
vt 0.496832 0.725793
vt 0.279570 0.688331
vt 0.282871 0.712402
vt 0.250831 0.686659
vt 0.203877 0.647235
vt 0.548839 0.726141
vt 0.217598 0.644323
vt 0.481722 0.736859
vt 0.187111 0.602991
vt 0.421540 0.736619
vt 0.168470 0.579392
vt 0.367385 0.733980
vt 0.145470 0.546384
vt 0.319188 0.726066
vt 0.321122 0.696522
vt 0.116969 0.494732
vt 0.166740 0.623377
vt 0.149581 0.598847
vt 0.356966 0.748669
vt 0.127647 0.563881
vt 0.310343 0.741417
vt 0.101533 0.506556
vt 0.272313 0.728132
vt 0.236879 0.704113
vt 0.207926 0.676356
vt 0.540753 0.733778
vt 0.470660 0.747978
vt 0.410249 0.750562
vt 0.192444 0.697546
vt 0.535068 0.740959
vt 0.167345 0.670788
vt 0.463260 0.759014
vt 0.147167 0.644948
vt 0.402754 0.764750
vt 0.129532 0.618518
vt 0.349745 0.764495
vt 0.108635 0.580702
vt 0.303133 0.758391
vt 0.085869 0.517941
vt 0.262699 0.745853
vt 0.224057 0.723627
vt 0.108169 0.637605
vt 0.088388 0.596213
vt 0.297507 0.777009
vt 0.070141 0.528361
vt 0.254331 0.765674
vt 0.212359 0.745197
vt 0.177236 0.720241
vt 0.531807 0.747571
vt 0.149229 0.693320
vt 0.459225 0.769856
vt 0.126868 0.666402
vt 0.398634 0.779216
vt 0.345284 0.781391
vt 0.530897 0.753521
vt 0.130372 0.717070
vt 0.458412 0.780367
vt 0.105413 0.687681
vt 0.397751 0.793872
vt 0.084950 0.655092
vt 0.343542 0.799248
vt 0.066666 0.609272
vt 0.293727 0.797237
vt 0.054390 0.537274
vt 0.247337 0.787553
vt 0.201911 0.768874
vt 0.162422 0.744627
vt 0.292477 0.819022
vt 0.043279 0.618496
vt 0.038843 0.543931
vt 0.241762 0.811380
vt 0.192936 0.794768
vt 0.148619 0.771164
vt 0.532276 0.758685
vt 0.110190 0.741851
vt 0.460863 0.790335
vt 0.082220 0.708382
vt 0.400252 0.808509
vt 0.058988 0.669634
vt 0.344842 0.817912
vt 0.728078 0.062365
vt 0.731759 0.119044
vt 0.703848 0.081875
vt 0.777952 0.441334
vt 0.733647 0.523677
vt 0.767962 0.438856
vt 0.670755 0.055252
vt 0.690413 0.031721
vt 0.799136 0.377670
vt 0.784605 0.375288
vt 0.631951 0.036294
vt 0.644521 0.009330
vt 0.808458 0.321438
vt 0.789888 0.320652
vt 0.575976 0.024438
vt 0.583082 0.000108
vt 0.808132 0.266937
vt 0.786347 0.269067
vt 0.484740 0.028037
vt 0.489416 0.011843
vt 0.798783 0.211258
vt 0.774843 0.217549
vt 0.781755 0.156353
vt 0.755470 0.165220
vt 0.758358 0.105881
vt 0.738929 0.524766
vt 0.476538 0.044795
vt 0.766224 0.274878
vt 0.752728 0.226764
vt 0.731375 0.176763
vt 0.707907 0.133537
vt 0.727616 0.524983
vt 0.681610 0.099725
vt 0.757470 0.439528
vt 0.650470 0.076938
vt 0.770310 0.376274
vt 0.615066 0.060905
vt 0.772381 0.323243
vt 0.562879 0.047953
vt 0.720965 0.528685
vt 0.746592 0.443458
vt 0.629230 0.098008
vt 0.756342 0.380498
vt 0.594266 0.084524
vt 0.756027 0.328643
vt 0.544803 0.071087
vt 0.747830 0.283542
vt 0.465885 0.062151
vt 0.732694 0.238637
vt 0.709393 0.190727
vt 0.686104 0.148124
vt 0.661700 0.116973
vt 0.731266 0.294558
vt 0.717981 0.280508
vt 0.665861 0.162026
vt 0.713843 0.534675
vt 0.646480 0.142571
vt 0.735354 0.450974
vt 0.604014 0.119608
vt 0.742662 0.388241
vt 0.568619 0.108500
vt 0.740874 0.336597
vt 0.522718 0.094547
vt 0.453713 0.080356
vt 0.563950 0.146937
vt 0.723759 0.462425
vt 0.729094 0.400311
vt 0.535181 0.135276
vt 0.726852 0.347224
vt 0.498073 0.119045
vt 0.441468 0.099051
vt 0.706451 0.542501
vt 0.698941 0.551272
vt 0.711857 0.477599
vt 0.596094 0.156432
vt 0.525921 0.175350
vt 0.715277 0.418118
vt 0.504843 0.161388
vt 0.707516 0.354042
vt 0.475372 0.142752
vt 0.431405 0.116168
vt 0.481449 0.184908
vt 0.701275 0.440326
vt 0.453541 0.166888
vt 0.691261 0.559896
vt 0.547124 0.189840
vt 0.540624 0.253201
vt 0.514614 0.215231
vt 0.699756 0.494615
vt 0.499859 0.199028
vt 0.683268 0.567454
vt 0.531741 0.270007
vt 0.498872 0.234560
vt 0.687383 0.510559
vt 0.481985 0.219884
vt 0.687880 0.463571
vt 0.463908 0.206984
vt 0.660630 0.405479
vt 0.435170 0.192005
vt 0.611497 0.318559
vt 0.623622 0.189568
vt 0.633709 0.402124
vt 0.449868 0.228042
vt 0.421459 0.215140
vt 0.606742 0.288273
vt 0.608900 0.284958
vt 0.385095 0.204300
vt 0.401615 0.177091
vt 0.526352 0.290222
vt 0.674915 0.573481
vt 0.485596 0.255083
vt 0.667834 0.519908
vt 0.468389 0.240699
vt 0.649536 0.480042
vt 0.666502 0.578669
vt 0.460871 0.336439
vt 0.568958 0.405231
vt 0.536195 0.385288
vt 0.649911 0.523836
vt 0.456597 0.261993
vt 0.625223 0.479695
vt 0.437488 0.248773
vt 0.592883 0.436590
vt 0.408926 0.235064
vt 0.358558 0.225370
vt 0.425400 0.268569
vt 0.396253 0.253505
vt 0.555072 0.413131
vt 0.347326 0.238738
vt 0.658254 0.583582
vt 0.634049 0.526751
vt 0.475562 0.319835
vt 0.445713 0.282634
vt 0.606725 0.482055
vt 0.578051 0.443185
vt 0.650377 0.588668
vt 0.619703 0.530347
vt 0.465988 0.323527
vt 0.433141 0.302386
vt 0.590774 0.486857
vt 0.412133 0.287488
vt 0.564148 0.451578
vt 0.382751 0.270979
vt 0.541528 0.423191
vt 0.335710 0.252891
vt 0.521259 0.397389
vt 0.528058 0.434789
vt 0.368310 0.288312
vt 0.323793 0.267648
vt 0.506540 0.410499
vt 0.483335 0.385252
vt 0.499335 0.371047
vt 0.460365 0.362009
vt 0.643090 0.594285
vt 0.438729 0.339273
vt 0.457733 0.330875
vt 0.606679 0.535287
vt 0.417886 0.321301
vt 0.576522 0.493779
vt 0.397134 0.305908
vt 0.550824 0.461506
vt 0.422161 0.357602
vt 0.595025 0.541872
vt 0.401361 0.340179
vt 0.563613 0.502505
vt 0.380944 0.324493
vt 0.537995 0.472701
vt 0.353128 0.305958
vt 0.514706 0.447558
vt 0.311590 0.282916
vt 0.492078 0.424580
vt 0.467675 0.400639
vt 0.444141 0.378600
vt 0.636647 0.600716
vt 0.337525 0.324162
vt 0.299105 0.298665
vt 0.477972 0.439445
vt 0.452411 0.416913
vt 0.428119 0.396129
vt 0.631294 0.608149
vt 0.405409 0.376471
vt 0.584909 0.550240
vt 0.384425 0.359396
vt 0.551924 0.512747
vt 0.364211 0.343567
vt 0.525745 0.484916
vt 0.501665 0.461219
vt 0.388581 0.395708
vt 0.367468 0.379095
vt 0.541465 0.524259
vt 0.347366 0.363204
vt 0.514232 0.497918
vt 0.321815 0.343044
vt 0.489202 0.475537
vt 0.286279 0.314956
vt 0.464368 0.454861
vt 0.437577 0.433798
vt 0.412301 0.414273
vt 0.627197 0.616633
vt 0.576540 0.560467
vt 0.451532 0.470636
vt 0.423217 0.450944
vt 0.396849 0.432860
vt 0.624088 0.625406
vt 0.372484 0.415770
vt 0.569824 0.572120
vt 0.351104 0.399422
vt 0.532473 0.537022
vt 0.331131 0.383524
vt 0.503714 0.511576
vt 0.306314 0.362275
vt 0.477498 0.490249
vt 0.273354 0.331094
vt 0.565011 0.585335
vt 0.525065 0.550940
vt 0.315147 0.403770
vt 0.494421 0.525746
vt 0.291117 0.381431
vt 0.467027 0.505372
vt 0.260528 0.346955
vt 0.439799 0.486587
vt 0.409674 0.468248
vt 0.381828 0.451667
vt 0.622218 0.634867
vt 0.356496 0.435814
vt 0.334969 0.419740
vt 0.429725 0.502696
vt 0.397355 0.485506
vt 0.367307 0.470322
vt 0.621308 0.644691
vt 0.340512 0.455546
vt 0.561839 0.599936
vt 0.318784 0.439683
vt 0.519370 0.566106
vt 0.299214 0.423610
vt 0.486552 0.540415
vt 0.276048 0.400283
vt 0.458225 0.520990
vt 0.247743 0.362616
vt 0.282906 0.442744
vt 0.515278 0.582590
vt 0.480160 0.555590
vt 0.260826 0.418670
vt 0.451518 0.537305
vt 0.234989 0.378123
vt 0.422059 0.519183
vt 0.387021 0.502627
vt 0.344416 0.489060
vt 0.620994 0.654486
vt 0.323672 0.474549
vt 0.559634 0.615649
vt 0.301929 0.458886
vt 0.350480 0.503536
vt 0.621119 0.663985
vt 0.302989 0.493125
vt 0.283478 0.477198
vt 0.265779 0.461096
vt 0.475233 0.571300
vt 0.244996 0.436603
vt 0.415818 0.534650
vt 0.222292 0.393494
vt 0.455715 0.575320
vt 0.228452 0.454445
vt 0.199606 0.419026
vt 0.348158 0.504497
vt 0.332013 0.555703
vt 0.296724 0.525099
vt 0.620946 0.672539
vt 0.279707 0.510418
vt 0.263936 0.495001
vt 0.248021 0.479161
vt 0.278882 0.545159
vt 0.620818 0.679459
vt 0.261949 0.529782
vt 0.246432 0.514258
vt 0.231036 0.498052
vt 0.211038 0.472782
vt 0.058097 0.215100
vt 0.049372 0.192002
vt 0.054882 0.186867
vt 0.037848 0.101534
vt 0.035573 0.254472
vt 0.044037 0.199955
vt 0.130690 0.443087
vt 0.089759 0.426756
vt 0.110489 0.415605
vt 0.074758 0.390726
vt 0.101503 0.376382
vt 0.082618 0.344624
vt 0.064000 0.358948
vt 0.052578 0.329748
vt 0.037909 0.291453
vt 0.050681 0.310878
vt 0.038577 0.207823
vt 0.106716 0.458892
vt 0.031693 0.308375
vt 0.027298 0.274500
vt 0.035529 0.213192
vt 0.091420 0.467648
vt 0.076291 0.433283
vt 0.062610 0.396985
vt 0.052262 0.364302
vt 0.040911 0.336486
vt 0.062090 0.439696
vt 0.049647 0.402641
vt 0.040258 0.369023
vt 0.031434 0.339828
vt 0.024954 0.311444
vt 0.022878 0.277961
vt 0.032832 0.216917
vt 0.075975 0.476036
vt 0.017614 0.313383
vt 0.018184 0.279826
vt 0.030294 0.219271
vt 0.060221 0.483815
vt 0.047205 0.445762
vt 0.035946 0.407671
vt 0.027849 0.372959
vt 0.021409 0.342443
vt 0.021615 0.412022
vt 0.015047 0.376093
vt 0.010933 0.344263
vt 0.009807 0.314279
vt 0.013189 0.280346
vt 0.027768 0.220433
vt 0.044154 0.490723
vt 0.031713 0.451282
vt 0.007880 0.279695
vt 0.025096 0.220465
vt 0.027774 0.496573
vt 0.015703 0.456142
vt 0.006767 0.415664
vt 0.001925 0.378406
vt 0.000108 0.345210
vt 0.001642 0.314128
vt 0.341228 0.007288
vt 0.292801 0.017139
vt 0.295269 0.003899
vt 0.239062 0.010987
vt 0.240890 0.000108
vt 0.188400 0.010006
vt 0.188694 0.001734
vt 0.145604 0.016598
vt 0.144467 0.011210
vt 0.101852 0.035195
vt 0.100439 0.032769
vt 0.429023 0.013022
vt 0.425654 0.030082
vt 0.381945 0.026505
vt 0.385175 0.010080
vt 0.338272 0.022374
vt 0.102866 0.037770
vt 0.420651 0.047039
vt 0.377987 0.042601
vt 0.334746 0.037245
vt 0.289527 0.030384
vt 0.235229 0.021639
vt 0.186387 0.018106
vt 0.145846 0.022001
vt 0.229416 0.031940
vt 0.183054 0.025896
vt 0.145366 0.027345
vt 0.103467 0.040474
vt 0.414604 0.063884
vt 0.373523 0.058240
vt 0.330635 0.051715
vt 0.285304 0.043501
vt 0.408196 0.080481
vt 0.103616 0.043320
vt 0.368872 0.073266
vt 0.325883 0.065584
vt 0.279800 0.056427
vt 0.221626 0.041760
vt 0.178758 0.033194
vt 0.144206 0.032591
vt 0.212018 0.050984
vt 0.173874 0.039790
vt 0.142330 0.037731
vt 0.103307 0.046319
vt 0.402018 0.096756
vt 0.364329 0.087534
vt 0.320310 0.078654
vt 0.272383 0.069263
vt 0.102585 0.049464
vt 0.360101 0.100925
vt 0.313545 0.090572
vt 0.248794 0.086198
vt 0.210884 0.059130
vt 0.160718 0.042578
vt 0.396672 0.113305
vt 0.119193 0.054956
vt 0.085700 0.066722
vt 0.395251 0.131708
vt 0.366692 0.114965
vt 0.322023 0.106735
vt 0.247359 0.104280
vt 0.092408 0.077239
vt 0.073466 0.083030
vt 0.070591 0.096969
vt 0.296934 0.172606
vt 0.300781 0.193891
vt 0.268041 0.177096
vt 0.263080 0.157201
vt 0.224429 0.162853
vt 0.181589 0.134412
vt 0.141288 0.136485
vt 0.098088 0.105230
vt 0.071963 0.108844
vt 0.347854 0.205764
vt 0.329968 0.211158
vt 0.113849 0.127237
vt 0.127769 0.141278
vt 0.103256 0.133384
vt 0.073164 0.115835
vt 0.318856 0.223478
vt 0.289695 0.205579
vt 0.256779 0.187973
vt 0.219872 0.174252
vt 0.170885 0.156389
vt 0.247767 0.199546
vt 0.213918 0.185140
vt 0.173130 0.169701
vt 0.133541 0.153541
vt 0.105608 0.142106
vt 0.074932 0.122629
vt 0.307769 0.236510
vt 0.279102 0.217914
vt 0.108216 0.151693
vt 0.076628 0.129372
vt 0.296622 0.250222
vt 0.268831 0.230873
vt 0.239237 0.211372
vt 0.207089 0.196145
vt 0.172225 0.182036
vt 0.136719 0.165852
vt 0.231057 0.223245
vt 0.199608 0.207204
vt 0.169163 0.193913
vt 0.138058 0.178086
vt 0.110022 0.161510
vt 0.077960 0.136106
vt 0.285348 0.264602
vt 0.258703 0.244462
vt 0.110759 0.171309
vt 0.078866 0.142868
vt 0.273881 0.279648
vt 0.248555 0.258803
vt 0.217608 0.245783
vt 0.207593 0.236339
vt 0.164847 0.205600
vt 0.137512 0.189916
vt 0.195812 0.237348
vt 0.158743 0.217663
vt 0.135365 0.201378
vt 0.110371 0.180903
vt 0.079259 0.149578
vt 0.262134 0.295351
vt 0.237640 0.275662
vt 0.215975 0.256594
vt 0.822697 0.390919
vt 0.810522 0.367652
vt 0.835278 0.386850
vt 0.079441 0.156754
vt 0.225264 0.290953
vt 0.203235 0.260065
vt 0.835278 0.368666
vt 0.153412 0.230060
vt 0.132514 0.212598
vt 0.109332 0.190520
vt 0.250025 0.310951
vt 0.129263 0.223375
vt 0.107289 0.199277
vt 0.078766 0.163408
vt 0.238153 0.326098
vt 0.214318 0.304977
vt 0.188968 0.284408
vt 0.196028 0.253055
vt 0.167131 0.262232
vt 0.148141 0.241759
vt 0.203816 0.318648
vt 0.180642 0.296399
vt 0.160702 0.273904
vt 0.143222 0.252730
vt 0.126123 0.233770
vt 0.104402 0.207032
vt 0.077183 0.169461
vt 0.226540 0.340897
vt 0.138478 0.262985
vt 0.115671 0.246373
vt 0.095127 0.221405
vt 0.070746 0.178108
vt 0.215182 0.355436
vt 0.193533 0.331955
vt 0.171882 0.308326
vt 0.153845 0.285136
vt 0.162595 0.319908
vt 0.146464 0.296064
vt 0.133358 0.272138
vt 0.204111 0.369944
vt 0.183486 0.344855
vt 0.184939 0.394240
vt 0.170929 0.368366
vt 0.152703 0.330875
vt 0.133561 0.308737
vt 0.129321 0.281462
vt 0.144858 0.348353
vt 0.125466 0.321935
vt 0.060217 0.183735
vt 0.391819 0.182078
vt 0.382524 0.177266
vt 0.385918 0.172832
vt 0.328866 0.145525
vt 0.323956 0.141073
vt 0.329898 0.143330
vt 0.337315 0.146466
vt 0.335827 0.149342
vt 0.346139 0.150357
vt 0.344140 0.153897
vt 0.355887 0.155149
vt 0.353409 0.159241
vt 0.366236 0.160571
vt 0.363222 0.165133
vt 0.315999 0.138796
vt 0.313698 0.137648
vt 0.316171 0.138397
vt 0.376566 0.166393
vt 0.373126 0.171216
vt 0.319044 0.140357
vt 0.319418 0.139464
vt 0.323262 0.142565
vt 0.389598 0.167983
vt 0.324402 0.139482
vt 0.330630 0.141006
vt 0.338393 0.143427
vt 0.347632 0.146666
vt 0.357988 0.150796
vt 0.368855 0.155814
vt 0.316248 0.137969
vt 0.379800 0.161278
vt 0.319631 0.138520
vt 0.348691 0.142818
vt 0.359564 0.146352
vt 0.370993 0.150935
vt 0.316258 0.137530
vt 0.382721 0.155781
vt 0.319652 0.137550
vt 0.393040 0.162221
vt 0.324518 0.137836
vt 0.330981 0.138588
vt 0.339021 0.140275
vt 0.319540 0.136568
vt 0.324384 0.136167
vt 0.417450 0.142607
vt 0.330897 0.136156
vt 0.339224 0.136997
vt 0.349211 0.138986
vt 0.360624 0.141866
vt 0.372639 0.146019
vt 0.316169 0.137097
vt 0.384977 0.150400
vt 0.397289 0.154012
vt 0.349258 0.135069
vt 0.361172 0.137392
vt 0.373814 0.141101
vt 0.315994 0.136683
vt 0.386702 0.145191
vt 0.319241 0.135607
vt 0.399998 0.147816
vt 0.323966 0.134513
vt 0.330413 0.133741
vt 0.338908 0.133742
vt 0.401893 0.142370
vt 0.329538 0.131344
vt 0.338087 0.130527
vt 0.348824 0.131061
vt 0.361300 0.132928
vt 0.374549 0.136387
vt 0.315752 0.136292
vt 0.388005 0.139997
vt 0.318750 0.134703
vt 0.323210 0.132961
vt 0.374853 0.131818
vt 0.315431 0.135946
vt 0.388949 0.134706
vt 0.318052 0.133917
vt 0.322187 0.131497
vt 0.328236 0.129053
vt 0.336736 0.127428
vt 0.347876 0.127055
vt 0.361037 0.128438
vt 0.326548 0.126869
vt 0.334899 0.124429
vt 0.346358 0.123545
vt 0.360272 0.123731
vt 0.374844 0.127175
vt 0.315031 0.135679
vt 0.317229 0.133190
vt 0.320920 0.130155
vt 0.314584 0.135464
vt 0.316253 0.132620
vt 0.319389 0.129016
vt 0.324464 0.124857
vt 0.332472 0.121514
vt 0.344319 0.120074
vt 0.359232 0.119702
vt 0.329054 0.118454
vt 0.341437 0.116678
vt 0.357679 0.116073
vt 0.314091 0.135337
vt 0.315132 0.132298
vt 0.317583 0.128239
vt 0.321975 0.123238
vt 0.313916 0.132168
vt 0.315554 0.127815
vt 0.319209 0.122243
vt 0.324378 0.115229
vt 0.313575 0.135327
vt 0.320774 0.113650
vt 0.313049 0.135384
vt 0.312642 0.132290
vt 0.313307 0.127826
vt 0.316099 0.121715
vt 0.311305 0.132586
vt 0.310744 0.128292
vt 0.312475 0.122224
vt 0.312538 0.135535
vt 0.312071 0.135782
vt 0.310006 0.133141
vt 0.307656 0.129360
vt 0.304449 0.125165
vt 0.286464 0.126381
vt 0.305171 0.131068
vt 0.299505 0.127692
vt 0.311706 0.136146
vt 0.308990 0.134033
vt 0.311407 0.136560
vt 0.308270 0.135129
vt 0.303643 0.133109
vt 0.297075 0.130438
vt 0.307805 0.136329
vt 0.302905 0.135513
vt 0.296319 0.133807
vt 0.311238 0.137038
vt 0.311186 0.137542
vt 0.307744 0.137633
vt 0.302944 0.138204
vt 0.297318 0.138703
vt 0.300169 0.146342
vt 0.311251 0.138048
vt 0.308060 0.138915
vt 0.304004 0.141144
vt 0.311416 0.138528
vt 0.308517 0.140092
vt 0.305297 0.143454
vt 0.302256 0.149926
vt 0.300175 0.161385
vt 0.304495 0.151858
vt 0.303060 0.162153
vt 0.311673 0.138965
vt 0.309205 0.141115
vt 0.306653 0.145158
vt 0.312004 0.139340
vt 0.310031 0.141960
vt 0.308248 0.146348
vt 0.306839 0.153078
vt 0.306452 0.162287
vt 0.309703 0.172398
vt 0.309366 0.153806
vt 0.309836 0.162380
vt 0.313977 0.171653
vt 0.321080 0.180683
vt 0.333131 0.189144
vt 0.312397 0.139642
vt 0.310996 0.142586
vt 0.309852 0.147245
vt 0.312022 0.143011
vt 0.311591 0.147749
vt 0.311900 0.154143
vt 0.313367 0.162182
vt 0.317922 0.170870
vt 0.325105 0.179728
vt 0.312833 0.139864
vt 0.321750 0.169918
vt 0.329060 0.178418
vt 0.336998 0.187497
vt 0.313294 0.140004
vt 0.345034 0.196994
vt 0.313056 0.143282
vt 0.313377 0.147942
vt 0.314461 0.154120
vt 0.316815 0.161716
vt 0.313765 0.140055
vt 0.314114 0.143320
vt 0.349375 0.194088
vt 0.359321 0.200641
vt 0.315124 0.147884
vt 0.373513 0.202312
vt 0.316957 0.153829
vt 0.320153 0.160947
vt 0.325574 0.168643
vt 0.332911 0.176788
vt 0.341047 0.185351
vt 0.323409 0.159775
vt 0.329233 0.167044
vt 0.336706 0.174768
vt 0.345010 0.182862
vt 0.314230 0.140021
vt 0.353661 0.190918
vt 0.315141 0.143181
vt 0.363531 0.197208
vt 0.316815 0.147561
vt 0.319395 0.153201
vt 0.367352 0.193769
vt 0.316117 0.142912
vt 0.318415 0.146955
vt 0.376917 0.198971
vt 0.321729 0.152195
vt 0.326395 0.158359
vt 0.332725 0.165100
vt 0.340466 0.172354
vt 0.348932 0.180029
vt 0.314674 0.139906
vt 0.357819 0.187541
vt 0.344057 0.169601
vt 0.352797 0.176811
vt 0.315088 0.139731
vt 0.361876 0.183873
vt 0.317007 0.142439
vt 0.371198 0.190021
vt 0.319882 0.146141
vt 0.380031 0.195629
vt 0.323890 0.150952
vt 0.329202 0.156510
vt 0.335991 0.162835
vt 0.374980 0.186055
vt 0.383318 0.191871
vt 0.325813 0.149356
vt 0.331735 0.154422
vt 0.339037 0.160139
vt 0.347444 0.166472
vt 0.356502 0.173233
vt 0.315450 0.139472
vt 0.365822 0.179910
vt 0.317818 0.141869
vt 0.321200 0.145133
vt 0.350567 0.163048
vt 0.359967 0.169365
vt 0.315752 0.139154
vt 0.369582 0.175680
vt 0.318516 0.141177
vt 0.378820 0.181784
vt 0.322329 0.143923
vt 0.327468 0.147529
vt 0.333951 0.152006
vt 0.341758 0.157173
vt 0.169358 0.440553
vt 0.172720 0.437441
vt 0.134880 0.384375
vt 0.132442 0.377903
vt 0.136765 0.382740
vt 0.141966 0.388959
vt 0.139527 0.391127
vt 0.147942 0.396586
vt 0.144990 0.399191
vt 0.154445 0.405482
vt 0.151099 0.408436
vt 0.161064 0.415398
vt 0.157498 0.418575
vt 0.126403 0.372106
vt 0.124925 0.369934
vt 0.126753 0.371794
vt 0.167233 0.426146
vt 0.163648 0.429371
vt 0.129156 0.374320
vt 0.128367 0.374982
vt 0.131140 0.379028
vt 0.176213 0.433850
vt 0.133589 0.376599
vt 0.138408 0.380834
vt 0.144182 0.386520
vt 0.150683 0.393682
vt 0.157590 0.402230
vt 0.164493 0.411950
vt 0.127045 0.371422
vt 0.170783 0.422645
vt 0.129801 0.373511
vt 0.153184 0.390470
vt 0.160532 0.398686
vt 0.167768 0.408232
vt 0.127282 0.371009
vt 0.174324 0.418844
vt 0.130332 0.372607
vt 0.179980 0.429788
vt 0.134478 0.375101
vt 0.139826 0.378714
vt 0.146117 0.383816
vt 0.130726 0.371619
vt 0.135187 0.373478
vt 0.184132 0.425355
vt 0.140918 0.376401
vt 0.147800 0.380846
vt 0.155374 0.386995
vt 0.163165 0.394910
vt 0.170900 0.404206
vt 0.127430 0.370555
vt 0.177810 0.414781
vt 0.165631 0.390769
vt 0.173728 0.400020
vt 0.127495 0.370080
vt 0.181079 0.410537
vt 0.130960 0.370567
vt 0.188115 0.421109
vt 0.135658 0.371742
vt 0.141752 0.373910
vt 0.149055 0.377727
vt 0.157234 0.383264
vt 0.142240 0.371284
vt 0.149979 0.374416
vt 0.158809 0.379233
vt 0.167768 0.386485
vt 0.176449 0.395543
vt 0.127488 0.369595
vt 0.130976 0.369487
vt 0.135830 0.369937
vt 0.169598 0.381995
vt 0.127395 0.369114
vt 0.130808 0.368410
vt 0.135772 0.368073
vt 0.142405 0.368538
vt 0.150557 0.370992
vt 0.160002 0.375102
vt 0.142134 0.365807
vt 0.150758 0.367389
vt 0.160854 0.370770
vt 0.127197 0.368667
vt 0.130504 0.367333
vt 0.135399 0.366228
vt 0.126931 0.368247
vt 0.129953 0.366363
vt 0.134748 0.364396
vt 0.141537 0.362961
vt 0.150520 0.363868
vt 0.161087 0.366708
vt 0.140488 0.360238
vt 0.149880 0.360187
vt 0.160698 0.362609
vt 0.126572 0.367903
vt 0.129261 0.365439
vt 0.133779 0.362700
vt 0.128347 0.364709
vt 0.132427 0.361260
vt 0.138986 0.357468
vt 0.148916 0.356427
vt 0.126144 0.367636
vt 0.125667 0.367432
vt 0.127266 0.364168
vt 0.130714 0.360123
vt 0.136914 0.355228
vt 0.126052 0.363828
vt 0.128630 0.359215
vt 0.131969 0.353101
vt 0.125147 0.367361
vt 0.124605 0.367369
vt 0.124753 0.363766
vt 0.126215 0.358771
vt 0.123388 0.358572
vt 0.119031 0.350891
vt 0.124077 0.367528
vt 0.123434 0.364022
vt 0.123581 0.367801
vt 0.122162 0.364648
vt 0.120970 0.359412
vt 0.118668 0.361584
vt 0.123119 0.368153
vt 0.120931 0.365681
vt 0.122781 0.368633
vt 0.119836 0.367090
vt 0.115480 0.366920
vt 0.114146 0.370130
vt 0.122565 0.369179
vt 0.119230 0.368737
vt 0.122425 0.369730
vt 0.119034 0.370222
vt 0.114006 0.372514
vt 0.106708 0.376942
vt 0.108677 0.379536
vt 0.122431 0.370286
vt 0.119058 0.371535
vt 0.114403 0.374562
vt 0.122544 0.370810
vt 0.119437 0.372688
vt 0.115395 0.376300
vt 0.110975 0.381949
vt 0.112259 0.394445
vt 0.122753 0.371284
vt 0.120020 0.373686
vt 0.116658 0.377806
vt 0.113360 0.384179
vt 0.120715 0.374557
vt 0.118065 0.379101
vt 0.115771 0.385892
vt 0.115338 0.395784
vt 0.115552 0.408347
vt 0.123020 0.371707
vt 0.119412 0.408428
vt 0.123624 0.420979
vt 0.123357 0.372058
vt 0.121543 0.375257
vt 0.119631 0.380094
vt 0.118314 0.387024
vt 0.118429 0.396590
vt 0.122502 0.375735
vt 0.121320 0.380748
vt 0.120816 0.387733
vt 0.121524 0.397032
vt 0.123575 0.408104
vt 0.127968 0.420094
vt 0.133692 0.433027
vt 0.123749 0.372328
vt 0.127574 0.407425
vt 0.132165 0.418869
vt 0.137940 0.431075
vt 0.124191 0.372496
vt 0.144117 0.443406
vt 0.123506 0.376038
vt 0.150431 0.455668
vt 0.123045 0.381125
vt 0.123282 0.388096
vt 0.124749 0.396970
vt 0.154493 0.452279
vt 0.124525 0.376192
vt 0.124771 0.381240
vt 0.125802 0.387980
vt 0.127932 0.396486
vt 0.131349 0.406435
vt 0.136227 0.417345
vt 0.142077 0.428958
vt 0.124648 0.372593
vt 0.148331 0.440730
vt 0.134984 0.405118
vt 0.140159 0.415536
vt 0.146100 0.426665
vt 0.125111 0.372601
vt 0.152340 0.438017
vt 0.125554 0.376126
vt 0.158549 0.449050
vt 0.126482 0.381044
vt 0.128238 0.387550
vt 0.131030 0.395658
vt 0.128134 0.380635
vt 0.130584 0.386805
vt 0.134013 0.394484
vt 0.138505 0.403444
vt 0.143957 0.413450
vt 0.150006 0.424191
vt 0.125568 0.372510
vt 0.156233 0.435225
vt 0.126551 0.375900
vt 0.162362 0.446085
vt 0.147595 0.411106
vt 0.153815 0.421496
vt 0.126005 0.372352
vt 0.159994 0.432369
vt 0.127501 0.375531
vt 0.165945 0.443352
vt 0.129700 0.379955
vt 0.132808 0.385739
vt 0.136858 0.392941
vt 0.141837 0.401481
vt 0.111576 0.077452
vt 0.118838 0.067829
vt 0.122025 0.074032
vt 0.119177 0.078571
vt 0.126881 0.077450
vt 0.125479 0.079916
vt 0.131066 0.079856
vt 0.130361 0.081169
vt 0.134357 0.081687
vt 0.134061 0.082252
vt 0.137056 0.083202
vt 0.124904 0.063720
vt 0.126031 0.070623
vt 0.128959 0.075373
vt 0.132092 0.078714
vt 0.134776 0.081188
vt 0.133368 0.077805
vt 0.135298 0.080779
vt 0.137081 0.054370
vt 0.133667 0.061567
vt 0.130720 0.068439
vt 0.131499 0.073828
vt 0.139624 0.060750
vt 0.135509 0.067340
vt 0.134257 0.072855
vt 0.134809 0.077168
vt 0.135896 0.080477
vt 0.147086 0.053568
vt 0.136541 0.080291
vt 0.152682 0.054499
vt 0.144905 0.061037
vt 0.139656 0.067104
vt 0.137008 0.072444
vt 0.136325 0.076822
vt 0.149117 0.062159
vt 0.143250 0.067581
vt 0.139585 0.072529
vt 0.137835 0.076760
vt 0.137203 0.080227
vt 0.188569 0.055265
vt 0.156926 0.056501
vt 0.137854 0.080282
vt 0.172746 0.056133
vt 0.161365 0.059592
vt 0.152737 0.063924
vt 0.146344 0.068616
vt 0.141910 0.073042
vt 0.139270 0.076963
vt 0.148994 0.070108
vt 0.143946 0.073915
vt 0.140578 0.077402
vt 0.138466 0.080450
vt 0.191097 0.060037
vt 0.176531 0.060440
vt 0.164937 0.062854
vt 0.155895 0.066255
vt 0.192916 0.064958
vt 0.139012 0.080741
vt 0.179067 0.064914
vt 0.167674 0.066470
vt 0.158422 0.068988
vt 0.151148 0.072022
vt 0.145633 0.075143
vt 0.141702 0.078090
vt 0.160383 0.071982
vt 0.152860 0.074191
vt 0.146994 0.076592
vt 0.142631 0.078941
vt 0.139478 0.081118
vt 0.193575 0.070177
vt 0.180756 0.069597
vt 0.169686 0.070329
vt 0.139850 0.081567
vt 0.193340 0.075748
vt 0.181701 0.074448
vt 0.171019 0.074362
vt 0.161775 0.075165
vt 0.154122 0.076549
vt 0.148023 0.078207
vt 0.143351 0.079918
vt 0.808775 0.391135
vt 0.808775 0.391511
vt 0.808674 0.391178
vt 0.204797 0.083525
vt 0.154932 0.079034
vt 0.148714 0.079938
vt 0.143853 0.080987
vt 0.808677 0.391538
vt 0.140118 0.082068
vt 0.193065 0.081248
vt 0.182031 0.079355
vt 0.171712 0.078493
vt 0.162605 0.078468
vt 0.181771 0.084233
vt 0.171793 0.082645
vt 0.162886 0.081823
vt 0.155293 0.081588
vt 0.149067 0.081738
vt 0.144132 0.082112
vt 0.140277 0.082606
vt 0.192385 0.086634
vt 0.149084 0.083560
vt 0.144187 0.083260
vt 0.140324 0.083160
vt 0.191192 0.092005
vt 0.180948 0.089016
vt 0.171285 0.086743
vt 0.162631 0.085165
vt 0.155212 0.084154
vt 0.179635 0.093581
vt 0.170217 0.090712
vt 0.161858 0.088435
vt 0.154698 0.086678
vt 0.259957 0.119388
vt 0.248861 0.118447
vt 0.148773 0.085360
vt 0.225808 0.109040
vt 0.144020 0.084399
vt 0.200407 0.109529
vt 0.140257 0.083713
vt 0.189912 0.097120
vt 0.148142 0.087094
vt 0.143639 0.085495
vt 0.229092 0.116903
vt 0.140081 0.084247
vt 0.188167 0.101676
vt 0.177798 0.097843
vt 0.168602 0.094497
vt 0.160583 0.091579
vt 0.153767 0.089111
vt 0.263098 0.128100
vt 0.251564 0.129303
vt 0.158798 0.094549
vt 0.152442 0.091410
vt 0.264729 0.134632
vt 0.147230 0.088730
vt 0.231162 0.123515
vt 0.143077 0.086529
vt 0.139810 0.084748
vt 0.185766 0.105629
vt 0.175274 0.101792
vt 0.166368 0.098059
vt 0.230898 0.128509
vt 0.139443 0.085197
vt 0.182604 0.109099
vt 0.171967 0.105464
vt 0.163504 0.101387
vt 0.156511 0.097305
vt 0.150726 0.093524
vt 0.254082 0.139141
vt 0.146031 0.090224
vt 0.142324 0.087464
vt 0.153752 0.099804
vt 0.148649 0.095408
vt 0.265163 0.139867
vt 0.144568 0.091533
vt 0.229025 0.132240
vt 0.141401 0.088273
vt 0.184190 0.120532
vt 0.138993 0.085579
vt 0.177718 0.112762
vt 0.167810 0.108969
vt 0.160029 0.104471
vt 0.138474 0.085882
vt 0.172706 0.116464
vt 0.163111 0.112341
vt 0.156038 0.107276
vt 0.150575 0.101990
vt 0.146251 0.097010
vt 0.142874 0.092620
vt 0.228025 0.136381
vt 0.140331 0.088928
vt 0.143584 0.098278
vt 0.140986 0.093446
vt 0.226291 0.139777
vt 0.139142 0.089405
vt 0.137901 0.086093
vt 0.167211 0.120152
vt 0.157964 0.115479
vt 0.151648 0.109720
vt 0.147060 0.103798
vt 0.137293 0.086204
vt 0.152514 0.118343
vt 0.147004 0.111738
vt 0.143303 0.105169
vt 0.140712 0.099164
vt 0.138950 0.093975
vt 0.228408 0.144016
vt 0.137866 0.089683
vt 0.161066 0.123919
vt 0.136816 0.094178
vt 0.136539 0.089745
vt 0.218681 0.140496
vt 0.183615 0.127469
vt 0.136670 0.086209
vt 0.154627 0.127805
vt 0.147006 0.120866
vt 0.142261 0.113275
vt 0.139408 0.106057
vt 0.137704 0.099629
vt 0.141582 0.122943
vt 0.137517 0.114283
vt 0.135456 0.106428
vt 0.134628 0.099642
vt 0.134638 0.094032
vt 0.135202 0.089581
vt 0.136054 0.086105
vt 0.131582 0.099150
vt 0.132509 0.093486
vt 0.133923 0.089152
vt 0.135477 0.085877
vt 0.136368 0.124194
vt 0.132850 0.114654
vt 0.131539 0.106228
vt 0.131286 0.124519
vt 0.128129 0.114449
vt 0.127655 0.105443
vt 0.128592 0.098153
vt 0.130468 0.092566
vt 0.132733 0.088497
vt 0.134954 0.085547
vt 0.128588 0.091265
vt 0.131682 0.087625
vt 0.134509 0.085125
vt 0.121150 0.118828
vt 0.123490 0.113723
vt 0.123808 0.104021
vt 0.125698 0.096621
vt 0.119766 0.101907
vt 0.123018 0.094484
vt 0.126957 0.089577
vt 0.130825 0.086555
vt 0.134162 0.084624
vt 0.125684 0.087513
vt 0.130219 0.085318
vt 0.133932 0.084062
vt 0.113505 0.109578
vt 0.116045 0.098862
vt 0.120690 0.091630
vt 0.106490 0.104976
vt 0.112994 0.094406
vt 0.118893 0.087886
vt 0.124921 0.085120
vt 0.129918 0.083963
vt 0.133835 0.083462
vt 0.129961 0.082554
vt 0.133878 0.082849
vt 0.109928 0.086805
vt 0.118240 0.083332
vt 0.124826 0.082520
vt 0.060971 0.229204
vt 0.068981 0.235815
vt 0.063218 0.238029
vt 0.069383 0.243559
vt 0.065622 0.245037
vt 0.070129 0.249682
vt 0.067854 0.250623
vt 0.070993 0.254401
vt 0.069740 0.254944
vt 0.071812 0.258006
vt 0.071263 0.258248
vt 0.072544 0.260946
vt 0.068769 0.226019
vt 0.067910 0.212056
vt 0.079287 0.227523
vt 0.075482 0.235911
vt 0.073387 0.243271
vt 0.072521 0.249364
vt 0.072319 0.254171
vt 0.072394 0.257891
vt 0.073649 0.254262
vt 0.072982 0.257908
vt 0.088760 0.232621
vt 0.081592 0.238172
vt 0.077253 0.244158
vt 0.074885 0.249675
vt 0.086355 0.241604
vt 0.080637 0.245949
vt 0.077078 0.250547
vt 0.074919 0.254658
vt 0.073551 0.258053
vt 0.094748 0.238760
vt 0.074078 0.258317
vt 0.098723 0.245073
vt 0.089812 0.245539
vt 0.083396 0.248333
vt 0.078998 0.251873
vt 0.076072 0.255324
vt 0.092150 0.249653
vt 0.085514 0.251087
vt 0.080581 0.253538
vt 0.077065 0.256214
vt 0.074542 0.258686
vt 0.110314 0.255154
vt 0.100414 0.250307
vt 0.074927 0.259141
vt 0.101618 0.255193
vt 0.093681 0.253818
vt 0.087034 0.254054
vt 0.081799 0.255435
vt 0.077864 0.257275
vt 0.087992 0.257117
vt 0.082640 0.257473
vt 0.078452 0.258456
vt 0.075218 0.259662
vt 0.118509 0.271397
vt 0.110264 0.264524
vt 0.102044 0.260404
vt 0.094531 0.257912
vt 0.117334 0.276420
vt 0.075391 0.260237
vt 0.109551 0.269854
vt 0.101841 0.265134
vt 0.094701 0.261934
vt 0.088376 0.260207
vt 0.083054 0.259603
vt 0.078771 0.259729
vt 0.094319 0.265749
vt 0.088279 0.263183
vt 0.083108 0.261700
vt 0.078865 0.261013
vt 0.128220 0.298099
vt 0.122498 0.288918
vt 0.075457 0.260830
vt 0.115447 0.281446
vt 0.108238 0.274825
vt 0.101053 0.269619
vt 0.075418 0.261421
vt 0.113176 0.286222
vt 0.106409 0.279485
vt 0.099721 0.273826
vt 0.093425 0.269324
vt 0.087741 0.265994
vt 0.082825 0.263709
vt 0.125235 0.302555
vt 0.078741 0.262266
vt 0.119658 0.293931
vt 0.086803 0.268594
vt 0.082233 0.265584
vt 0.121721 0.306815
vt 0.078412 0.263451
vt 0.116422 0.298561
vt 0.075279 0.261989
vt 0.110403 0.290796
vt 0.104081 0.283832
vt 0.097887 0.277722
vt 0.092065 0.272622
vt 0.101280 0.287833
vt 0.095592 0.281271
vt 0.090284 0.275606
vt 0.085507 0.270945
vt 0.081364 0.267287
vt 0.117886 0.310960
vt 0.077896 0.264536
vt 0.112773 0.302912
vt 0.075044 0.262515
vt 0.107154 0.295080
vt 0.118294 0.322135
vt 0.113650 0.314863
vt 0.080249 0.268782
vt 0.077214 0.265493
vt 0.108739 0.306955
vt 0.074724 0.262983
vt 0.103459 0.299018
vt 0.098038 0.291448
vt 0.092881 0.284434
vt 0.088129 0.278241
vt 0.083895 0.273012
vt 0.094404 0.294627
vt 0.089806 0.287171
vt 0.085651 0.280493
vt 0.082012 0.274762
vt 0.109548 0.329819
vt 0.078926 0.270042
vt 0.109164 0.318709
vt 0.076388 0.266297
vt 0.104337 0.310706
vt 0.074330 0.263377
vt 0.099350 0.302570
vt 0.077430 0.271041
vt 0.075445 0.266928
vt 0.099559 0.314139
vt 0.073874 0.263686
vt 0.094849 0.305690
vt 0.090448 0.297321
vt 0.086432 0.289446
vt 0.082905 0.282334
vt 0.079906 0.276171
vt 0.104478 0.322346
vt 0.079945 0.283750
vt 0.077630 0.277232
vt 0.062972 0.325491
vt 0.075811 0.271784
vt 0.099161 0.325567
vt 0.074421 0.267392
vt 0.094458 0.317106
vt 0.073376 0.263907
vt 0.090099 0.308299
vt 0.086226 0.299513
vt 0.082808 0.291242
vt 0.093739 0.328377
vt 0.089230 0.319534
vt 0.072848 0.264026
vt 0.085167 0.310354
vt 0.081787 0.301183
vt 0.078988 0.292537
vt 0.076820 0.284711
vt 0.075221 0.277910
vt 0.098209 0.336386
vt 0.074093 0.272230
vt 0.073334 0.267655
vt 0.073586 0.285192
vt 0.072730 0.278184
vt 0.072317 0.272366
vt 0.088082 0.330710
vt 0.072213 0.267709
vt 0.083942 0.321473
vt 0.072307 0.264038
vt 0.080135 0.311873
vt 0.077207 0.302299
vt 0.075034 0.293298
vt 0.071770 0.263942
vt 0.078765 0.322993
vt 0.075070 0.312875
vt 0.072553 0.302853
vt 0.071011 0.293509
vt 0.070302 0.285173
vt 0.070209 0.278039
vt 0.070529 0.272180
vt 0.082821 0.332869
vt 0.071091 0.267547
vt 0.067712 0.277461
vt 0.068774 0.271665
vt 0.078039 0.334483
vt 0.070002 0.267168
vt 0.073664 0.324086
vt 0.071256 0.263739
vt 0.069990 0.313377
vt 0.067879 0.302847
vt 0.066982 0.293161
vt 0.067029 0.284642
vt 0.070782 0.263434
vt 0.063240 0.302288
vt 0.063008 0.292246
vt 0.063828 0.283588
vt 0.065295 0.276442
vt 0.067098 0.270816
vt 0.068979 0.266574
vt 0.068418 0.324845
vt 0.064948 0.313416
vt 0.065552 0.269634
vt 0.068059 0.265772
vt 0.070368 0.263035
vt 0.060080 0.313033
vt 0.058684 0.301177
vt 0.059150 0.290759
vt 0.060765 0.282000
vt 0.063019 0.274972
vt 0.054234 0.299498
vt 0.055469 0.288683
vt 0.057906 0.279865
vt 0.060948 0.273042
vt 0.064190 0.268119
vt 0.067278 0.264776
vt 0.070029 0.262553
vt 0.055278 0.312328
vt 0.059230 0.270583
vt 0.063142 0.266254
vt 0.066721 0.263588
vt 0.069802 0.261996
vt 0.049870 0.296877
vt 0.052068 0.285841
vt 0.055397 0.277063
vt 0.045332 0.293249
vt 0.049192 0.282396
vt 0.053275 0.273592
vt 0.057918 0.267629
vt 0.062422 0.264101
vt 0.066381 0.262270
vt 0.069679 0.261395
vt 0.062099 0.261710
vt 0.066287 0.260867
vt 0.069669 0.260771
vt 0.046564 0.278235
vt 0.051739 0.269349
vt 0.057118 0.264161
vt 0.044980 0.272179
vt 0.050889 0.263824
vt 0.056997 0.260211
vt 0.062243 0.259167
vt 0.066462 0.259439
vt 0.069777 0.260152
vt 0.062907 0.256603
vt 0.066915 0.258059
vt 0.070000 0.259564
vt 0.044014 0.261234
vt 0.051324 0.257309
vt 0.057740 0.255917
vt 0.045743 0.251571
vt 0.053487 0.250110
vt 0.059490 0.251579
vt 0.064109 0.254195
vt 0.067636 0.256803
vt 0.070331 0.259035
vt 0.068594 0.255744
vt 0.070759 0.258590
vt 0.053179 0.238027
vt 0.057937 0.242856
vt 0.062246 0.247756
vt 0.065799 0.252148
vt 0.989218 0.171049
vt 0.918879 0.176325
vt 0.942755 0.168644
vt 0.847986 0.045130
vt 0.872450 0.043479
vt 0.859542 0.050259
vt 0.808674 0.050491
vt 0.821695 0.100895
vt 0.808674 0.158981
vt 0.903598 0.000108
vt 0.930414 0.032707
vt 0.916373 0.027539
vt 0.836594 0.150988
vt 0.850073 0.162835
vt 0.861767 0.036752
vt 0.901842 0.179793
vt 0.827889 0.068795
vt 0.823146 0.083995
vt 0.944491 0.041047
vt 0.827204 0.136125
vt 0.895771 0.025990
vt 0.875632 0.030472
vt 0.999892 0.064947
vt 0.982018 0.108587
vt 0.982092 0.094625
vt 0.974683 0.071159
vt 0.889163 0.206422
vt 0.884126 0.178200
vt 0.836349 0.055688
vt 0.957366 0.050630
vt 0.968641 0.147952
vt 0.822538 0.119073
vt 0.979568 0.123750
vt 0.866510 0.172041
vt 0.900361 0.037955
vt 0.895442 0.048627
vt 0.882388 0.050596
vt 0.920940 0.165415
vt 0.886306 0.039382
vt 0.893048 0.167173
vt 0.907371 0.167505
vt 0.878861 0.164332
vt 0.913704 0.039200
vt 0.865325 0.158851
vt 0.853045 0.150719
vt 0.926022 0.042919
vt 0.842784 0.140255
vt 0.937408 0.048882
vt 0.835364 0.127929
vt 0.970500 0.106201
vt 0.947627 0.056674
vt 0.831437 0.114518
vt 0.969361 0.116533
vt 0.956208 0.065766
vt 0.831013 0.100734
vt 0.966380 0.126627
vt 0.967061 0.085079
vt 0.962697 0.075223
vt 0.833665 0.086649
vt 0.954424 0.145725
vt 0.961353 0.136697
vt 0.969743 0.095707
vt 0.839356 0.072422
vt 0.944950 0.154080
vt 0.848228 0.059920
vt 0.933752 0.160827
vt 0.931799 0.059759
vt 0.930418 0.074654
vt 0.920792 0.053526
vt 0.898748 0.155182
vt 0.907555 0.155166
vt 0.908482 0.049691
vt 0.889870 0.153807
vt 0.881118 0.150977
vt 0.872691 0.146614
vt 0.956343 0.103966
vt 0.941000 0.067860
vt 0.864818 0.140573
vt 0.955956 0.111501
vt 0.857457 0.132354
vt 0.951988 0.124942
vt 0.954406 0.118519
vt 0.948073 0.077112
vt 0.851061 0.121404
vt 0.948448 0.131270
vt 0.952792 0.086531
vt 0.846735 0.107042
vt 0.943841 0.137258
vt 0.955419 0.095610
vt 0.846547 0.090870
vt 0.938189 0.142718
vt 0.851125 0.075974
vt 0.931590 0.147434
vt 0.859442 0.064096
vt 0.924167 0.151193
vt 0.870163 0.055701
vt 0.916091 0.153815
vt 0.938333 0.114971
vt 0.924675 0.106938
vt 0.939477 0.111338
vt 0.879461 0.139089
vt 0.889579 0.142579
vt 0.940809 0.104043
vt 0.934525 0.079916
vt 0.868649 0.131838
vt 0.940253 0.107732
vt 0.937503 0.085308
vt 0.939461 0.090566
vt 0.858745 0.119542
vt 0.936811 0.118650
vt 0.940554 0.095496
vt 0.854126 0.104351
vt 0.934825 0.122396
vt 0.940951 0.099989
vt 0.856427 0.087420
vt 0.932256 0.126228
vt 0.865401 0.073620
vt 0.928958 0.130128
vt 0.877558 0.065168
vt 0.924807 0.133973
vt 0.889924 0.061419
vt 0.919734 0.137539
vt 0.901047 0.060946
vt 0.913717 0.140538
vt 0.910543 0.062597
vt 0.906719 0.142655
vt 0.918512 0.065690
vt 0.898686 0.143510
vt 0.925105 0.069814
vt 0.903527 0.073557
vt 0.895855 0.081569
vt 0.897857 0.072393
vt 0.923340 0.091595
vt 0.921616 0.087884
vt 0.864316 0.101057
vt 0.866009 0.111298
vt 0.923626 0.111002
vt 0.924481 0.095379
vt 0.866051 0.091260
vt 0.921967 0.114991
vt 0.925077 0.099185
vt 0.870720 0.083137
vt 0.919634 0.118836
vt 0.877254 0.077306
vt 0.916594 0.122432
vt 0.884434 0.073821
vt 0.912875 0.125619
vt 0.891450 0.072340
vt 0.908577 0.128234
vt 0.903804 0.130135
vt 0.898696 0.131240
vt 0.908470 0.075501
vt 0.893313 0.131435
vt 0.912727 0.078030
vt 0.887627 0.130567
vt 0.916328 0.081003
vt 0.881636 0.128399
vt 0.925159 0.102997
vt 0.919284 0.084320
vt 0.875544 0.124549
vt 0.869953 0.118748
vt 0.907740 0.088570
vt 0.896171 0.092792
vt 0.905886 0.086639
vt 0.893893 0.121830
vt 0.897214 0.121301
vt 0.899901 0.082853
vt 0.890323 0.121735
vt 0.903209 0.084600
vt 0.885493 0.120646
vt 0.881348 0.118639
vt 0.912148 0.100033
vt 0.877171 0.115097
vt 0.911996 0.104693
vt 0.912170 0.102362
vt 0.909235 0.090656
vt 0.873385 0.109252
vt 0.911562 0.107075
vt 0.910482 0.093024
vt 0.871802 0.101778
vt 0.910826 0.109470
vt 0.911317 0.095283
vt 0.909789 0.111719
vt 0.911873 0.097662
vt 0.873211 0.093835
vt 0.908279 0.114081
vt 0.877094 0.087788
vt 0.906249 0.116372
vt 0.883092 0.083370
vt 0.903616 0.118500
vt 0.887916 0.081616
vt 0.900983 0.119978
vt 0.892173 0.081167
vt 0.881949 0.098515
vt 0.889136 0.100974
vt 0.888951 0.101563
vt 0.885084 0.109103
vt 0.886917 0.110309
vt 0.901223 0.100425
vt 0.897528 0.093774
vt 0.883282 0.107221
vt 0.901147 0.103563
vt 0.901303 0.101994
vt 0.899624 0.096107
vt 0.898680 0.094902
vt 0.882125 0.104998
vt 0.881498 0.101992
vt 0.900762 0.105053
vt 0.900918 0.098938
vt 0.900390 0.097510
vt 0.900114 0.106451
vt 0.898112 0.108965
vt 0.899199 0.107820
vt 0.885191 0.093706
vt 0.883424 0.095550
vt 0.896855 0.109910
vt 0.889801 0.091679
vt 0.887816 0.092228
vt 0.893826 0.111182
vt 0.895443 0.110625
vt 0.893223 0.091679
vt 0.891632 0.091551
vt 0.890428 0.111365
vt 0.892215 0.111388
vt 0.894744 0.092107
vt 0.888572 0.111023
vt 0.889344 0.103185
vt 0.890849 0.099826
vt 0.893450 0.101542
vt 0.892760 0.103775
vt 0.893001 0.103526
vt 0.889461 0.100455
vt 0.892469 0.103979
vt 0.889871 0.100021
vt 0.892143 0.104136
vt 0.891779 0.104236
vt 0.890363 0.099879
vt 0.891385 0.104267
vt 0.890969 0.104228
vt 0.891351 0.099817
vt 0.890544 0.104107
vt 0.891818 0.099891
vt 0.890119 0.103888
vt 0.892236 0.100042
vt 0.889712 0.103589
vt 0.893517 0.101904
vt 0.892589 0.100266
vt 0.893513 0.102261
vt 0.892913 0.100537
vt 0.889094 0.102713
vt 0.893441 0.102603
vt 0.893166 0.100848
vt 0.888948 0.102162
vt 0.893183 0.103239
vt 0.893306 0.102922
vt 0.893344 0.101187
vt 0.635946 0.342965
vt 0.632531 0.359009
vt 0.627039 0.350447
vt 0.640023 0.364675
vt 0.662256 0.399454
vt 0.614644 0.326892
vt 0.618380 0.324121
vt 0.472993 0.333790
vt 0.481568 0.330411
vt 0.489571 0.323235
vt 0.644403 0.359407
vt 0.411607 0.643054
vt 0.446473 0.676204
vt 0.406163 0.647722
vt 0.367186 0.620633
vt 0.359964 0.613959
vt 0.369375 0.617776
vt 0.412536 0.641358
vt 0.403825 0.636083
vt 0.396305 0.644414
vt 0.361336 0.520120
vt 0.233333 0.647463
vt 0.242251 0.642260
vt 0.808674 0.360020
vt 0.808674 0.206639
vt 0.820350 0.358766
vt 0.359402 0.534364
vt 0.000000 0.000000
vt 0.808674 0.381848
vt 0.826737 0.360237
vt 0.247243 0.660848
s 0
usemtl Material.011
f 362/1/1 12/2/1 13/3/1
f 363/4/2 13/3/2 14/5/2
f 1/6/3 7/7/3 8/8/3
f 2/9/4 8/8/4 9/10/4
f 2/9/5 10/11/5 3/12/5
f 361/13/6 10/11/6 11/14/6
f 4/15/7 11/14/7 12/2/7
f 12/2/8 19/16/8 20/17/8
f 6/18/9 5/19/9 17/20/9
f 13/3/10 20/17/10 21/21/10
f 14/5/11 21/21/11 22/22/11
f 9/10/12 8/8/12 7/7/12
f 5/19/13 60/23/13 15/24/13
f 5/19/14 15/24/14 16/25/14
f 10/11/15 19/16/15 11/14/15
f 7/26/16 28/27/16 29/28/16
f 7/26/17 29/28/17 30/29/17
f 15/24/18 60/23/18 23/30/18
f 9/31/19 7/26/19 30/29/19
f 15/24/20 24/32/20 16/25/20
f 9/10/21 31/33/21 19/16/21
f 16/25/22 25/34/22 5/19/22
f 20/17/23 31/33/23 32/35/23
f 17/20/24 25/34/24 26/36/24
f 21/21/25 32/35/25 33/37/25
f 17/20/26 27/38/26 18/39/26
f 22/22/27 33/37/27 34/40/27
f 18/39/28 28/27/28 7/26/28
f 32/35/29 43/41/29 44/42/29
f 25/34/30 38/43/30 26/36/30
f 33/37/31 44/42/31 45/44/31
f 26/36/32 39/45/32 27/38/32
f 34/40/33 45/44/33 46/46/33
f 27/38/34 40/47/34 28/27/34
f 28/27/35 41/48/35 29/28/35
f 29/28/36 42/49/36 30/29/36
f 23/30/37 60/23/37 35/50/37
f 23/30/38 36/51/38 24/32/38
f 31/33/39 30/29/39 43/41/39
f 24/32/40 37/52/40 25/34/40
f 41/48/41 54/53/41 42/49/41
f 35/50/42 60/23/42 47/54/42
f 42/49/43 55/55/43 30/29/43
f 35/50/44 48/56/44 36/51/44
f 43/41/45 55/55/45 56/57/45
f 36/51/46 49/58/46 37/52/46
f 44/42/47 56/57/47 57/59/47
f 37/52/48 50/60/48 38/43/48
f 45/44/49 57/59/49 58/61/49
f 38/43/50 51/62/50 39/45/50
f 46/46/51 58/61/51 59/63/51
f 39/45/52 52/64/52 40/47/52
f 40/47/53 53/65/53 41/48/53
f 58/61/54 71/66/54 72/67/54
f 50/60/55 65/68/55 51/62/55
f 59/63/56 72/67/56 73/69/56
f 51/62/57 66/70/57 52/64/57
f 52/64/58 67/71/58 53/65/58
f 53/65/59 68/72/59 54/53/59
f 47/54/60 60/23/60 61/73/60
f 54/53/61 69/74/61 55/55/61
f 47/54/62 62/75/62 48/56/62
f 56/57/63 69/74/63 70/76/63
f 48/56/64 63/77/64 49/58/64
f 57/59/65 70/76/65 71/66/65
f 49/58/66 64/78/66 50/60/66
f 61/73/67 60/23/67 74/79/67
f 68/72/68 82/80/68 69/74/68
f 61/73/69 75/81/69 62/75/69
f 70/76/70 82/80/70 83/82/70
f 62/75/71 76/83/71 63/77/71
f 71/66/72 83/82/72 84/84/72
f 63/77/73 77/85/73 64/78/73
f 72/67/74 84/84/74 85/86/74
f 64/78/75 78/87/75 65/68/75
f 73/69/76 85/86/76 86/88/76
f 65/68/77 79/89/77 66/70/77
f 66/70/78 80/90/78 67/71/78
f 67/71/79 81/91/79 68/72/79
f 77/85/80 91/92/80 78/87/80
f 86/88/81 98/93/81 99/94/81
f 78/87/82 92/95/82 79/89/82
f 79/89/83 93/96/83 80/90/83
f 80/90/84 94/97/84 81/91/84
f 74/79/85 60/23/85 87/98/85
f 81/91/86 95/99/86 82/80/86
f 74/79/87 88/100/87 75/81/87
f 83/82/88 95/99/88 96/101/88
f 75/81/89 89/102/89 76/83/89
f 84/84/90 96/101/90 97/103/90
f 76/83/91 90/104/91 77/85/91
f 85/86/92 97/103/92 98/93/92
f 95/105/93 107/106/93 108/107/93
f 88/108/94 100/109/94 101/110/94
f 95/105/95 109/111/95 96/112/95
f 89/113/96 101/110/96 102/114/96
f 96/112/97 110/115/97 97/116/97
f 90/117/98 102/114/98 103/118/98
f 97/116/99 111/119/99 98/120/99
f 91/121/100 103/118/100 104/122/100
f 98/120/101 112/123/101 99/124/101
f 92/125/102 104/122/102 105/126/102
f 93/127/103 105/126/103 106/128/103
f 94/129/104 106/128/104 107/106/104
f 87/130/105 60/23/105 100/109/105
f 111/119/106 125/131/106 112/123/106
f 105/126/107 117/132/107 118/133/107
f 106/128/108 118/133/108 119/134/108
f 107/106/109 119/134/109 120/135/109
f 100/109/110 60/23/110 113/136/110
f 108/107/111 120/135/111 121/137/111
f 101/110/112 113/136/112 114/138/112
f 108/107/113 122/139/113 109/111/113
f 102/114/114 114/138/114 115/140/114
f 109/111/115 123/141/115 110/115/115
f 103/118/116 115/140/116 116/142/116
f 110/115/117 124/143/117 111/119/117
f 104/122/118 116/142/118 117/132/118
f 114/138/119 126/144/119 127/145/119
f 121/137/120 135/146/120 122/139/120
f 115/140/121 127/145/121 128/147/121
f 122/139/122 136/148/122 123/141/122
f 116/142/123 128/147/123 129/149/123
f 123/141/124 137/150/124 124/143/124
f 117/132/125 129/149/125 130/151/125
f 124/143/126 138/152/126 125/131/126
f 118/133/127 130/151/127 131/153/127
f 119/134/128 131/153/128 132/154/128
f 120/135/129 132/154/129 133/155/129
f 113/136/130 60/23/130 126/144/130
f 121/137/131 133/155/131 134/156/131
f 131/153/132 143/157/132 144/158/132
f 132/154/133 131/153/133 144/158/133
f 132/154/134 145/159/134 133/155/134
f 126/144/135 60/23/135 139/160/135
f 134/156/136 145/159/136 146/161/136
f 127/145/137 139/160/137 140/162/137
f 134/156/138 147/163/138 135/146/138
f 128/147/139 140/162/139 141/164/139
f 135/146/140 148/165/140 136/148/140
f 129/149/141 141/164/141 142/166/141
f 136/148/142 149/167/142 137/150/142
f 130/151/143 142/166/143 143/157/143
f 137/150/144 150/168/144 138/152/144
f 146/161/145 156/169/145 147/163/145
f 141/164/146 152/170/146 153/171/146
f 147/163/147 157/172/147 148/165/147
f 142/166/148 153/171/148 154/173/148
f 148/165/149 158/174/149 149/167/149
f 143/157/150 154/173/150 144/158/150
f 149/167/151 159/175/151 150/168/151
f 139/160/152 60/23/152 151/176/152
f 140/162/153 151/176/153 152/170/153
f 151/176/154 60/23/154 160/177/154
f 152/170/155 160/177/155 161/178/155
f 155/179/156 166/180/156 156/169/156
f 153/171/157 161/178/157 162/181/157
f 156/169/158 167/182/158 157/172/158
f 154/173/159 162/181/159 163/183/159
f 157/172/160 168/184/160 158/174/160
f 144/158/161 154/173/161 163/183/161
f 158/174/162 169/185/162 159/175/162
f 166/180/163 177/186/163 167/182/163
f 163/183/164 162/181/164 172/187/164
f 167/182/165 178/188/165 168/184/165
f 160/177/166 60/23/166 170/189/166
f 165/190/167 174/191/167 175/192/167
f 161/178/168 170/189/168 171/193/168
f 166/180/169 175/192/169 176/194/169
f 162/181/170 171/193/170 172/187/170
f 170/189/171 60/23/171 179/195/171
f 175/192/172 183/196/172 184/197/172
f 171/193/173 179/195/173 180/198/173
f 175/192/174 185/199/174 176/194/174
f 172/187/175 180/198/175 181/200/175
f 176/194/176 186/201/176 177/186/176
f 163/183/177 181/200/177 182/202/177
f 177/186/178 187/203/178 178/188/178
f 173/204/179 174/191/179 164/205/179
f 174/191/180 173/204/180 183/196/180
f 181/200/181 192/206/181 182/202/181
f 187/203/182 196/207/182 197/208/182
f 173/204/183 182/209/183 192/210/183
f 187/203/184 198/211/184 188/212/184
f 183/196/185 173/204/185 193/213/185
f 179/195/186 60/23/186 189/214/186
f 183/196/187 194/215/187 184/197/187
f 179/195/188 190/216/188 180/198/188
f 185/199/189 194/215/189 195/217/189
f 180/198/190 191/218/190 181/200/190
f 186/201/191 195/217/191 196/207/191
f 189/214/192 60/23/192 199/219/192
f 227/220/193 203/221/193 214/222/193
f 189/214/194 200/223/194 190/216/194
f 194/215/195 205/224/195 195/217/195
f 190/216/196 201/225/196 191/218/196
f 196/207/197 205/224/197 206/226/197
f 191/218/198 202/227/198 192/206/198
f 197/208/199 206/226/199 207/228/199
f 203/221/200 192/206/200 202/227/200
f 198/211/201 207/228/201 208/229/201
f 207/228/202 217/230/202 218/231/202
f 202/227/203 213/232/203 203/221/203
f 208/229/204 218/231/204 219/233/204
f 199/219/205 60/23/205 209/234/205
f 199/219/206 210/235/206 200/223/206
f 204/236/207 216/237/207 205/224/207
f 200/223/208 211/238/208 201/225/208
f 206/226/209 216/237/209 217/230/209
f 201/225/210 212/239/210 202/227/210
f 209/234/211 60/23/211 220/240/211
f 209/234/212 221/241/212 210/235/212
f 215/242/213 229/243/213 216/237/213
f 210/235/214 222/244/214 211/238/214
f 217/230/215 229/243/215 230/245/215
f 211/238/216 223/246/216 212/239/216
f 218/231/217 230/245/217 231/247/217
f 212/239/218 224/248/218 213/232/218
f 219/233/219 231/247/219 232/249/219
f 213/232/220 225/250/220 214/222/220
f 223/246/221 237/251/221 224/248/221
f 232/249/222 244/252/222 245/253/222
f 224/248/223 238/254/223 225/250/223
f 225/250/224 239/255/224 226/256/224
f 226/256/225 240/257/225 227/220/225
f 220/240/226 60/23/226 233/258/226
f 227/220/227 241/259/227 228/260/227
f 220/240/228 234/261/228 221/241/228
f 229/243/229 241/259/229 242/262/229
f 221/241/230 235/263/230 222/244/230
f 230/245/231 242/262/231 243/264/231
f 222/244/232 236/265/232 223/246/232
f 231/247/233 243/264/233 244/252/233
f 240/257/234 254/266/234 241/259/234
f 233/258/235 247/267/235 234/261/235
f 242/262/236 254/266/236 255/268/236
f 234/261/237 248/269/237 235/263/237
f 243/264/238 255/268/238 256/270/238
f 235/263/239 249/271/239 236/265/239
f 244/252/240 256/270/240 257/272/240
f 236/265/241 250/273/241 237/251/241
f 245/253/242 257/272/242 258/274/242
f 237/251/243 251/275/243 238/254/243
f 238/254/244 252/276/244 239/255/244
f 239/255/245 253/277/245 240/257/245
f 233/258/246 60/23/246 246/278/246
f 258/274/247 270/279/247 271/280/247
f 250/273/248 264/281/248 251/275/248
f 251/275/249 265/282/249 252/276/249
f 252/276/250 266/283/250 253/277/250
f 246/278/251 60/23/251 259/284/251
f 253/277/252 267/285/252 254/266/252
f 246/278/253 260/286/253 247/267/253
f 255/268/254 267/285/254 268/287/254
f 247/267/255 261/288/255 248/269/255
f 256/270/256 268/287/256 269/289/256
f 248/269/257 262/290/257 249/271/257
f 257/272/258 269/289/258 270/279/258
f 249/271/259 263/291/259 250/273/259
f 268/287/260 280/292/260 281/293/260
f 260/286/261 274/294/261 261/288/261
f 269/289/262 281/293/262 282/295/262
f 261/288/263 275/296/263 262/290/263
f 270/279/264 282/295/264 283/297/264
f 262/290/265 276/298/265 263/291/265
f 271/280/266 283/297/266 284/299/266
f 263/291/267 277/300/267 264/281/267
f 264/281/268 278/301/268 265/282/268
f 265/282/269 279/302/269 266/283/269
f 259/284/270 60/23/270 272/303/270
f 266/283/271 280/292/271 267/285/271
f 259/284/272 273/304/272 260/286/272
f 278/301/273 290/305/273 291/306/273
f 279/302/274 291/306/274 292/307/274
f 272/303/275 60/23/275 285/308/275
f 280/292/276 292/307/276 293/309/276
f 273/304/277 285/308/277 286/310/277
f 280/292/278 294/311/278 281/293/278
f 274/294/279 286/310/279 287/312/279
f 281/293/280 295/313/280 282/295/280
f 275/296/281 287/312/281 288/314/281
f 282/295/282 296/315/282 283/297/282
f 276/298/283 288/314/283 289/316/283
f 283/297/284 297/317/284 284/299/284
f 277/300/285 289/316/285 290/305/285
f 287/312/286 299/318/286 300/319/286
f 294/311/287 308/320/287 295/313/287
f 288/314/288 300/319/288 301/321/288
f 295/313/289 309/322/289 296/315/289
f 289/316/290 301/321/290 302/323/290
f 296/315/291 310/324/291 297/317/291
f 290/305/292 302/323/292 303/325/292
f 291/306/293 303/325/293 304/326/293
f 292/307/294 304/326/294 305/327/294
f 285/308/295 60/23/295 298/328/295
f 293/309/296 305/327/296 306/329/296
f 286/310/297 298/328/297 299/318/297
f 293/309/298 307/330/298 294/311/298
f 304/326/299 316/331/299 317/332/299
f 305/327/300 317/332/300 318/333/300
f 298/328/301 60/23/301 311/334/301
f 306/329/302 318/333/302 319/335/302
f 299/318/303 311/334/303 312/336/303
f 306/329/304 320/337/304 307/330/304
f 300/319/305 312/336/305 313/338/305
f 307/330/306 321/339/306 308/320/306
f 301/321/307 313/338/307 314/340/307
f 308/320/308 322/341/308 309/322/308
f 302/323/309 314/340/309 315/342/309
f 309/322/310 323/343/310 310/324/310
f 303/325/311 315/342/311 316/331/311
f 320/337/312 334/344/312 321/339/312
f 314/340/313 326/345/313 327/346/313
f 321/339/314 335/347/314 322/341/314
f 315/342/315 327/346/315 328/348/315
f 322/341/316 336/349/316 323/343/316
f 316/331/317 328/348/317 329/350/317
f 317/332/318 329/350/318 330/351/318
f 318/333/319 330/351/319 331/352/319
f 311/334/320 60/23/320 324/353/320
f 319/335/321 331/352/321 332/354/321
f 312/336/322 324/353/322 325/355/322
f 319/335/323 333/356/323 320/337/323
f 313/338/324 325/355/324 326/345/324
f 330/351/325 340/357/325 331/352/325
f 324/353/326 60/23/326 337/358/326
f 331/352/327 341/359/327 332/354/327
f 325/355/328 337/358/328 5/19/328
f 332/354/329 342/360/329 333/356/329
f 326/345/330 325/355/330 5/19/330
f 333/356/331 343/361/331 334/344/331
f 326/345/332 338/362/332 327/346/332
f 334/344/333 344/363/333 335/347/333
f 328/348/334 338/362/334 339/364/334
f 335/347/335 345/365/335 336/349/335
f 329/350/336 328/348/336 339/364/336
f 330/351/337 329/350/337 339/364/337
f 338/362/338 5/19/338 347/366/338
f 343/361/339 352/367/339 344/363/339
f 339/364/340 338/362/340 347/366/340
f 344/363/341 353/368/341 345/365/341
f 340/369/342 339/370/342 348/371/342
f 337/358/343 60/23/343 346/372/343
f 341/359/344 348/371/344 349/373/344
f 5/19/345 337/358/345 346/372/345
f 341/359/346 350/374/346 342/360/346
f 342/360/347 351/375/347 343/361/347
f 348/371/348 339/370/348 355/376/348
f 346/372/349 60/23/349 354/377/349
f 349/373/350 355/376/350 356/378/350
f 5/19/351 346/372/351 354/377/351
f 349/373/352 357/379/352 350/374/352
f 350/374/353 358/380/353 351/375/353
f 351/375/354 359/381/354 352/367/354
f 353/368/355 352/367/355 359/381/355
f 358/380/356 362/1/356 359/381/356
f 359/381/357 363/4/357 353/368/357
f 339/370/358 7/7/358 1/6/358
f 355/376/359 1/6/359 2/9/359
f 354/377/360 60/23/360 5/19/360
f 356/378/361 2/9/361 3/12/361
f 356/378/362 361/13/362 357/379/362
f 357/379/363 4/15/363 358/380/363
f 586/382/364 366/383/364 587/384/364
f 506/385/365 587/384/365 366/383/365
f 366/383/366 365/386/366 371/387/366
f 506/385/367 366/383/367 371/387/367
f 367/388/368 373/389/368 368/390/368
f 368/390/369 374/391/369 364/392/369
f 369/393/370 374/391/370 375/394/370
f 370/395/371 369/393/371 375/394/371
f 376/396/372 1498/397/372 370/395/372
f 371/387/373 365/386/373 377/398/373
f 22/22/374 372/399/374 367/388/374
f 506/385/375 371/387/375 377/398/375
f 370/395/376 383/400/376 376/396/376
f 376/396/377 384/401/377 365/386/377
f 377/398/378 384/401/378 385/402/378
f 34/40/379 378/403/379 372/399/379
f 506/385/380 377/398/380 385/402/380
f 373/389/381 378/403/381 379/404/381
f 374/391/382 379/404/382 380/405/382
f 375/394/383 380/405/383 381/406/383
f 375/394/384 382/407/384 370/395/384
f 380/405/385 387/408/385 388/409/385
f 381/406/386 388/409/386 389/410/386
f 382/407/387 389/410/387 390/411/387
f 383/400/388 390/411/388 391/412/388
f 384/401/389 391/412/389 392/413/389
f 385/402/390 392/413/390 393/414/390
f 46/46/391 386/415/391 378/403/391
f 506/385/392 385/402/392 393/414/392
f 379/404/393 386/415/393 387/408/393
f 392/413/394 399/416/394 400/417/394
f 393/414/395 400/417/395 401/418/395
f 59/63/396 394/419/396 386/415/396
f 506/385/397 393/414/397 401/418/397
f 387/408/398 394/419/398 395/420/398
f 388/409/399 395/420/399 396/421/399
f 389/410/400 396/421/400 397/422/400
f 390/411/401 397/422/401 398/423/401
f 391/412/402 398/423/402 399/416/402
f 397/422/403 404/424/403 405/425/403
f 398/423/404 405/425/404 406/426/404
f 399/416/405 406/426/405 407/427/405
f 400/417/406 407/427/406 408/428/406
f 401/418/407 408/428/407 409/429/407
f 73/69/408 402/430/408 394/419/408
f 506/385/409 401/418/409 409/429/409
f 395/420/410 402/430/410 403/431/410
f 396/421/411 403/431/411 404/424/411
f 409/429/412 416/432/412 417/433/412
f 86/88/413 410/434/413 402/430/413
f 506/385/414 409/429/414 417/433/414
f 403/431/415 410/434/415 411/435/415
f 404/424/416 411/435/416 412/436/416
f 405/425/417 412/436/417 413/437/417
f 406/426/418 413/437/418 414/438/418
f 407/427/419 414/438/419 415/439/419
f 408/428/420 415/439/420 416/432/420
f 412/440/421 421/441/421 413/442/421
f 413/442/422 422/443/422 414/444/422
f 414/444/423 423/445/423 415/446/423
f 415/446/424 424/447/424 416/448/424
f 416/448/425 425/449/425 417/450/425
f 410/451/426 112/123/426 418/452/426
f 506/385/427 417/450/427 425/449/427
f 410/451/428 419/453/428 411/454/428
f 411/454/429 420/455/429 412/440/429
f 424/447/430 433/456/430 425/449/430
f 418/452/431 125/131/431 426/457/431
f 506/385/432 425/449/432 433/456/432
f 418/452/433 427/458/433 419/453/433
f 419/453/434 428/459/434 420/455/434
f 420/455/435 429/460/435 421/441/435
f 421/441/436 430/461/436 422/443/436
f 422/443/437 431/462/437 423/445/437
f 423/445/438 432/463/438 424/447/438
f 429/460/439 438/464/439 430/461/439
f 430/461/440 439/465/440 431/462/440
f 431/462/441 440/466/441 432/463/441
f 432/463/442 441/467/442 433/456/442
f 426/457/443 138/152/443 434/468/443
f 506/385/444 433/456/444 441/467/444
f 426/457/445 435/469/445 427/458/445
f 427/458/446 436/470/446 428/459/446
f 428/459/447 437/471/447 429/460/447
f 434/468/448 150/168/448 442/472/448
f 506/385/449 441/467/449 449/473/449
f 434/468/450 443/474/450 435/469/450
f 435/469/451 444/475/451 436/470/451
f 436/470/452 445/476/452 437/471/452
f 437/471/453 446/477/453 438/464/453
f 438/464/454 447/478/454 439/465/454
f 439/465/455 448/479/455 440/466/455
f 440/466/456 449/473/456 441/467/456
f 445/476/457 454/480/457 446/477/457
f 446/477/458 455/481/458 447/478/458
f 447/478/459 456/482/459 448/479/459
f 448/479/460 457/483/460 449/473/460
f 442/472/461 159/175/461 450/484/461
f 506/385/462 449/473/462 457/483/462
f 442/472/463 451/485/463 443/474/463
f 443/474/464 452/486/464 444/475/464
f 444/475/465 453/487/465 445/476/465
f 506/385/466 457/483/466 464/488/466
f 450/484/467 459/489/467 451/485/467
f 451/485/468 460/490/468 452/486/468
f 453/487/469 460/490/469 461/491/469
f 453/487/470 462/492/470 454/480/470
f 455/481/471 462/492/471 463/493/471
f 456/482/472 455/481/472 463/493/472
f 456/482/473 464/488/473 457/483/473
f 450/484/474 169/185/474 458/494/474
f 464/488/475 471/495/475 472/496/475
f 169/185/476 466/497/476 458/494/476
f 506/385/477 464/488/477 472/496/477
f 458/494/478 467/498/478 459/489/478
f 459/489/479 468/499/479 460/490/479
f 460/490/480 469/500/480 461/491/480
f 472/496/481 475/501/481 476/502/481
f 506/385/482 472/496/482 476/502/482
f 475/501/483 482/503/483 476/502/483
f 506/385/484 476/502/484 482/503/484
f 478/504/485 484/505/485 485/506/485
f 479/507/486 485/506/486 486/508/486
f 480/509/487 486/508/487 487/510/487
f 481/511/488 489/512/488 482/503/488
f 477/513/489 208/229/489 483/514/489
f 506/385/490 482/503/490 489/512/490
f 477/513/491 484/505/491 478/504/491
f 488/515/492 495/516/492 496/517/492
f 489/512/493 496/517/493 497/518/493
f 208/229/494 490/519/494 483/514/494
f 506/385/495 489/512/495 497/518/495
f 484/505/496 490/519/496 491/520/496
f 485/506/497 491/520/497 492/521/497
f 486/508/498 492/521/498 493/522/498
f 486/508/499 494/523/499 487/510/499
f 487/510/500 495/516/500 488/515/500
f 493/522/501 500/524/501 501/525/501
f 494/523/502 501/525/502 502/526/502
f 495/516/503 502/526/503 503/527/503
f 496/517/504 503/527/504 504/528/504
f 497/518/505 504/528/505 505/529/505
f 219/233/506 498/530/506 490/519/506
f 506/385/507 497/518/507 505/529/507
f 491/520/508 498/530/508 499/531/508
f 492/521/509 499/531/509 500/524/509
f 505/529/510 513/532/510 514/533/510
f 232/249/511 507/534/511 498/530/511
f 506/385/512 505/529/512 514/533/512
f 499/531/513 507/534/513 508/535/513
f 500/524/514 508/535/514 509/536/514
f 501/525/515 509/536/515 510/537/515
f 502/526/516 510/537/516 511/538/516
f 503/527/517 511/538/517 512/539/517
f 504/528/518 512/539/518 513/532/518
f 510/537/519 517/540/519 518/541/519
f 511/538/520 518/541/520 519/542/520
f 512/539/521 519/542/521 520/543/521
f 513/532/522 520/543/522 521/544/522
f 514/533/523 521/544/523 522/545/523
f 245/253/524 515/546/524 507/534/524
f 506/385/525 514/533/525 522/545/525
f 508/535/526 515/546/526 516/547/526
f 509/536/527 516/547/527 517/540/527
f 522/545/528 529/548/528 530/549/528
f 258/274/529 523/550/529 515/546/529
f 506/385/530 522/545/530 530/549/530
f 516/547/531 523/550/531 524/551/531
f 517/540/532 524/551/532 525/552/532
f 517/540/533 526/553/533 518/541/533
f 518/541/534 527/554/534 519/542/534
f 520/543/535 527/554/535 528/555/535
f 521/544/536 528/555/536 529/548/536
f 527/554/537 534/556/537 535/557/537
f 528/555/538 535/557/538 536/558/538
f 529/548/539 536/558/539 537/559/539
f 530/549/540 537/559/540 538/560/540
f 271/280/541 531/561/541 523/550/541
f 506/385/542 530/549/542 538/560/542
f 524/551/543 531/561/543 532/562/543
f 524/551/544 533/563/544 525/552/544
f 526/564/545 533/565/545 534/566/545
f 506/385/546 538/560/546 546/567/546
f 531/561/547 540/568/547 532/562/547
f 533/563/548 540/568/548 541/569/548
f 533/565/549 542/570/549 534/566/549
f 534/556/550 543/571/550 535/557/550
f 535/557/551 544/572/551 536/558/551
f 536/558/552 545/573/552 537/559/552
f 537/559/553 546/567/553 538/560/553
f 531/561/554 297/317/554 539/574/554
f 543/571/555 552/575/555 544/572/555
f 544/572/556 553/576/556 545/573/556
f 545/573/557 554/577/557 546/567/557
f 539/574/558 310/324/558 547/578/558
f 506/385/559 546/567/559 554/577/559
f 539/574/560 548/579/560 540/568/560
f 540/568/561 549/580/561 541/569/561
f 542/581/562 549/580/562 550/582/562
f 543/571/563 550/582/563 551/583/563
f 547/578/564 556/584/564 548/579/564
f 548/579/565 557/585/565 549/580/565
f 549/580/566 558/586/566 550/582/566
f 550/582/567 559/587/567 551/583/567
f 551/583/568 560/588/568 552/575/568
f 552/575/569 561/589/569 553/576/569
f 553/576/570 562/590/570 554/577/570
f 547/578/571 323/343/571 555/591/571
f 506/385/572 554/577/572 562/590/572
f 560/588/573 567/592/573 568/593/573
f 560/588/574 569/594/574 561/589/574
f 561/589/575 570/595/575 562/590/575
f 555/591/576 336/349/576 563/596/576
f 506/385/577 562/590/577 570/595/577
f 555/591/578 564/597/578 556/584/578
f 556/584/579 565/598/579 557/585/579
f 557/585/580 566/599/580 558/586/580
f 558/586/581 567/592/581 559/587/581
f 564/597/582 573/600/582 565/598/582
f 565/598/583 574/601/583 566/599/583
f 566/599/584 575/602/584 567/592/584
f 568/593/585 567/592/585 575/602/585
f 563/596/586 345/365/586 571/603/586
f 563/596/587 572/604/587 564/597/587
f 571/603/588 353/368/588 576/605/588
f 571/603/589 577/606/589 572/604/589
f 572/604/590 578/607/590 573/600/590
f 574/601/591 578/607/591 579/608/591
f 574/601/592 580/609/592 575/602/592
f 575/602/593 580/609/593 568/593/593
f 578/607/594 577/606/594 581/610/594
f 578/607/595 582/611/595 579/608/595
f 569/594/596 584/612/596 570/595/596
f 506/385/597 570/595/597 584/612/597
f 584/612/598 586/382/598 587/384/598
f 506/385/599 584/612/599 587/384/599
f 593/613/600 832/614/600 603/615/600
f 830/616/601 596/617/601 597/618/601
f 830/616/602 598/619/602 589/620/602
f 589/620/603 599/621/603 831/622/603
f 831/622/604 600/623/604 590/624/604
f 590/624/605 601/625/605 591/626/605
f 828/627/606 644/628/606 594/629/606
f 591/626/607 602/630/607 592/631/607
f 829/632/608 594/629/608 595/633/608
f 832/614/609 602/630/609 603/615/609
f 588/634/610 595/633/610 596/617/610
f 602/630/611 613/635/611 603/615/611
f 595/633/612 606/636/612 596/617/612
f 593/613/613 613/635/613 188/212/613
f 596/617/614 607/637/614 597/618/614
f 598/619/615 607/637/615 608/638/615
f 599/621/616 608/638/616 609/639/616
f 600/623/617 609/639/617 610/640/617
f 601/625/618 610/640/618 611/641/618
f 594/629/619 644/628/619 604/642/619
f 602/630/620 611/641/620 612/643/620
f 594/629/621 605/644/621 595/633/621
f 610/640/622 619/645/622 620/646/622
f 610/640/623 621/647/623 611/641/623
f 604/642/624 644/628/624 614/648/624
f 611/641/625 622/649/625 612/643/625
f 605/644/626 614/648/626 615/650/626
f 612/643/627 623/651/627 613/635/627
f 605/644/628 616/652/628 606/636/628
f 188/212/629 613/635/629 623/651/629
f 606/636/630 617/653/630 607/637/630
f 607/637/631 618/654/631 608/638/631
f 608/638/632 619/645/632 609/639/632
f 616/652/633 625/655/633 626/656/633
f 623/651/634 465/657/634 188/212/634
f 616/652/635 627/658/635 617/653/635
f 617/653/636 628/659/636 618/654/636
f 619/645/637 628/659/637 629/660/637
f 620/646/638 629/660/638 630/661/638
f 620/646/639 631/662/639 621/647/639
f 614/648/640 644/628/640 624/663/640
f 622/649/641 631/662/641 632/664/641
f 615/650/642 624/663/642 625/655/642
f 622/649/643 633/665/643 623/651/643
f 630/661/644 639/666/644 640/667/644
f 631/662/645 640/667/645 641/668/645
f 624/663/646 644/628/646 634/669/646
f 632/664/647 641/668/647 642/670/647
f 625/655/648 634/669/648 635/671/648
f 633/665/649 642/670/649 643/672/649
f 625/655/650 636/673/650 626/656/650
f 465/657/651 633/665/651 643/672/651
f 627/658/652 636/673/652 637/674/652
f 628/659/653 637/674/653 638/675/653
f 628/659/654 639/666/654 629/660/654
f 465/657/655 643/672/655 654/676/655
f 636/673/656 648/677/656 637/674/656
f 637/674/657 649/678/657 638/675/657
f 639/666/658 649/678/658 650/679/658
f 640/667/659 650/679/659 651/680/659
f 641/668/660 651/680/660 652/681/660
f 634/669/661 644/628/661 645/682/661
f 641/668/662 653/683/662 642/670/662
f 635/671/663 645/682/663 646/684/663
f 643/672/664 653/683/664 654/676/664
f 635/671/665 647/685/665 636/673/665
f 651/680/666 662/686/666 652/681/666
f 645/682/667 644/628/667 655/687/667
f 653/683/668 662/686/668 663/688/668
f 645/682/669 656/689/669 646/684/669
f 653/683/670 466/497/670 654/676/670
f 646/684/671 657/690/671 647/685/671
f 465/657/672 654/676/672 466/497/672
f 648/677/673 657/690/673 658/691/673
f 648/677/674 659/692/674 649/678/674
f 649/678/675 660/693/675 650/679/675
f 651/680/676 660/693/676 661/694/676
f 657/690/677 667/695/677 658/691/677
f 659/692/678 667/695/678 668/696/678
f 660/693/679 668/696/679 669/697/679
f 660/693/680 670/698/680 661/694/680
f 662/686/681 670/698/681 671/699/681
f 655/687/682 644/628/682 664/700/682
f 663/688/683 671/699/683 466/497/683
f 656/689/684 664/700/684 665/701/684
f 656/689/685 666/702/685 657/690/685
f 670/698/686 467/498/686 671/699/686
f 664/700/687 644/628/687 672/703/687
f 664/700/688 673/704/688 665/701/688
f 665/701/689 674/705/689 666/702/689
f 666/702/690 675/706/690 667/695/690
f 668/696/691 675/706/691 676/707/691
f 669/697/692 676/707/692 677/708/692
f 670/698/693 677/708/693 678/709/693
f 675/706/694 683/710/694 676/707/694
f 677/708/695 683/710/695 684/711/695
f 678/709/696 684/711/696 685/712/696
f 467/498/697 678/709/697 685/712/697
f 672/703/698 644/628/698 679/713/698
f 673/704/699 679/713/699 680/714/699
f 674/705/700 680/714/700 681/715/700
f 675/706/701 681/715/701 682/716/701
f 679/713/702 687/717/702 680/714/702
f 681/715/703 687/717/703 688/718/703
f 681/715/704 689/719/704 682/716/704
f 683/710/705 689/719/705 690/720/705
f 684/711/706 690/720/706 468/499/706
f 685/712/707 468/499/707 467/498/707
f 679/713/708 644/628/708 686/721/708
f 468/499/709 690/720/709 695/722/709
f 686/721/710 644/628/710 691/723/710
f 687/717/711 691/723/711 692/724/711
f 687/717/712 693/725/712 688/718/712
f 688/718/713 694/726/713 689/719/713
f 689/719/714 695/722/714 690/720/714
f 691/723/715 697/727/715 692/724/715
f 693/725/716 697/727/716 698/728/716
f 694/726/717 698/728/717 699/729/717
f 695/722/718 699/729/718 468/499/718
f 691/723/719 644/628/719 696/730/719
f 696/730/720 644/628/720 700/731/720
f 696/730/721 701/732/721 697/727/721
f 698/728/722 701/732/722 702/733/722
f 699/729/723 702/733/723 703/734/723
f 699/729/724 473/735/724 468/499/724
f 701/732/725 706/736/725 702/733/725
f 703/734/726 706/736/726 707/737/726
f 473/735/727 703/734/727 707/737/727
f 700/731/728 644/628/728 704/738/728
f 700/731/729 705/739/729 701/732/729
f 704/738/730 644/628/730 708/740/730
f 705/739/731 708/740/731 709/741/731
f 705/739/732 710/742/732 706/736/732
f 706/736/733 711/743/733 707/737/733
f 473/735/734 707/737/734 711/743/734
f 710/742/735 713/744/735 714/745/735
f 711/743/736 714/745/736 715/746/736
f 473/735/737 711/743/737 715/746/737
f 708/740/738 644/628/738 712/747/738
f 709/741/739 712/747/739 713/744/739
f 712/747/740 644/628/740 716/748/740
f 713/744/741 716/748/741 717/749/741
f 714/745/742 717/749/742 718/750/742
f 715/746/743 718/750/743 719/751/743
f 473/735/744 715/746/744 719/751/744
f 718/750/745 723/752/745 719/751/745
f 473/735/746 723/752/746 478/504/746
f 716/748/747 644/628/747 720/753/747
f 717/749/748 720/753/748 721/754/748
f 717/749/749 722/755/749 718/750/749
f 720/753/750 644/628/750 724/756/750
f 721/754/751 724/756/751 725/757/751
f 722/755/752 725/757/752 726/758/752
f 722/755/753 727/759/753 723/752/753
f 723/752/754 728/760/754 478/504/754
f 728/760/755 732/761/755 733/762/755
f 478/504/756 728/760/756 733/762/756
f 724/756/757 644/628/757 729/763/757
f 724/756/758 730/764/758 725/757/758
f 725/757/759 731/765/759 726/758/759
f 727/759/760 731/765/760 732/761/760
f 729/763/761 644/628/761 734/766/761
f 730/764/762 734/766/762 735/767/762
f 730/764/763 736/768/763 731/765/763
f 731/765/764 737/769/764 732/761/764
f 732/761/765 738/770/765 733/762/765
f 733/762/766 739/771/766 478/504/766
f 738/770/767 743/772/767 744/773/767
f 739/771/768 744/773/768 745/774/768
f 739/771/769 746/775/769 478/504/769
f 754/776/770 477/513/770 478/504/770
f 734/766/771 644/628/771 740/777/771
f 734/766/772 741/778/772 735/767/772
f 735/767/773 742/779/773 736/768/773
f 736/768/774 743/772/774 737/769/774
f 740/777/775 748/780/775 741/778/775
f 741/778/776 749/781/776 742/779/776
f 743/772/777 749/781/777 750/782/777
f 744/773/778 750/782/778 751/783/778
f 744/773/779 752/784/779 745/774/779
f 745/774/780 753/785/780 746/775/780
f 746/775/781 754/776/781 478/504/781
f 740/777/782 644/628/782 747/786/782
f 751/783/783 760/787/783 752/784/783
f 753/785/784 760/787/784 761/788/784
f 753/785/785 762/789/785 754/776/785
f 747/786/786 644/628/786 755/790/786
f 754/776/787 763/791/787 477/513/787
f 748/780/788 755/790/788 756/792/788
f 748/780/789 757/793/789 749/781/789
f 750/782/790 757/793/790 758/794/790
f 750/782/791 759/795/791 751/783/791
f 756/792/792 764/796/792 765/797/792
f 477/513/793 772/798/793 773/799/793
f 756/792/794 766/800/794 757/793/794
f 208/229/795 784/801/795 198/211/795
f 757/793/796 767/802/796 758/794/796
f 759/795/797 767/802/797 768/803/797
f 759/795/798 769/804/798 760/787/798
f 761/788/799 769/804/799 770/805/799
f 762/789/800 770/805/800 771/806/800
f 755/790/801 644/628/801 764/796/801
f 762/789/802 772/798/802 763/791/802
f 769/804/803 778/807/803 779/808/803
f 769/804/804 780/809/804 770/805/804
f 771/806/805 780/809/805 781/810/805
f 764/796/806 644/628/806 774/811/806
f 771/806/807 782/812/807 772/798/807
f 764/796/808 775/813/808 765/797/808
f 772/798/809 783/814/809 773/799/809
f 766/800/810 775/813/810 776/815/810
f 773/799/811 784/801/811 477/513/811
f 767/802/812 776/815/812 777/816/812
f 768/803/813 777/816/813 778/807/813
f 782/812/814 794/817/814 783/814/814
f 776/815/815 786/818/815 787/819/815
f 784/801/816 794/817/816 795/820/816
f 776/815/817 788/821/817 777/816/817
f 198/211/818 784/801/818 795/820/818
f 778/807/819 788/821/819 789/822/819
f 778/807/820 790/823/820 779/808/820
f 780/809/821 790/823/821 791/824/821
f 780/809/822 792/825/822 781/810/822
f 774/811/823 644/628/823 785/826/823
f 781/810/824 793/827/824 782/812/824
f 775/813/825 785/826/825 786/818/825
f 790/823/826 802/828/826 791/824/826
f 792/825/827 802/828/827 803/829/827
f 785/826/828 644/628/828 796/830/828
f 793/827/829 803/829/829 804/831/829
f 786/818/830 796/830/830 797/832/830
f 793/827/831 805/833/831 794/817/831
f 786/818/832 798/834/832 787/819/832
f 794/817/833 806/835/833 795/820/833
f 787/819/834 799/836/834 788/821/834
f 198/211/835 795/820/835 806/835/835
f 788/821/836 800/837/836 789/822/836
f 790/823/837 800/837/837 801/838/837
f 806/835/838 816/839/838 817/840/838
f 798/834/839 810/841/839 799/836/839
f 198/211/840 806/835/840 817/840/840
f 800/837/841 810/841/841 811/842/841
f 800/837/842 812/843/842 801/838/842
f 801/838/843 813/844/843 802/828/843
f 802/828/844 814/845/844 803/829/844
f 796/830/845 644/628/845 807/846/845
f 803/829/846 815/847/846 804/831/846
f 796/830/847 808/848/847 797/832/847
f 804/831/848 816/839/848 805/833/848
f 797/832/849 809/849/849 798/834/849
f 814/845/850 824/850/850 825/851/850
f 807/846/851 644/628/851 818/852/851
f 814/845/852 826/853/852 815/847/852
f 808/848/853 818/852/853 819/854/853
f 815/847/854 827/855/854 816/839/854
f 809/849/855 819/854/855 820/856/855
f 817/840/856 827/855/856 593/613/856
f 810/841/857 820/856/857 821/857/857
f 817/840/858 188/212/858 198/211/858
f 811/842/859 821/857/859 822/858/859
f 812/843/860 822/858/860 823/859/860
f 812/843/861 824/850/861 813/844/861
f 820/856/862 830/616/862 821/857/862
f 822/858/863 830/616/863 589/620/863
f 823/859/864 589/620/864 831/622/864
f 823/859/865 590/624/865 824/850/865
f 825/851/866 590/624/866 591/626/866
f 818/852/867 644/628/867 828/627/867
f 826/853/868 591/626/868 592/631/868
f 819/854/869 828/627/869 829/632/869
f 826/853/870 832/614/870 827/855/870
f 819/854/871 588/634/871 820/856/871
f 593/613/872 827/855/872 832/614/872
f 363/4/873 1045/860/873 847/861/873
f 1043/862/874 840/863/874 841/864/874
f 1043/862/875 842/865/875 834/866/875
f 834/866/876 843/867/876 1044/868/876
f 1044/868/877 844/869/877 835/870/877
f 835/870/878 845/871/878 836/872/878
f 1041/873/879 888/874/879 838/875/879
f 836/872/880 846/876/880 837/877/880
f 1041/873/881 839/878/881 1042/879/881
f 837/877/882 847/861/882 1045/860/882
f 833/880/883 839/878/883 840/863/883
f 846/876/884 857/881/884 847/861/884
f 839/878/885 850/882/885 840/863/885
f 363/4/886 847/861/886 857/881/886
f 840/863/887 851/883/887 841/864/887
f 841/864/888 852/884/888 842/865/888
f 843/867/889 852/884/889 853/885/889
f 843/867/890 854/886/890 844/869/890
f 844/869/891 855/887/891 845/871/891
f 838/875/892 888/874/892 848/888/892
f 846/876/893 855/887/893 856/889/893
f 838/875/894 849/890/894 839/878/894
f 854/886/895 863/891/895 864/892/895
f 854/886/896 865/893/896 855/887/896
f 848/888/897 888/874/897 858/894/897
f 855/887/898 866/895/898 856/889/898
f 849/890/899 858/894/899 859/896/899
f 856/889/900 867/897/900 857/881/900
f 849/890/901 860/898/901 850/882/901
f 363/4/902 857/881/902 867/897/902
f 850/882/903 861/899/903 851/883/903
f 851/883/904 862/900/904 852/884/904
f 852/884/905 863/891/905 853/885/905
f 860/898/906 869/901/906 870/902/906
f 363/4/907 877/903/907 353/368/907
f 861/899/908 870/902/908 871/904/908
f 861/899/909 872/905/909 862/900/909
f 863/891/910 872/905/910 873/906/910
f 864/892/911 873/906/911 874/907/911
f 864/892/912 875/908/912 865/893/912
f 858/894/913 888/874/913 868/909/913
f 865/893/914 876/910/914 866/895/914
f 858/894/915 869/901/915 859/896/915
f 866/895/916 877/903/916 867/897/916
f 873/906/917 884/911/917 874/907/917
f 875/908/918 884/911/918 885/912/918
f 868/909/919 888/874/919 878/913/919
f 875/908/920 886/914/920 876/910/920
f 868/909/921 879/915/921 869/901/921
f 876/910/922 887/916/922 877/903/922
f 870/902/923 879/915/923 880/917/923
f 353/368/924 877/903/924 887/916/924
f 871/904/925 880/917/925 881/918/925
f 871/904/926 882/919/926 872/905/926
f 872/905/927 883/920/927 873/906/927
f 880/917/928 892/921/928 881/918/928
f 881/918/929 893/922/929 882/919/929
f 882/919/930 894/923/930 883/920/930
f 884/911/931 894/923/931 895/924/931
f 885/912/932 895/924/932 896/925/932
f 878/913/933 888/874/933 889/926/933
f 886/914/934 896/925/934 576/605/934
f 878/913/935 890/927/935 879/915/935
f 887/916/936 576/605/936 353/368/936
f 879/915/937 891/928/937 880/917/937
f 896/925/938 903/929/938 576/605/938
f 889/926/939 888/874/939 897/930/939
f 889/926/940 898/931/940 890/927/940
f 890/927/941 899/932/941 891/928/941
f 892/921/942 899/932/942 900/933/942
f 893/922/943 900/933/943 901/934/943
f 893/922/944 902/935/944 894/923/944
f 895/924/945 902/935/945 903/929/945
f 899/932/946 907/936/946 900/933/946
f 901/934/947 907/936/947 908/937/947
f 902/935/948 908/937/948 909/938/948
f 903/929/949 909/938/949 577/606/949
f 576/605/950 903/929/950 577/606/950
f 897/930/951 888/874/951 904/939/951
f 898/931/952 904/939/952 905/940/952
f 899/932/953 905/940/953 906/941/953
f 904/939/954 888/874/954 910/942/954
f 905/940/955 910/942/955 911/943/955
f 905/940/956 912/944/956 906/941/956
f 907/936/957 912/944/957 913/945/957
f 907/936/958 914/946/958 908/937/958
f 909/938/959 914/946/959 915/947/959
f 577/606/960 909/938/960 915/947/960
f 914/946/961 919/948/961 920/949/961
f 914/946/962 921/950/962 915/947/962
f 910/942/963 888/874/963 916/951/963
f 911/943/964 916/951/964 917/952/964
f 912/944/965 917/952/965 918/953/965
f 912/944/966 919/948/966 913/945/966
f 916/951/967 923/954/967 917/952/967
f 918/953/968 923/954/968 924/955/968
f 919/948/969 924/955/969 925/956/969
f 920/949/970 925/956/970 926/957/970
f 916/951/971 888/874/971 922/958/971
f 922/958/972 888/874/972 927/959/972
f 923/954/973 927/959/973 928/960/973
f 923/954/974 929/961/974 924/955/974
f 924/955/975 930/962/975 925/956/975
f 925/956/976 581/610/976 926/957/976
f 927/959/977 932/963/977 928/960/977
f 929/961/978 932/963/978 933/964/978
f 930/962/979 933/964/979 934/965/979
f 581/610/980 930/962/980 934/965/980
f 927/959/981 888/874/981 931/966/981
f 931/966/982 888/874/982 935/967/982
f 932/963/983 935/967/983 936/968/983
f 933/964/984 936/968/984 937/969/984
f 934/965/985 933/964/985 937/969/985
f 936/968/986 940/970/986 937/969/986
f 934/965/987 940/970/987 585/971/987
f 935/967/988 888/874/988 938/972/988
f 936/968/989 938/972/989 939/973/989
f 938/972/990 888/874/990 941/974/990
f 938/972/991 942/975/991 939/973/991
f 939/973/992 943/976/992 940/970/992
f 585/971/993 940/970/993 943/976/993
f 942/975/994 946/977/994 943/976/994
f 585/971/995 943/976/995 946/977/995
f 941/974/996 888/874/996 944/978/996
f 942/975/997 944/978/997 945/979/997
f 944/978/998 888/874/998 947/980/998
f 945/979/999 947/980/999 948/981/999
f 946/977/1000 948/981/1000 949/982/1000
f 585/971/1001 949/982/1001 364/392/1001
f 364/392/1002 949/982/1002 952/983/1002
f 947/980/1003 888/874/1003 950/984/1003
f 947/980/1004 951/985/1004 948/981/1004
f 948/981/1005 952/983/1005 949/982/1005
f 950/984/1006 888/874/1006 953/986/1006
f 950/984/1007 954/987/1007 951/985/1007
f 952/983/1008 954/987/1008 955/988/1008
f 952/983/1009 956/989/1009 364/392/1009
f 364/392/1010 956/989/1010 960/990/1010
f 953/986/1011 888/874/1011 957/991/1011
f 953/986/1012 958/992/1012 954/987/1012
f 955/988/1013 958/992/1013 959/993/1013
f 956/989/1014 959/993/1014 960/990/1014
f 957/991/1015 888/874/1015 961/994/1015
f 957/991/1016 962/995/1016 958/992/1016
f 958/992/1017 963/996/1017 959/993/1017
f 960/990/1018 963/996/1018 964/997/1018
f 364/392/1019 960/990/1019 964/997/1019
f 964/997/1020 969/998/1020 364/392/1020
f 368/390/1021 364/392/1021 969/998/1021
f 961/994/1022 888/874/1022 965/999/1022
f 961/994/1023 966/1000/1023 962/995/1023
f 962/995/1024 967/1001/1024 963/996/1024
f 963/996/1025 968/1002/1025 964/997/1025
f 965/999/1026 971/1003/1026 966/1000/1026
f 966/1000/1027 972/1004/1027 967/1001/1027
f 967/1001/1028 973/1005/1028 968/1002/1028
f 968/1002/1029 974/1006/1029 969/998/1029
f 969/998/1030 975/1007/1030 368/390/1030
f 965/999/1031 888/874/1031 970/1008/1031
f 974/1006/1032 981/1009/1032 975/1007/1032
f 368/390/1033 981/1009/1033 982/1010/1033
f 367/388/1034 368/390/1034 982/1010/1034
f 970/1008/1035 888/874/1035 976/1011/1035
f 970/1008/1036 977/1012/1036 971/1003/1036
f 972/1004/1037 977/1012/1037 978/1013/1037
f 972/1004/1038 979/1014/1038 973/1005/1038
f 973/1005/1039 980/1015/1039 974/1006/1039
f 976/1011/1040 984/1016/1040 977/1012/1040
f 978/1013/1041 984/1016/1041 985/1017/1041
f 978/1013/1042 986/1018/1042 979/1014/1042
f 980/1015/1043 986/1018/1043 987/1019/1043
f 980/1015/1044 988/1020/1044 981/1009/1044
f 981/1009/1045 989/1021/1045 982/1010/1045
f 982/1010/1046 990/1022/1046 367/388/1046
f 976/1011/1047 888/874/1047 983/1023/1047
f 987/1019/1048 996/1024/1048 988/1020/1048
f 988/1020/1049 997/1025/1049 989/1021/1049
f 990/1022/1050 997/1025/1050 998/1026/1050
f 983/1023/1051 888/874/1051 991/1027/1051
f 990/1022/1052 999/1028/1052 367/388/1052
f 984/1016/1053 991/1027/1053 992/1029/1053
f 22/22/1054 999/1028/1054 1000/1030/1054
f 984/1016/1055 993/1031/1055 985/1017/1055
f 14/5/1056 22/22/1056 1000/1030/1056
f 985/1017/1057 994/1032/1057 986/1018/1057
f 987/1019/1058 994/1032/1058 995/1033/1058
f 999/1028/1059 1010/1034/1059 1000/1030/1059
f 993/1031/1060 1002/1035/1060 1003/1036/1060
f 14/5/1061 1000/1030/1061 1010/1034/1061
f 994/1032/1062 1003/1036/1062 1004/1037/1062
f 994/1032/1063 1005/1038/1063 995/1033/1063
f 996/1024/1064 1005/1038/1064 1006/1039/1064
f 996/1024/1065 1007/1040/1065 997/1025/1065
f 998/1026/1066 1007/1040/1066 1008/1041/1066
f 991/1027/1067 888/874/1067 1001/1042/1067
f 998/1026/1068 1009/1043/1068 999/1028/1068
f 991/1027/1069 1002/1035/1069 992/1029/1069
f 1007/1040/1070 1016/1044/1070 1017/1045/1070
f 1007/1040/1071 1018/1046/1071 1008/1041/1071
f 1001/1042/1072 888/874/1072 1011/1047/1072
f 1008/1041/1073 1019/1048/1073 1009/1043/1073
f 1001/1042/1074 1012/1049/1074 1002/1035/1074
f 1010/1034/1075 1019/1048/1075 1020/1050/1075
f 1002/1035/1076 1013/1051/1076 1003/1036/1076
f 14/5/1077 1010/1034/1077 1020/1050/1077
f 1003/1036/1078 1014/1052/1078 1004/1037/1078
f 1005/1038/1079 1014/1052/1079 1015/1053/1079
f 1006/1039/1080 1015/1053/1080 1016/1044/1080
f 1020/1050/1081 363/4/1081 14/5/1081
f 1014/1052/1082 1023/1054/1082 1024/1055/1082
f 1015/1053/1083 1024/1055/1083 1025/1056/1083
f 1015/1053/1084 1026/1057/1084 1016/1044/1084
f 1016/1044/1085 1027/1058/1085 1017/1045/1085
f 1017/1045/1086 1028/1059/1086 1018/1046/1086
f 1011/1047/1087 888/874/1087 1021/1060/1087
f 1018/1046/1088 1029/1061/1088 1019/1048/1088
f 1011/1047/1089 1022/1062/1089 1012/1049/1089
f 1019/1048/1090 1030/1063/1090 1020/1050/1090
f 1012/1049/1091 1023/1054/1091 1013/1051/1091
f 1028/1059/1092 1037/1064/1092 1038/1065/1092
f 1021/1060/1093 888/874/1093 1031/1066/1093
f 1029/1061/1094 1038/1065/1094 1039/1067/1094
f 1022/1062/1095 1031/1066/1095 1032/1068/1095
f 1029/1061/1096 1040/1069/1096 1030/1063/1096
f 1023/1054/1097 1032/1068/1097 1033/1070/1097
f 363/4/1098 1030/1063/1098 1040/1069/1098
f 1024/1055/1099 1033/1070/1099 1034/1071/1099
f 1025/1056/1100 1034/1071/1100 1035/1072/1100
f 1025/1056/1101 1036/1073/1101 1026/1057/1101
f 1027/1058/1102 1036/1073/1102 1037/1064/1102
f 1033/1070/1103 1043/862/1103 1034/1071/1103
f 1034/1071/1104 834/866/1104 1035/1072/1104
f 1035/1072/1105 1044/868/1105 1036/1073/1105
f 1037/1064/1106 1044/868/1106 835/870/1106
f 1038/1065/1107 835/870/1107 836/872/1107
f 1031/1066/1108 888/874/1108 1041/873/1108
f 1039/1067/1109 836/872/1109 837/877/1109
f 1031/1066/1110 1042/879/1110 1032/1068/1110
f 1039/1067/1111 1045/860/1111 1040/1069/1111
f 1033/1070/1112 1042/879/1112 833/880/1112
f 363/4/1113 1040/1069/1113 1045/860/1113
f 1046/1074/1114 471/495/1114 1047/1075/1114
f 1046/1074/1115 1048/1076/1115 1284/1077/1115
f 1284/1077/1116 1049/1078/1116 1285/1079/1116
f 1285/1079/1117 1050/1080/1117 1286/1081/1117
f 1286/1081/1118 1051/1082/1118 1287/1083/1118
f 1206/1084/1119 1287/1083/1119 1051/1082/1119
f 1047/1075/1120 471/495/1120 1052/1085/1120
f 1047/1075/1121 1053/1086/1121 1048/1076/1121
f 1048/1076/1122 1054/1087/1122 1049/1078/1122
f 1049/1078/1123 1055/1088/1123 1050/1080/1123
f 1050/1080/1124 1056/1089/1124 1051/1082/1124
f 1206/1084/1125 1051/1082/1125 1056/1089/1125
f 1054/1087/1126 1061/1090/1126 1055/1088/1126
f 1055/1088/1127 1062/1091/1127 1056/1089/1127
f 1206/1084/1128 1056/1089/1128 1062/1091/1128
f 471/495/1129 463/493/1129 1057/1092/1129
f 1052/1085/1130 1057/1092/1130 1058/1093/1130
f 1052/1085/1131 1059/1094/1131 1053/1086/1131
f 1053/1086/1132 1060/1095/1132 1054/1087/1132
f 1057/1092/1133 1064/1096/1133 1058/1093/1133
f 1058/1093/1134 1065/1097/1134 1059/1094/1134
f 1059/1094/1135 1066/1098/1135 1060/1095/1135
f 1060/1095/1136 1067/1099/1136 1061/1090/1136
f 1061/1090/1137 1068/1100/1137 1062/1091/1137
f 1206/1084/1138 1062/1091/1138 1068/1100/1138
f 1057/1092/1139 463/493/1139 1063/1101/1139
f 1067/1099/1140 1074/1102/1140 1068/1100/1140
f 1206/1084/1141 1068/1100/1141 1074/1102/1141
f 1063/1101/1142 463/493/1142 1069/1103/1142
f 1063/1101/1143 1070/1104/1143 1064/1096/1143
f 1064/1096/1144 1071/1105/1144 1065/1097/1144
f 1065/1097/1145 1072/1106/1145 1066/1098/1145
f 1066/1098/1146 1073/1107/1146 1067/1099/1146
f 1069/1103/1147 1076/1108/1147 1070/1104/1147
f 1070/1104/1148 1077/1109/1148 1071/1105/1148
f 1071/1105/1149 1078/1110/1149 1072/1106/1149
f 1072/1106/1150 1079/1111/1150 1073/1107/1150
f 1073/1107/1151 1080/1112/1151 1074/1102/1151
f 1206/1084/1152 1074/1102/1152 1080/1112/1152
f 463/493/1153 462/492/1153 1081/1113/1153
f 1069/1103/1154 463/493/1154 1075/1114/1154
f 1079/1111/1155 1088/1115/1155 1080/1112/1155
f 1206/1084/1156 1080/1112/1156 1088/1115/1156
f 463/493/1157 1081/1113/1157 1082/1116/1157
f 1075/1114/1158 1082/1116/1158 1083/1117/1158
f 1075/1114/1159 1084/1118/1159 1076/1108/1159
f 1076/1108/1160 1085/1119/1160 1077/1109/1160
f 1077/1109/1161 1086/1120/1161 1078/1110/1161
f 1078/1110/1162 1087/1121/1162 1079/1111/1162
f 1084/1118/1163 1093/1122/1163 1085/1119/1163
f 1085/1119/1164 1094/1123/1164 1086/1120/1164
f 1086/1120/1165 1095/1124/1165 1087/1121/1165
f 1087/1121/1166 1096/1125/1166 1088/1115/1166
f 1081/1113/1167 462/492/1167 1089/1126/1167
f 1206/1084/1168 1088/1115/1168 1096/1125/1168
f 1081/1113/1169 1090/1127/1169 1082/1116/1169
f 1082/1116/1170 1091/1128/1170 1083/1117/1170
f 1083/1117/1171 1092/1129/1171 1084/1118/1171
f 1089/1126/1172 462/492/1172 1097/1130/1172
f 1206/1084/1173 1096/1125/1173 1104/1131/1173
f 1090/1127/1174 1097/1130/1174 1098/1132/1174
f 1091/1128/1175 1098/1132/1175 1099/1133/1175
f 1092/1129/1176 1099/1133/1176 1100/1134/1176
f 1093/1122/1177 1100/1134/1177 1101/1135/1177
f 1094/1123/1178 1101/1135/1178 1102/1136/1178
f 1095/1124/1179 1102/1136/1179 1103/1137/1179
f 1096/1125/1180 1103/1137/1180 1104/1131/1180
f 1101/1135/1181 1108/1138/1181 1109/1139/1181
f 1102/1136/1182 1109/1139/1182 1110/1140/1182
f 1103/1137/1183 1110/1140/1183 1111/1141/1183
f 1104/1131/1184 1111/1141/1184 1112/1142/1184
f 1097/1130/1185 462/492/1185 1105/1143/1185
f 1206/1084/1186 1104/1131/1186 1112/1142/1186
f 1098/1132/1187 1105/1143/1187 1106/1144/1187
f 1099/1133/1188 1106/1144/1188 1107/1145/1188
f 1100/1134/1189 1107/1145/1189 1108/1138/1189
f 1206/1084/1190 1112/1142/1190 1120/1146/1190
f 1106/1144/1191 1113/1147/1191 1114/1148/1191
f 1107/1145/1192 1114/1148/1192 1115/1149/1192
f 1108/1138/1193 1115/1149/1193 1116/1150/1193
f 1109/1139/1194 1116/1150/1194 1117/1151/1194
f 1110/1140/1195 1117/1151/1195 1118/1152/1195
f 1111/1141/1196 1118/1152/1196 1119/1153/1196
f 462/1154/1197 461/1155/1197 470/1156/1197
f 1112/1142/1198 1119/1153/1198 1120/1146/1198
f 1105/1143/1199 470/1157/1199 1113/1147/1199
f 1118/1152/1200 1125/1158/1200 1126/1159/1200
f 1119/1153/1201 1126/1159/1201 1127/1160/1201
f 470/1156/1202 461/1155/1202 469/1161/1202
f 1120/1146/1203 1127/1160/1203 1128/1162/1203
f 1113/1147/1204 470/1157/1204 1121/1163/1204
f 1206/1084/1205 1120/1146/1205 1128/1162/1205
f 1114/1148/1206 1121/1163/1206 1122/1164/1206
f 1115/1149/1207 1122/1164/1207 1123/1165/1207
f 1116/1150/1208 1123/1165/1208 1124/1166/1208
f 1117/1151/1209 1124/1166/1209 1125/1158/1209
f 1123/1165/1210 1130/1167/1210 1131/1168/1210
f 1124/1166/1211 1131/1168/1211 1132/1169/1211
f 1125/1158/1212 1132/1169/1212 1133/1170/1212
f 1126/1159/1213 1133/1170/1213 1134/1171/1213
f 1127/1160/1214 1134/1171/1214 1135/1172/1214
f 1128/1162/1215 1135/1172/1215 1136/1173/1215
f 1121/1163/1216 470/1157/1216 1129/1174/1216
f 1206/1084/1217 1128/1162/1217 1136/1173/1217
f 1122/1164/1218 1129/1174/1218 1130/1167/1218
f 1135/1172/1219 1142/1175/1219 1143/1176/1219
f 1136/1173/1220 1143/1176/1220 1144/1177/1220
f 1129/1174/1221 470/1157/1221 1137/1178/1221
f 1206/1084/1222 1136/1173/1222 1144/1177/1222
f 1130/1167/1223 1137/1178/1223 1138/1179/1223
f 1131/1168/1224 1138/1179/1224 1139/1180/1224
f 1132/1169/1225 1139/1180/1225 1140/1181/1225
f 1133/1170/1226 1140/1181/1226 1141/1182/1226
f 1134/1171/1227 1141/1182/1227 1142/1175/1227
f 1139/1180/1228 1149/1183/1228 1150/1184/1228
f 1140/1181/1229 1150/1184/1229 1151/1185/1229
f 1141/1182/1230 1151/1185/1230 1152/1186/1230
f 469/500/1231 1145/1187/1231 1146/1188/1231
f 1142/1175/1232 1152/1186/1232 1153/1189/1232
f 469/500/1233 1146/1188/1233 1147/1190/1233
f 1143/1176/1234 1153/1189/1234 1154/1191/1234
f 470/1157/1235 1147/1190/1235 474/1192/1235
f 1144/1177/1236 1154/1191/1236 1155/1193/1236
f 1137/1178/1237 474/1192/1237 1148/1194/1237
f 1206/1084/1238 1144/1177/1238 1155/1193/1238
f 1138/1179/1239 1148/1194/1239 1149/1183/1239
f 1154/1191/1240 1164/1195/1240 1165/1196/1240
f 474/1192/1241 1147/1190/1241 1158/1197/1241
f 1155/1193/1242 1165/1196/1242 1166/1198/1242
f 1148/1194/1243 474/1192/1243 1159/1199/1243
f 1206/1084/1244 1155/1193/1244 1166/1198/1244
f 1149/1183/1245 1159/1199/1245 1160/1200/1245
f 1150/1184/1246 1160/1200/1246 1161/1201/1246
f 1151/1185/1247 1161/1201/1247 1162/1202/1247
f 1152/1186/1248 1162/1202/1248 1163/1203/1248
f 1146/1188/1249 1156/1204/1249 1157/1205/1249
f 1153/1189/1250 1163/1203/1250 1164/1195/1250
f 1146/1188/1251 1158/1197/1251 1147/1190/1251
f 1161/1201/1252 1172/1206/1252 1162/1202/1252
f 1162/1202/1253 1173/1207/1253 1163/1203/1253
f 1157/1205/1254 1156/1204/1254 1167/1208/1254
f 1163/1203/1255 1174/1209/1255 1164/1195/1255
f 1158/1197/1256 1157/1205/1256 1168/1210/1256
f 1164/1195/1257 1175/1211/1257 1165/1196/1257
f 474/1192/1258 1158/1197/1258 1168/1210/1258
f 1165/1196/1259 1176/1212/1259 1166/1198/1259
f 1159/1199/1260 474/1192/1260 1169/1213/1260
f 1206/1084/1261 1166/1198/1261 1176/1212/1261
f 1159/1199/1262 1170/1214/1262 1160/1200/1262
f 1160/1200/1263 1171/1215/1263 1161/1201/1263
f 474/1192/1264 1168/1210/1264 1179/1216/1264
f 1175/1211/1265 1187/1217/1265 1176/1212/1265
f 1169/1213/1266 474/1192/1266 1180/1218/1266
f 1206/1084/1267 1176/1212/1267 1187/1217/1267
f 1169/1213/1268 1181/1219/1268 1170/1214/1268
f 1170/1214/1269 1182/1220/1269 1171/1215/1269
f 1171/1215/1270 1183/1221/1270 1172/1206/1270
f 1172/1206/1271 1184/1222/1271 1173/1207/1271
f 1167/1208/1272 1178/1223/1272 1157/1205/1272
f 1173/1207/1273 1185/1224/1273 1174/1209/1273
f 1168/1210/1274 1178/1223/1274 1179/1216/1274
f 1174/1209/1275 1186/1225/1275 1175/1211/1275
f 1182/1220/1276 1192/1226/1276 1183/1221/1276
f 1183/1221/1277 1193/1227/1277 1184/1222/1277
f 1178/1223/1278 1177/1228/1278 479/507/1278
f 1184/1222/1279 1194/1229/1279 1185/1224/1279
f 1178/1223/1280 1188/1230/1280 1179/1216/1280
f 1185/1224/1281 1195/1231/1281 1186/1225/1281
f 474/1192/1282 1188/1230/1282 480/1232/1282
f 1186/1225/1283 1196/1233/1283 1187/1217/1283
f 1180/1218/1284 480/1232/1284 1189/1234/1284
f 1206/1084/1285 1187/1217/1285 1196/1233/1285
f 1180/1218/1286 1190/1235/1286 1181/1219/1286
f 1181/1219/1287 1191/1236/1287 1182/1220/1287
f 1195/1231/1288 1205/1237/1288 1196/1233/1288
f 1189/1234/1289 480/1232/1289 1198/1238/1289
f 1206/1084/1290 1196/1233/1290 1205/1237/1290
f 1189/1234/1291 1199/1239/1291 1190/1235/1291
f 1190/1235/1292 1200/1240/1292 1191/1236/1292
f 1191/1236/1293 1201/1241/1293 1192/1226/1293
f 1192/1226/1294 1202/1242/1294 1193/1227/1294
f 1193/1227/1295 1203/1243/1295 1194/1229/1295
f 1188/1230/1296 479/507/1296 1197/1244/1296
f 1194/1229/1297 1204/1245/1297 1195/1231/1297
f 480/1232/1298 1188/1230/1298 1197/1244/1298
f 1201/1241/1299 1212/1246/1299 1202/1242/1299
f 1202/1242/1300 1213/1247/1300 1203/1243/1300
f 1197/1244/1301 479/507/1301 1207/1248/1301
f 1203/1243/1302 1214/1249/1302 1204/1245/1302
f 480/1232/1303 1197/1244/1303 1207/1248/1303
f 1204/1245/1304 1215/1250/1304 1205/1237/1304
f 1198/1238/1305 480/1232/1305 1208/1251/1305
f 1206/1084/1306 1205/1237/1306 1215/1250/1306
f 1198/1238/1307 1209/1252/1307 1199/1239/1307
f 1199/1239/1308 1210/1253/1308 1200/1240/1308
f 1200/1240/1309 1211/1254/1309 1201/1241/1309
f 1206/1084/1310 1215/1250/1310 1224/1255/1310
f 1208/1251/1311 1218/1256/1311 1209/1252/1311
f 1209/1252/1312 1219/1257/1312 1210/1253/1312
f 1210/1253/1313 1220/1258/1313 1211/1254/1313
f 1211/1254/1314 1221/1259/1314 1212/1246/1314
f 1212/1246/1315 1222/1260/1315 1213/1247/1315
f 1207/1248/1316 479/507/1316 1216/1261/1316
f 1213/1247/1317 1223/1262/1317 1214/1249/1317
f 480/1232/1318 1207/1248/1318 1216/1261/1318
f 1214/1249/1319 1224/1255/1319 1215/1250/1319
f 1208/1251/1320 480/1232/1320 1217/1263/1320
f 1221/1259/1321 1231/1264/1321 1222/1260/1321
f 1222/1260/1322 1232/1265/1322 1223/1262/1322
f 480/1232/1323 1225/1266/1323 487/1267/1323
f 1223/1262/1324 1233/1268/1324 1224/1255/1324
f 480/1232/1325 1226/1269/1325 1217/1263/1325
f 1206/1084/1326 1224/1255/1326 1233/1268/1326
f 1217/1263/1327 1227/1270/1327 1218/1256/1327
f 1218/1256/1328 1228/1271/1328 1219/1257/1328
f 1219/1257/1329 1229/1272/1329 1220/1258/1329
f 1220/1258/1330 1230/1273/1330 1221/1259/1330
f 1226/1269/1331 1234/1274/1331 1227/1270/1331
f 1227/1270/1332 1235/1275/1332 1228/1271/1332
f 1228/1271/1333 1236/1276/1333 1229/1272/1333
f 1229/1272/1334 1237/1277/1334 1230/1273/1334
f 1230/1273/1335 1238/1278/1335 1231/1264/1335
f 1231/1264/1336 1239/1279/1336 1232/1265/1336
f 1232/1265/1337 1240/1280/1337 1233/1268/1337
f 1206/1084/1338 1233/1268/1338 1240/1280/1338
f 1238/1278/1339 1244/1281/1339 1245/1282/1339
f 1239/1279/1340 1245/1282/1340 1246/1283/1340
f 1240/1280/1341 1246/1283/1341 1247/1284/1341
f 1206/1084/1342 1240/1280/1342 1247/1284/1342
f 1234/1274/1343 487/510/1343 1241/1285/1343
f 1235/1275/1344 1241/1285/1344 1242/1286/1344
f 1236/1276/1345 1242/1286/1345 1243/1287/1345
f 1237/1277/1346 1243/1287/1346 1244/1281/1346
f 1242/1286/1347 1248/1288/1347 1249/1289/1347
f 1243/1287/1348 1249/1289/1348 1250/1290/1348
f 1244/1281/1349 1250/1290/1349 1251/1291/1349
f 1245/1282/1350 1251/1291/1350 1252/1292/1350
f 1246/1283/1351 1252/1292/1351 1253/1293/1351
f 1247/1284/1352 1253/1293/1352 1254/1294/1352
f 1206/1084/1353 1247/1284/1353 1254/1294/1353
f 1241/1285/1354 487/510/1354 1248/1288/1354
f 1253/1293/1355 1259/1295/1355 1260/1296/1355
f 1254/1294/1356 1260/1296/1356 1261/1297/1356
f 1206/1084/1357 1254/1294/1357 1261/1297/1357
f 1248/1288/1358 487/510/1358 1255/1298/1358
f 1249/1289/1359 1255/1298/1359 1256/1299/1359
f 1250/1290/1360 1256/1299/1360 1257/1300/1360
f 1251/1291/1361 1257/1300/1361 1258/1301/1361
f 1252/1292/1362 1258/1301/1362 1259/1295/1362
f 1256/1299/1363 1262/1302/1363 1257/1300/1363
f 1258/1301/1364 1262/1302/1364 1263/1303/1364
f 1259/1295/1365 1263/1303/1365 1264/1304/1365
f 1260/1296/1366 1264/1304/1366 1265/1305/1366
f 1261/1297/1367 1265/1305/1367 1266/1306/1367
f 1206/1084/1368 1261/1297/1368 1266/1306/1368
f 1265/1305/1369 1270/1307/1369 1271/1308/1369
f 1266/1306/1370 1271/1308/1370 1272/1309/1370
f 1206/1084/1371 1266/1306/1371 1272/1309/1371
f 1255/1298/1372 488/515/1372 1267/1310/1372
f 1262/1302/1373 1267/1310/1373 1268/1311/1373
f 1263/1303/1374 1268/1311/1374 1269/1312/1374
f 1264/1304/1375 1269/1312/1375 1270/1307/1375
f 1268/1311/1376 1273/1313/1376 1274/1314/1376
f 1269/1312/1377 1274/1314/1377 1275/1315/1377
f 1270/1307/1378 1275/1315/1378 1276/1316/1378
f 1271/1308/1379 1276/1316/1379 1277/1317/1379
f 1272/1309/1380 1277/1317/1380 1278/1318/1380
f 1206/1084/1381 1272/1309/1381 1278/1318/1381
f 1267/1310/1382 488/515/1382 1273/1313/1382
f 1278/1318/1383 1282/1319/1383 1283/1320/1383
f 1206/1084/1384 1278/1318/1384 1283/1320/1384
f 1273/1313/1385 1279/1321/1385 1274/1314/1385
f 1275/1315/1386 1279/1321/1386 1280/1322/1386
f 1276/1316/1387 1280/1322/1387 1281/1323/1387
f 1277/1317/1388 1281/1323/1388 1282/1319/1388
f 1280/1322/1389 1046/1074/1389 1284/1077/1389
f 1281/1323/1390 1284/1077/1390 1285/1079/1390
f 1282/1319/1391 1285/1079/1391 1286/1081/1391
f 1283/1320/1392 1286/1081/1392 1287/1083/1392
f 1206/1084/1393 1283/1320/1393 1287/1083/1393
f 1279/1321/1394 475/501/1394 1046/1074/1394
f 1543/1324/1395 1290/1325/1395 1288/1326/1395
f 1288/1326/1396 1291/1327/1396 1544/1328/1396
f 1544/1328/1397 1292/1329/1397 1545/1330/1397
f 1545/1330/1398 1293/1331/1398 1546/1332/1398
f 1546/1332/1399 1294/1333/1399 1547/1334/1399
f 1461/1335/1400 1547/1334/1400 1294/1333/1400
f 586/382/1401 1289/1336/1401 1543/1324/1401
f 583/1337/1402 1295/1338/1402 1289/1336/1402
f 1289/1336/1403 1296/1339/1403 1290/1325/1403
f 1290/1325/1404 1297/1340/1404 1291/1327/1404
f 1291/1327/1405 1298/1341/1405 1292/1329/1405
f 1292/1329/1406 1299/1342/1406 1293/1331/1406
f 1293/1331/1407 1300/1343/1407 1294/1333/1407
f 1461/1335/1408 1294/1333/1408 1300/1343/1408
f 1298/1341/1409 1305/1344/1409 1299/1342/1409
f 1299/1342/1410 1306/1345/1410 1300/1343/1410
f 1461/1335/1411 1300/1343/1411 1306/1345/1411
f 1295/1338/1412 569/594/1412 1301/1346/1412
f 1295/1338/1413 1302/1347/1413 1296/1339/1413
f 1296/1339/1414 1303/1348/1414 1297/1340/1414
f 1297/1340/1415 1304/1349/1415 1298/1341/1415
f 1301/1346/1416 1308/1350/1416 1302/1347/1416
f 1302/1347/1417 1309/1351/1417 1303/1348/1417
f 1303/1348/1418 1310/1352/1418 1304/1349/1418
f 1304/1349/1419 1311/1353/1419 1305/1344/1419
f 1305/1344/1420 1312/1354/1420 1306/1345/1420
f 1461/1335/1421 1306/1345/1421 1312/1354/1421
f 569/594/1422 1307/1355/1422 1301/1346/1422
f 1311/1353/1423 1318/1356/1423 1312/1354/1423
f 1461/1335/1424 1312/1354/1424 1318/1356/1424
f 1307/1355/1425 568/593/1425 1313/1357/1425
f 1307/1355/1426 1314/1358/1426 1308/1350/1426
f 1308/1350/1427 1315/1359/1427 1309/1351/1427
f 1309/1351/1428 1316/1360/1428 1310/1352/1428
f 1310/1352/1429 1317/1361/1429 1311/1353/1429
f 1313/1357/1430 1321/1362/1430 1314/1358/1430
f 1314/1358/1431 1322/1363/1431 1315/1359/1431
f 1315/1359/1432 1323/1364/1432 1316/1360/1432
f 1316/1360/1433 1324/1365/1433 1317/1361/1433
f 1317/1361/1434 1325/1366/1434 1318/1356/1434
f 1461/1335/1435 1318/1356/1435 1325/1366/1435
f 1313/1357/1436 1319/1367/1436 1320/1368/1436
f 1324/1365/1437 1331/1369/1437 1325/1366/1437
f 1461/1335/1438 1325/1366/1438 1331/1369/1438
f 1320/1368/1439 1319/1367/1439 1326/1370/1439
f 1320/1368/1440 1327/1371/1440 1321/1362/1440
f 1321/1362/1441 1328/1372/1441 1322/1363/1441
f 1322/1363/1442 1329/1373/1442 1323/1364/1442
f 1323/1364/1443 1330/1374/1443 1324/1365/1443
f 1327/1371/1444 1336/1375/1444 1328/1372/1444
f 1328/1372/1445 1337/1376/1445 1329/1373/1445
f 1329/1373/1446 1338/1377/1446 1330/1374/1446
f 1330/1374/1447 1339/1378/1447 1331/1369/1447
f 568/593/1448 580/609/1448 1332/1379/1448
f 1461/1335/1449 1331/1369/1449 1339/1378/1449
f 1319/1367/1450 1332/1379/1450 1333/1380/1450
f 1326/1370/1451 1333/1380/1451 1334/1381/1451
f 1326/1370/1452 1335/1382/1452 1327/1371/1452
f 1332/1379/1453 580/609/1453 1340/1383/1453
f 1461/1335/1454 1339/1378/1454 1347/1384/1454
f 1333/1380/1455 1340/1383/1455 1341/1385/1455
f 1334/1381/1456 1341/1385/1456 1342/1386/1456
f 1335/1382/1457 1342/1386/1457 1343/1387/1457
f 1336/1375/1458 1343/1387/1458 1344/1388/1458
f 1337/1376/1459 1344/1388/1459 1345/1389/1459
f 1338/1377/1460 1345/1389/1460 1346/1390/1460
f 1339/1378/1461 1346/1390/1461 1347/1384/1461
f 1344/1388/1462 1353/1391/1462 1354/1392/1462
f 1345/1389/1463 1354/1392/1463 1355/1393/1463
f 1346/1390/1464 1355/1393/1464 1356/1394/1464
f 580/609/1465 1348/1395/1465 1349/1396/1465
f 1347/1384/1466 1356/1394/1466 1357/1397/1466
f 1340/1383/1467 1349/1396/1467 1350/1398/1467
f 1461/1335/1468 1347/1384/1468 1357/1397/1468
f 1341/1385/1469 1350/1398/1469 1351/1399/1469
f 1342/1386/1470 1351/1399/1470 1352/1400/1470
f 1343/1387/1471 1352/1400/1471 1353/1391/1471
f 1461/1335/1472 1357/1397/1472 1367/1401/1472
f 1351/1399/1473 1360/1402/1473 1361/1403/1473
f 1352/1400/1474 1361/1403/1474 1362/1404/1474
f 1353/1391/1475 1362/1404/1475 1363/1405/1475
f 1354/1392/1476 1363/1405/1476 1364/1406/1476
f 1355/1393/1477 1364/1406/1477 1365/1407/1477
f 1348/1395/1478 579/608/1478 1358/1408/1478
f 1356/1394/1479 1365/1407/1479 1366/1409/1479
f 1348/1395/1480 1359/1410/1480 1349/1396/1480
f 1357/1397/1481 1366/1409/1481 1367/1401/1481
f 1349/1396/1482 1360/1402/1482 1350/1398/1482
f 1365/1407/1483 1374/1411/1483 1375/1412/1483
f 579/608/1484 1368/1413/1484 1358/1408/1484
f 1366/1409/1485 1375/1412/1485 1376/1414/1485
f 1358/1408/1486 1369/1415/1486 1359/1410/1486
f 1367/1401/1487 1376/1414/1487 1377/1416/1487
f 1359/1410/1488 1370/1417/1488 1360/1402/1488
f 1461/1335/1489 1367/1401/1489 1377/1416/1489
f 1361/1403/1490 1370/1417/1490 1371/1418/1490
f 1362/1404/1491 1371/1418/1491 1372/1419/1491
f 1363/1405/1492 1372/1419/1492 1373/1420/1492
f 1364/1406/1493 1373/1420/1493 1374/1411/1493
f 1372/1419/1494 1381/1421/1494 1382/1422/1494
f 1373/1420/1495 1382/1422/1495 1383/1423/1495
f 1374/1411/1496 1383/1423/1496 1384/1424/1496
f 1375/1412/1497 1384/1424/1497 1385/1425/1497
f 1368/1413/1498 582/611/1498 1378/1426/1498
f 1376/1414/1499 1385/1425/1499 1386/1427/1499
f 1368/1413/1500 1379/1428/1500 1369/1415/1500
f 1377/1416/1501 1386/1427/1501 1387/1429/1501
f 1369/1415/1502 1380/1430/1502 1370/1417/1502
f 1461/1335/1503 1377/1416/1503 1387/1429/1503
f 1371/1418/1504 1380/1430/1504 1381/1421/1504
f 1378/1426/1505 1388/1431/1505 1389/1432/1505
f 1386/1427/1506 1396/1433/1506 1397/1434/1506
f 1378/1426/1507 1390/1435/1507 1379/1428/1507
f 1387/1429/1508 1397/1434/1508 1398/1436/1508
f 1379/1428/1509 1391/1437/1509 1380/1430/1509
f 1461/1335/1510 1387/1429/1510 1398/1436/1510
f 1381/1421/1511 1391/1437/1511 1392/1438/1511
f 1382/1422/1512 1392/1438/1512 1393/1439/1512
f 1383/1423/1513 1393/1439/1513 1394/1440/1513
f 1384/1424/1514 1394/1440/1514 1395/1441/1514
f 579/608/1515 1348/1395/1515 580/609/1515
f 1385/1425/1516 1395/1441/1516 1396/1433/1516
f 1393/1439/1517 1403/1442/1517 1404/1443/1517
f 1394/1440/1518 1404/1443/1518 1405/1444/1518
f 1395/1441/1519 1405/1444/1519 1406/1445/1519
f 582/611/1520 1399/1446/1520 1388/1431/1520
f 1396/1433/1521 1406/1445/1521 1407/1447/1521
f 1388/1431/1522 1400/1448/1522 1389/1432/1522
f 1397/1434/1523 1407/1447/1523 1408/1449/1523
f 1389/1432/1524 1401/1450/1524 1390/1435/1524
f 1398/1436/1525 1408/1449/1525 1409/1451/1525
f 1390/1435/1526 1402/1452/1526 1391/1437/1526
f 1461/1335/1527 1398/1436/1527 1409/1451/1527
f 1392/1438/1528 1402/1452/1528 1403/1442/1528
f 1408/1449/1529 1417/1453/1529 1418/1454/1529
f 1400/1448/1530 1411/1455/1530 1401/1450/1530
f 1409/1451/1531 1418/1454/1531 1419/1456/1531
f 1401/1450/1532 1412/1457/1532 1402/1452/1532
f 1461/1335/1533 1409/1451/1533 1419/1456/1533
f 1403/1442/1534 1412/1457/1534 1413/1458/1534
f 1404/1443/1535 1413/1458/1535 1414/1459/1535
f 1405/1444/1536 1414/1459/1536 1415/1460/1536
f 1406/1445/1537 1415/1460/1537 1416/1461/1537
f 1407/1447/1538 1416/1461/1538 1417/1453/1538
f 1400/1448/1539 1399/1446/1539 1410/1462/1539
f 1414/1459/1540 1425/1463/1540 1415/1460/1540
f 1415/1460/1541 1426/1464/1541 1416/1461/1541
f 370/395/1542 1481/1465/1542 369/393/1542
f 1416/1461/1543 1427/1466/1543 1417/1453/1543
f 1410/1462/1544 1399/1446/1544 1420/1467/1544
f 1417/1453/1545 1428/1468/1545 1418/1454/1545
f 1411/1455/1546 1420/1467/1546 1421/1469/1546
f 1418/1454/1547 1429/1470/1547 1419/1456/1547
f 1412/1457/1548 1421/1469/1548 1422/1471/1548
f 1461/1335/1549 1419/1456/1549 1429/1470/1549
f 1412/1457/1550 1423/1472/1550 1413/1458/1550
f 1413/1458/1551 1424/1473/1551 1414/1459/1551
f 1421/1469/1552 1431/1474/1552 1432/1475/1552
f 1428/1468/1553 1440/1476/1553 1429/1470/1553
f 1422/1471/1554 1432/1475/1554 1433/1477/1554
f 1461/1335/1555 1429/1470/1555 1440/1476/1555
f 1422/1471/1556 1434/1478/1556 1423/1472/1556
f 1423/1472/1557 1435/1479/1557 1424/1473/1557
f 1424/1473/1558 1436/1480/1558 1425/1463/1558
f 1425/1463/1559 1437/1481/1559 1426/1464/1559
f 1399/1446/1560 585/971/1560 1430/1482/1560
f 1426/1464/1561 1438/1483/1561 1427/1466/1561
f 1420/1467/1562 1430/1482/1562 1431/1474/1562
f 1427/1466/1563 1439/1484/1563 1428/1468/1563
f 1435/1479/1564 1446/1485/1564 1436/1480/1564
f 1436/1480/1565 1447/1486/1565 1437/1481/1565
f 1430/1482/1566 585/971/1566 369/393/1566
f 1437/1481/1567 1448/1487/1567 1438/1483/1567
f 1430/1482/1568 1441/1488/1568 1431/1474/1568
f 1438/1483/1569 1449/1489/1569 1439/1484/1569
f 1432/1475/1570 1441/1488/1570 1442/1490/1570
f 1439/1484/1571 1450/1491/1571 1440/1476/1571
f 1433/1477/1572 1442/1490/1572 1443/1492/1572
f 1461/1335/1573 1440/1476/1573 1450/1491/1573
f 1433/1477/1574 1444/1493/1574 1434/1478/1574
f 1434/1478/1575 1445/1494/1575 1435/1479/1575
f 1449/1489/1576 1460/1495/1576 1450/1491/1576
f 1443/1492/1577 1452/1496/1577 1453/1497/1577
f 1461/1335/1578 1450/1491/1578 1460/1495/1578
f 1443/1492/1579 1454/1498/1579 1444/1493/1579
f 1444/1493/1580 1455/1499/1580 1445/1494/1580
f 1445/1494/1581 1456/1500/1581 1446/1485/1581
f 1446/1485/1582 1457/1501/1582 1447/1486/1582
f 1447/1486/1583 1458/1502/1583 1448/1487/1583
f 1441/1488/1584 369/393/1584 1451/1503/1584
f 1448/1487/1585 1459/1504/1585 1449/1489/1585
f 1442/1490/1586 1451/1503/1586 1452/1496/1586
f 1456/1500/1587 1468/1505/1587 1457/1501/1587
f 1457/1501/1588 1469/1506/1588 1458/1502/1588
f 1451/1503/1589 369/393/1589 1462/1507/1589
f 1458/1502/1590 1470/1508/1590 1459/1504/1590
f 1452/1496/1591 1462/1507/1591 1463/1509/1591
f 1459/1504/1592 1471/1510/1592 1460/1495/1592
f 1453/1497/1593 1463/1509/1593 1464/1511/1593
f 1461/1335/1594 1460/1495/1594 1471/1510/1594
f 1453/1497/1595 1465/1512/1595 1454/1498/1595
f 1454/1498/1596 1466/1513/1596 1455/1499/1596
f 1455/1499/1597 1467/1514/1597 1456/1500/1597
f 1461/1335/1598 1471/1510/1598 1480/1515/1598
f 1464/1511/1599 1474/1516/1599 1465/1512/1599
f 1465/1512/1600 1475/1517/1600 1466/1513/1600
f 1466/1513/1601 1476/1518/1601 1467/1514/1601
f 1467/1514/1602 1477/1519/1602 1468/1505/1602
f 1468/1505/1603 1478/1520/1603 1469/1506/1603
f 581/610/1604 585/971/1604 582/611/1604
f 1469/1506/1605 1479/1521/1605 1470/1508/1605
f 1462/1507/1606 1472/1522/1606 1463/1509/1606
f 1470/1508/1607 1480/1515/1607 1471/1510/1607
f 1464/1511/1608 1472/1522/1608 1473/1523/1608
f 1477/1519/1609 1487/1524/1609 1478/1520/1609
f 1478/1520/1610 1488/1525/1610 1479/1521/1610
f 1472/1522/1611 369/393/1611 1481/1465/1611
f 1479/1521/1612 1489/1526/1612 1480/1515/1612
f 1473/1523/1613 1481/1465/1613 1482/1527/1613
f 1461/1335/1614 1480/1515/1614 1489/1526/1614
f 1473/1523/1615 1483/1528/1615 1474/1516/1615
f 1474/1516/1616 1484/1529/1616 1475/1517/1616
f 1475/1517/1617 1485/1530/1617 1476/1518/1617
f 1476/1518/1618 1486/1531/1618 1477/1519/1618
f 1482/1527/1619 1491/1532/1619 1483/1528/1619
f 1483/1528/1620 1492/1533/1620 1484/1529/1620
f 1484/1529/1621 1493/1534/1621 1485/1530/1621
f 1485/1530/1622 1494/1535/1622 1486/1531/1622
f 1486/1531/1623 1495/1536/1623 1487/1524/1623
f 1487/1524/1624 1496/1537/1624 1488/1525/1624
f 1488/1525/1625 1497/1538/1625 1489/1526/1625
f 1481/1465/1626 1490/1539/1626 1482/1527/1626
f 1461/1335/1627 1489/1526/1627 1497/1538/1627
f 1495/1536/1628 1502/1540/1628 1503/1541/1628
f 1496/1537/1629 1503/1541/1629 1504/1542/1629
f 1497/1538/1630 1504/1542/1630 1505/1543/1630
f 1490/1539/1631 370/395/1631 1498/397/1631
f 1461/1335/1632 1497/1538/1632 1505/1543/1632
f 1491/1532/1633 1498/397/1633 1499/1544/1633
f 1492/1533/1634 1499/1544/1634 1500/1545/1634
f 1493/1534/1635 1500/1545/1635 1501/1546/1635
f 1494/1535/1636 1501/1546/1636 1502/1540/1636
f 1500/1545/1637 1506/1547/1637 1507/1548/1637
f 1501/1546/1638 1507/1548/1638 1508/1549/1638
f 1502/1540/1639 1508/1549/1639 1509/1550/1639
f 1503/1541/1640 1509/1550/1640 1510/1551/1640
f 1504/1542/1641 1510/1551/1641 1511/1552/1641
f 1505/1543/1642 1511/1552/1642 1512/1553/1642
f 1461/1335/1643 1505/1543/1643 1512/1553/1643
f 1498/397/1644 1506/1547/1644 1499/1544/1644
f 1511/1552/1645 1516/1554/1645 1517/1555/1645
f 1512/1553/1646 1517/1555/1646 1518/1556/1646
f 1461/1335/1647 1512/1553/1647 1518/1556/1647
f 1506/1547/1648 1513/1557/1648 1507/1548/1648
f 1508/1549/1649 1513/1557/1649 1514/1558/1649
f 1509/1550/1650 1514/1558/1650 1515/1559/1650
f 1510/1551/1651 1515/1559/1651 1516/1554/1651
f 1513/1557/1652 376/396/1652 1519/1560/1652
f 1514/1558/1653 1519/1560/1653 1520/1561/1653
f 1515/1559/1654 1520/1561/1654 1521/1562/1654
f 1516/1554/1655 1521/1562/1655 1522/1563/1655
f 1517/1555/1656 1522/1563/1656 1523/1564/1656
f 1518/1556/1657 1523/1564/1657 1524/1565/1657
f 1461/1335/1658 1518/1556/1658 1524/1565/1658
f 1523/1564/1659 1528/1566/1659 1529/1567/1659
f 1524/1565/1660 1529/1567/1660 1530/1568/1660
f 1461/1335/1661 1524/1565/1661 1530/1568/1661
f 1519/1560/1662 376/396/1662 1525/1569/1662
f 1520/1561/1663 1525/1569/1663 1526/1570/1663
f 1521/1562/1664 1526/1570/1664 1527/1571/1664
f 1522/1563/1665 1527/1571/1665 1528/1566/1665
f 1526/1570/1666 1531/1572/1666 1532/1573/1666
f 1527/1571/1667 1532/1573/1667 1533/1574/1667
f 1528/1566/1668 1533/1574/1668 1534/1575/1668
f 1529/1567/1669 1534/1575/1669 1535/1576/1669
f 1530/1568/1670 1535/1576/1670 1536/1577/1670
f 1461/1335/1671 1530/1568/1671 1536/1577/1671
f 1525/1569/1672 365/386/1672 1531/1572/1672
f 1536/1577/1673 1541/1578/1673 1542/1579/1673
f 1461/1335/1674 1536/1577/1674 1542/1579/1674
f 1531/1572/1675 365/386/1675 1537/1580/1675
f 1532/1573/1676 1537/1580/1676 1538/1581/1676
f 1533/1574/1677 1538/1581/1677 1539/1582/1677
f 1534/1575/1678 1539/1582/1678 1540/1583/1678
f 1535/1576/1679 1540/1583/1679 1541/1578/1679
f 1539/1582/1680 1288/1326/1680 1544/1328/1680
f 1540/1583/1681 1544/1328/1681 1545/1330/1681
f 1541/1578/1682 1545/1330/1682 1546/1332/1682
f 1542/1579/1683 1546/1332/1683 1547/1334/1683
f 1461/1335/1684 1542/1579/1684 1547/1334/1684
f 1537/1580/1685 586/382/1685 1543/1324/1685
f 1538/1581/1686 1543/1324/1686 1288/1326/1686
f 542/1584/1687 1553/1585/1687 1552/1586/1687
f 1565/1587/1688 1595/1588/1688 1594/1589/1688
f 525/1590/1689 1561/1591/1689 526/1592/1689
f 533/1593/1690 1570/1594/1690 1569/1595/1690
f 526/1592/1691 1558/1596/1691 1557/1597/1691
f 533/1593/1692 1566/1598/1692 525/1590/1692
f 542/1584/1693 1554/1599/1693 1553/1585/1693
f 525/1590/1694 1563/1600/1694 1562/1601/1694
f 533/1593/1695 1571/1602/1695 1570/1594/1695
f 526/1592/1696 1559/1603/1696 1558/1596/1696
f 533/1593/1697 1568/1604/1697 1567/1605/1697
f 541/1606/1698 1549/1607/1698 1548/1608/1698
f 541/1606/1699 1548/1608/1699 1573/1609/1699
f 534/1610/1700 1555/1611/1700 1554/1599/1700
f 525/1590/1701 1564/1612/1701 1563/1600/1701
f 541/1606/1702 1572/1613/1702 1571/1602/1702
f 542/1584/1703 1552/1586/1703 1551/1614/1703
f 526/1592/1704 1560/1615/1704 1559/1603/1704
f 541/1606/1705 1550/1616/1705 1549/1607/1705
f 534/1610/1706 1556/1617/1706 1555/1611/1706
f 525/1590/1707 1565/1587/1707 1564/1612/1707
f 541/1606/1708 1573/1609/1708 1572/1613/1708
f 526/1592/1709 1561/1591/1709 1560/1615/1709
f 533/1593/1710 1569/1595/1710 1568/1604/1710
f 542/1584/1711 1551/1614/1711 1550/1616/1711
f 526/1592/1712 1556/1617/1712 534/1610/1712
f 525/1590/1713 1566/1598/1713 1565/1587/1713
f 1597/1618/1714 1630/1619/1714 1629/1620/1714
f 1553/1585/1715 1581/1621/1715 1552/1586/1715
f 1566/1598/1716 1596/1622/1716 1595/1588/1716
f 1553/1585/1717 1583/1623/1717 1582/1624/1717
f 1567/1605/1718 1597/1618/1718 1596/1622/1718
f 1554/1599/1719 1584/1625/1719 1583/1623/1719
f 1568/1604/1720 1598/1626/1720 1597/1618/1720
f 1555/1611/1721 1585/1627/1721 1584/1625/1721
f 1569/1595/1722 1598/1626/1722 1568/1604/1722
f 1556/1617/1723 1586/1628/1723 1585/1627/1723
f 1570/1594/1724 1599/1629/1724 1569/1595/1724
f 1557/1597/1725 1587/1630/1725 1586/1628/1725
f 1571/1602/1726 1600/1631/1726 1570/1594/1726
f 1558/1596/1727 1588/1632/1727 1587/1630/1727
f 1549/1607/1728 1574/1633/1728 1548/1608/1728
f 1572/1613/1729 1601/1634/1729 1571/1602/1729
f 1559/1603/1730 1589/1635/1730 1588/1632/1730
f 1550/1616/1731 1575/1636/1731 1549/1607/1731
f 1573/1609/1732 1602/1637/1732 1572/1613/1732
f 1560/1615/1733 1590/1638/1733 1589/1635/1733
f 1551/1614/1734 1576/1639/1734 1550/1616/1734
f 1573/1609/1735 1604/1640/1735 1603/1641/1735
f 1561/1591/1736 1591/1642/1736 1590/1638/1736
f 1551/1614/1737 1578/1643/1737 1577/1644/1737
f 1573/1609/1738 1605/1645/1738 1604/1640/1738
f 1562/1601/1739 1592/1646/1739 1591/1642/1739
f 1551/1614/1740 1579/1647/1740 1578/1643/1740
f 1548/1608/1741 1605/1645/1741 1573/1609/1741
f 1563/1600/1742 1593/1648/1742 1592/1646/1742
f 1552/1586/1743 1579/1647/1743 1551/1614/1743
f 1564/1612/1744 1594/1589/1744 1593/1648/1744
f 1552/1586/1745 1581/1621/1745 1580/1649/1745
f 1633/1650/1746 1664/1651/1746 1632/1652/1746
f 1584/1625/1747 1617/1653/1747 1616/1654/1747
f 1598/1626/1748 1631/1655/1748 1630/1619/1748
f 1585/1627/1749 1618/1656/1749 1617/1653/1749
f 1599/1629/1750 1632/1652/1750 1631/1655/1750
f 1586/1628/1751 1619/1657/1751 1618/1656/1751
f 1600/1631/1752 1633/1650/1752 1632/1652/1752
f 1587/1630/1753 1620/1658/1753 1619/1657/1753
f 1575/1636/1754 1606/1659/1754 1574/1633/1754
f 1601/1634/1755 1634/1660/1755 1633/1650/1755
f 1588/1632/1756 1621/1661/1756 1620/1658/1756
f 1576/1639/1757 1607/1662/1757 1575/1636/1757
f 1603/1641/1758 1634/1660/1758 1602/1637/1758
f 1589/1635/1759 1622/1663/1759 1621/1661/1759
f 1576/1639/1760 1609/1664/1760 1608/1665/1760
f 1604/1640/1761 1635/1666/1761 1603/1641/1761
f 1590/1638/1762 1623/1667/1762 1622/1663/1762
f 1577/1644/1763 1610/1668/1763 1609/1664/1763
f 1605/1645/1764 1636/1669/1764 1604/1640/1764
f 1591/1642/1765 1624/1670/1765 1623/1667/1765
f 1578/1643/1766 1611/1671/1766 1610/1668/1766
f 1574/1633/1767 1637/1672/1767 1605/1645/1767
f 1592/1646/1768 1625/1673/1768 1624/1670/1768
f 1579/1647/1769 1612/1674/1769 1611/1671/1769
f 1593/1648/1770 1626/1675/1770 1625/1673/1770
f 1580/1649/1771 1613/1676/1771 1612/1674/1771
f 1594/1589/1772 1627/1677/1772 1626/1675/1772
f 1581/1621/1773 1614/1678/1773 1613/1676/1773
f 1595/1588/1774 1628/1679/1774 1627/1677/1774
f 1582/1624/1775 1615/1680/1775 1614/1678/1775
f 1596/1622/1776 1629/1620/1776 1628/1679/1776
f 1583/1623/1777 1616/1654/1777 1615/1680/1777
f 1641/1681/1778 1672/1682/1778 1640/1683/1778
f 1619/1657/1779 1652/1684/1779 1651/1685/1779
f 1607/1662/1780 1638/1686/1780 1606/1659/1780
f 1634/1660/1781 1665/1687/1781 1633/1650/1781
f 1620/1658/1782 1653/1688/1782 1652/1684/1782
f 1607/1662/1783 1640/1683/1783 1639/1689/1783
f 1635/1666/1784 1666/1690/1784 1634/1660/1784
f 1622/1663/1785 1653/1688/1785 1621/1661/1785
f 1608/1665/1786 1641/1681/1786 1640/1683/1786
f 1636/1669/1787 1667/1691/1787 1635/1666/1787
f 1623/1667/1788 1654/1692/1788 1622/1663/1788
f 1609/1664/1789 1642/1693/1789 1641/1681/1789
f 1637/1672/1790 1668/1694/1790 1636/1669/1790
f 1624/1670/1791 1655/1695/1791 1623/1667/1791
f 1610/1668/1792 1643/1696/1792 1642/1693/1792
f 1606/1659/1793 1669/1697/1793 1637/1672/1793
f 1625/1673/1794 1656/1698/1794 1624/1670/1794
f 1611/1671/1795 1644/1699/1795 1643/1696/1795
f 1626/1675/1796 1657/1700/1796 1625/1673/1796
f 1612/1674/1797 1645/1701/1797 1644/1699/1797
f 1627/1677/1798 1658/1702/1798 1626/1675/1798
f 1613/1676/1799 1646/1703/1799 1645/1701/1799
f 1628/1679/1800 1659/1704/1800 1627/1677/1800
f 1614/1678/1801 1647/1705/1801 1646/1703/1801
f 1629/1620/1802 1660/1706/1802 1628/1679/1802
f 1615/1680/1803 1648/1707/1803 1647/1705/1803
f 1630/1619/1804 1661/1708/1804 1629/1620/1804
f 1616/1654/1805 1649/1709/1805 1648/1707/1805
f 1631/1655/1806 1662/1710/1806 1630/1619/1806
f 1617/1653/1807 1650/1711/1807 1649/1709/1807
f 1632/1652/1808 1663/1712/1808 1631/1655/1808
f 1618/1656/1809 1651/1685/1809 1650/1711/1809
f 1694/1713/1810 1725/1714/1810 1693/1715/1810
f 1667/1691/1811 1700/1716/1811 1699/1717/1811
f 1654/1692/1812 1687/1718/1812 1686/1719/1812
f 1642/1693/1813 1673/1720/1813 1641/1681/1813
f 1668/1694/1814 1701/1721/1814 1700/1716/1814
f 1655/1695/1815 1688/1722/1815 1687/1718/1815
f 1643/1696/1816 1674/1723/1816 1642/1693/1816
f 1669/1697/1817 1670/1724/1817 1701/1721/1817
f 1656/1698/1818 1689/1725/1818 1688/1722/1818
f 1644/1699/1819 1675/1726/1819 1643/1696/1819
f 1657/1700/1820 1690/1727/1820 1689/1725/1820
f 1645/1701/1821 1676/1728/1821 1644/1699/1821
f 1658/1702/1822 1691/1729/1822 1690/1727/1822
f 1646/1703/1823 1677/1730/1823 1645/1701/1823
f 1659/1704/1824 1692/1731/1824 1691/1729/1824
f 1647/1705/1825 1678/1732/1825 1646/1703/1825
f 1660/1706/1826 1693/1715/1826 1692/1731/1826
f 1648/1707/1827 1679/1733/1827 1647/1705/1827
f 1661/1708/1828 1694/1713/1828 1693/1715/1828
f 1649/1709/1829 1680/1734/1829 1648/1707/1829
f 1662/1710/1830 1695/1735/1830 1694/1713/1830
f 1650/1711/1831 1681/1736/1831 1649/1709/1831
f 1663/1712/1832 1696/1737/1832 1695/1735/1832
f 1651/1685/1833 1682/1738/1833 1650/1711/1833
f 1664/1651/1834 1697/1739/1834 1696/1737/1834
f 1652/1684/1835 1683/1740/1835 1651/1685/1835
f 1638/1686/1836 1671/1741/1836 1670/1724/1836
f 1665/1687/1837 1698/1742/1837 1697/1739/1837
f 1653/1688/1838 1684/1743/1838 1652/1684/1838
f 1639/1689/1839 1672/1682/1839 1671/1741/1839
f 1666/1690/1840 1699/1717/1840 1698/1742/1840
f 1654/1692/1841 1685/1744/1841 1653/1688/1841
f 1729/1745/1842 1760/1746/1842 1728/1747/1842
f 1680/1734/1843 1713/1748/1843 1712/1749/1843
f 1695/1735/1844 1726/1750/1844 1694/1713/1844
f 1681/1736/1845 1714/1751/1845 1713/1748/1845
f 1696/1737/1846 1727/1752/1846 1695/1735/1846
f 1682/1738/1847 1715/1753/1847 1714/1751/1847
f 1697/1739/1848 1728/1747/1848 1696/1737/1848
f 1683/1740/1849 1716/1754/1849 1715/1753/1849
f 1671/1741/1850 1702/1755/1850 1670/1724/1850
f 1698/1742/1851 1729/1745/1851 1697/1739/1851
f 1684/1743/1852 1717/1756/1852 1716/1754/1852
f 1671/1741/1853 1704/1757/1853 1703/1758/1853
f 1699/1717/1854 1730/1759/1854 1698/1742/1854
f 1685/1744/1855 1718/1760/1855 1717/1756/1855
f 1672/1682/1856 1705/1761/1856 1704/1757/1856
f 1700/1716/1857 1731/1762/1857 1699/1717/1857
f 1686/1719/1858 1719/1763/1858 1718/1760/1858
f 1673/1720/1859 1706/1764/1859 1705/1761/1859
f 1701/1721/1860 1732/1765/1860 1700/1716/1860
f 1688/1722/1861 1719/1763/1861 1687/1718/1861
f 1674/1723/1862 1707/1766/1862 1706/1764/1862
f 1670/1724/1863 1733/1767/1863 1701/1721/1863
f 1689/1725/1864 1720/1768/1864 1688/1722/1864
f 1675/1726/1865 1708/1769/1865 1707/1766/1865
f 1690/1727/1866 1721/1770/1866 1689/1725/1866
f 1676/1728/1867 1709/1771/1867 1708/1769/1867
f 1691/1729/1868 1722/1772/1868 1690/1727/1868
f 1677/1730/1869 1710/1773/1869 1709/1771/1869
f 1692/1731/1870 1723/1774/1870 1691/1729/1870
f 1678/1732/1871 1711/1775/1871 1710/1773/1871
f 1693/1715/1872 1724/1776/1872 1692/1731/1872
f 1679/1733/1873 1712/1749/1873 1711/1775/1873
f 1752/1777/1874 1785/1778/1874 1784/1779/1874
f 1715/1753/1875 1748/1780/1875 1747/1781/1875
f 1703/1758/1876 1734/1782/1876 1702/1755/1876
f 1730/1759/1877 1761/1783/1877 1729/1745/1877
f 1716/1754/1878 1749/1784/1878 1748/1780/1878
f 1703/1758/1879 1736/1785/1879 1735/1786/1879
f 1730/1759/1880 1763/1787/1880 1762/1788/1880
f 1717/1756/1881 1750/1789/1881 1749/1784/1881
f 1705/1761/1882 1736/1785/1882 1704/1757/1882
f 1732/1765/1883 1763/1787/1883 1731/1762/1883
f 1718/1760/1884 1751/1790/1884 1750/1789/1884
f 1706/1764/1885 1737/1791/1885 1705/1761/1885
f 1732/1765/1886 1765/1792/1886 1764/1793/1886
f 1720/1768/1887 1751/1790/1887 1719/1763/1887
f 1707/1766/1888 1738/1794/1888 1706/1764/1888
f 1702/1755/1889 1765/1792/1889 1733/1767/1889
f 1721/1770/1890 1752/1777/1890 1720/1768/1890
f 1707/1766/1891 1740/1795/1891 1739/1796/1891
f 1721/1770/1892 1754/1797/1892 1753/1798/1892
f 1708/1769/1893 1741/1799/1893 1740/1795/1893
f 1723/1774/1894 1754/1797/1894 1722/1772/1894
f 1710/1773/1895 1741/1799/1895 1709/1771/1895
f 1723/1774/1896 1756/1800/1896 1755/1801/1896
f 1710/1773/1897 1743/1802/1897 1742/1803/1897
f 1725/1714/1898 1756/1800/1898 1724/1776/1898
f 1712/1749/1899 1743/1802/1899 1711/1775/1899
f 1725/1714/1900 1758/1804/1900 1757/1805/1900
f 1712/1749/1901 1745/1806/1901 1744/1807/1901
f 1727/1752/1902 1758/1804/1902 1726/1750/1902
f 1714/1751/1903 1745/1806/1903 1713/1748/1903
f 1727/1752/1904 1760/1746/1904 1759/1808/1904
f 1715/1753/1905 1746/1809/1905 1714/1751/1905
f 1781/1810/1906 1789/1811/1906 1797/1812/1906
f 1739/1796/1907 1772/1813/1907 1771/1814/1907
f 1753/1798/1908 1786/1815/1908 1785/1778/1908
f 1740/1795/1909 1773/1816/1909 1772/1813/1909
f 1754/1797/1910 1787/1817/1910 1786/1815/1910
f 1741/1799/1911 1774/1818/1911 1773/1816/1911
f 1756/1800/1912 1787/1817/1912 1755/1801/1912
f 1742/1803/1913 1775/1819/1913 1774/1818/1913
f 1757/1805/1914 1788/1820/1914 1756/1800/1914
f 1743/1802/1915 1776/1821/1915 1775/1819/1915
f 1758/1804/1916 1789/1811/1916 1757/1805/1916
f 1744/1807/1917 1777/1822/1917 1776/1821/1917
f 1759/1808/1918 1790/1823/1918 1758/1804/1918
f 1745/1806/1919 1778/1824/1919 1777/1822/1919
f 1760/1746/1920 1791/1825/1920 1759/1808/1920
f 1746/1809/1921 1779/1826/1921 1778/1824/1921
f 1761/1783/1922 1792/1827/1922 1760/1746/1922
f 1747/1781/1923 1780/1828/1923 1779/1826/1923
f 1735/1786/1924 1766/1829/1924 1734/1782/1924
f 1762/1788/1925 1793/1830/1925 1761/1783/1925
f 1748/1780/1926 1781/1810/1926 1780/1828/1926
f 1736/1785/1927 1767/1831/1927 1735/1786/1927
f 1763/1787/1928 1794/1832/1928 1762/1788/1928
f 1749/1784/1929 1782/1833/1929 1781/1810/1929
f 1737/1791/1930 1768/1834/1930 1736/1785/1930
f 1764/1793/1931 1795/1835/1931 1763/1787/1931
f 1750/1789/1932 1783/1836/1932 1782/1833/1932
f 1737/1791/1933 1770/1837/1933 1769/1838/1933
f 1765/1792/1934 1796/1839/1934 1764/1793/1934
f 1751/1790/1935 1784/1779/1935 1783/1836/1935
f 1738/1794/1936 1771/1814/1936 1770/1837/1936
f 1734/1782/1937 1797/1812/1937 1765/1792/1937
f 214/222/1938 203/221/1938 213/232/1938
f 1801/1840/1939 1803/1841/1939 1800/1842/1939
f 215/242/1940 227/220/1940 228/260/1940
f 1805/1843/1941 182/1844/1941 192/206/1941
f 1806/1845/1942 173/204/1942 1807/1846/1942
f 1804/1847/1943 192/206/1943 227/220/1943
f 1800/1842/1944 1799/1848/1944 1798/1849/1944
f 204/236/1945 1804/1847/1945 215/242/1945
f 1802/1850/1945 1805/1843/1945 1803/1841/1945
f 1806/1845/1946 1801/1840/1946 1800/1842/1946
f 1803/1841/1945 1804/1847/1945 1799/1848/1945
f 226/256/1947 214/222/1947 225/250/1947
f 1811/1851/1948 360/1852/1948 1810/1853/1948
f 1812/1854/1949 1813/1855/1949 1814/1856/1949
f 1810/1853/1950 18/39/1950 7/26/1950
f 1811/1857/1951 339/364/1951 347/366/1951
f 1808/1858/1952 1810/1853/1952 1809/1859/1952
f 7/7/1953 1813/1855/1953 1812/1854/1953
f 1813/1855/1954 339/370/1954 1814/1856/1954
f 1808/1858/1955 331/1860/1955 1811/1857/1955
f 339/370/1956 1813/1855/1956 7/7/1956
f 466/497/1957 671/699/1957 467/498/1957
f 168/184/1958 187/203/1958 465/657/1958
f 581/610/1959 934/965/1959 585/971/1959
f 921/950/1960 926/957/1960 581/610/1960
f 585/971/1961 364/392/1961 369/393/1961
f 473/735/1962 1177/1228/1962 1167/1208/1962
f 481/511/1963 1273/1313/1963 488/515/1963
f 1809/1859/1964 30/1861/1964 9/1862/1964
f 7/7/1965 1809/1859/1965 9/1862/1965
f 1812/1854/1966 1808/1858/1966 1809/1859/1966
f 1812/1854/1967 1809/1859/1967 7/7/1967
f 360/1852/1968 5/19/1968 6/18/1968
f 18/39/1969 6/18/1969 17/20/1969
f 1811/1863/1970 5/1864/1970 1810/1865/1970
f 340/1866/1971 1814/1856/1971 339/370/1971
f 193/213/1972 1798/1849/1972 204/236/1972
f 173/204/1973 1806/1845/1973 193/213/1973
f 144/158/1974 146/161/1974 145/159/1974
f 144/158/1975 182/1844/1975 1802/1850/1975
f 146/1867/1976 1801/1867/1976 155/1867/1976
f 164/1867/1977 1801/1867/1977 173/1867/1977
f 165/190/1978 155/1867/1978 164/205/1978
f 362/1/1 4/15/1 12/2/1
f 363/4/1979 362/1/1979 13/3/1979
f 2/9/1980 1/6/1980 8/8/1980
f 2/9/1981 9/10/1981 10/11/1981
f 361/13/6 3/12/6 10/11/6
f 4/15/7 361/13/7 11/14/7
f 12/2/8 11/14/8 19/16/8
f 13/3/10 12/2/10 20/17/10
f 14/5/1982 13/3/1982 21/21/1982
f 10/11/1983 9/10/1983 19/16/1983
f 15/24/20 23/30/20 24/32/20
f 9/10/1984 30/29/1984 31/33/1984
f 16/25/1985 24/32/1985 25/34/1985
f 20/17/23 19/16/23 31/33/23
f 17/20/1986 5/19/1986 25/34/1986
f 21/21/25 20/17/25 32/35/25
f 17/20/1987 26/36/1987 27/38/1987
f 22/22/1988 21/21/1988 33/37/1988
f 18/39/1989 27/38/1989 28/27/1989
f 32/35/29 31/33/29 43/41/29
f 25/34/30 37/52/30 38/43/30
f 33/37/31 32/35/31 44/42/31
f 26/36/32 38/43/32 39/45/32
f 34/40/1990 33/37/1990 45/44/1990
f 27/38/34 39/45/34 40/47/34
f 28/27/35 40/47/35 41/48/35
f 29/28/1991 41/48/1991 42/49/1991
f 23/30/38 35/50/38 36/51/38
f 24/32/40 36/51/40 37/52/40
f 41/48/41 53/65/41 54/53/41
f 42/49/1992 54/53/1992 55/55/1992
f 35/50/44 47/54/44 48/56/44
f 43/41/1993 30/29/1993 55/55/1993
f 36/51/46 48/56/46 49/58/46
f 44/42/47 43/41/47 56/57/47
f 37/52/48 49/58/48 50/60/48
f 45/44/49 44/42/49 57/59/49
f 38/43/50 50/60/50 51/62/50
f 46/46/1994 45/44/1994 58/61/1994
f 39/45/52 51/62/52 52/64/52
f 40/47/53 52/64/53 53/65/53
f 58/61/54 57/59/54 71/66/54
f 50/60/55 64/78/55 65/68/55
f 59/63/1995 58/61/1995 72/67/1995
f 51/62/57 65/68/57 66/70/57
f 52/64/58 66/70/58 67/71/58
f 53/65/59 67/71/59 68/72/59
f 54/53/61 68/72/61 69/74/61
f 47/54/62 61/73/62 62/75/62
f 56/57/63 55/55/63 69/74/63
f 48/56/64 62/75/64 63/77/64
f 57/59/65 56/57/65 70/76/65
f 49/58/66 63/77/66 64/78/66
f 68/72/68 81/91/68 82/80/68
f 61/73/69 74/79/69 75/81/69
f 70/76/70 69/74/70 82/80/70
f 62/75/71 75/81/71 76/83/71
f 71/66/72 70/76/72 83/82/72
f 63/77/73 76/83/73 77/85/73
f 72/67/74 71/66/74 84/84/74
f 64/78/75 77/85/75 78/87/75
f 73/69/1996 72/67/1996 85/86/1996
f 65/68/77 78/87/77 79/89/77
f 66/70/78 79/89/78 80/90/78
f 67/71/79 80/90/79 81/91/79
f 77/85/80 90/104/80 91/92/80
f 86/88/1997 85/86/1997 98/93/1997
f 78/87/82 91/92/82 92/95/82
f 79/89/83 92/95/83 93/96/83
f 80/90/84 93/96/84 94/97/84
f 81/91/86 94/97/86 95/99/86
f 74/79/87 87/98/87 88/100/87
f 83/82/88 82/80/88 95/99/88
f 75/81/89 88/100/89 89/102/89
f 84/84/90 83/82/90 96/101/90
f 76/83/91 89/102/91 90/104/91
f 85/86/92 84/84/92 97/103/92
f 95/105/93 94/129/93 107/106/93
f 88/108/94 87/130/94 100/109/94
f 95/105/95 108/107/95 109/111/95
f 89/113/96 88/108/96 101/110/96
f 96/112/97 109/111/97 110/115/97
f 90/117/98 89/113/98 102/114/98
f 97/116/99 110/115/99 111/119/99
f 91/121/100 90/117/100 103/118/100
f 98/120/1998 111/119/1998 112/123/1998
f 92/125/102 91/121/102 104/122/102
f 93/127/103 92/125/103 105/126/103
f 94/129/104 93/127/104 106/128/104
f 111/119/1999 124/143/1999 125/131/1999
f 105/126/107 104/122/107 117/132/107
f 106/128/108 105/126/108 118/133/108
f 107/106/109 106/128/109 119/134/109
f 108/107/111 107/106/111 120/135/111
f 101/110/112 100/109/112 113/136/112
f 108/107/113 121/137/113 122/139/113
f 102/114/114 101/110/114 114/138/114
f 109/111/115 122/139/115 123/141/115
f 103/118/116 102/114/116 115/140/116
f 110/115/117 123/141/117 124/143/117
f 104/122/118 103/118/118 116/142/118
f 114/138/119 113/136/119 126/144/119
f 121/137/120 134/156/120 135/146/120
f 115/140/2000 114/138/2000 127/145/2000
f 122/139/122 135/146/122 136/148/122
f 116/142/123 115/140/123 128/147/123
f 123/141/124 136/148/124 137/150/124
f 117/132/125 116/142/125 129/149/125
f 124/143/2001 137/150/2001 138/152/2001
f 118/133/127 117/132/127 130/151/127
f 119/134/128 118/133/128 131/153/128
f 120/135/129 119/134/129 132/154/129
f 121/137/131 120/135/131 133/155/131
f 131/153/2002 130/151/2002 143/157/2002
f 132/154/2003 144/158/2003 145/159/2003
f 134/156/2004 133/155/2004 145/159/2004
f 127/145/137 126/144/137 139/160/137
f 134/156/2005 146/161/2005 147/163/2005
f 128/147/139 127/145/139 140/162/139
f 135/146/140 147/163/140 148/165/140
f 129/149/141 128/147/141 141/164/141
f 136/148/142 148/165/142 149/167/142
f 130/151/143 129/149/143 142/166/143
f 137/150/2006 149/167/2006 150/168/2006
f 146/161/2007 155/179/2007 156/169/2007
f 141/164/146 140/162/146 152/170/146
f 147/163/147 156/169/147 157/172/147
f 142/166/148 141/164/148 153/171/148
f 148/165/149 157/172/149 158/174/149
f 143/157/2008 142/166/2008 154/173/2008
f 149/167/2009 158/174/2009 159/175/2009
f 140/162/153 139/160/153 151/176/153
f 152/170/155 151/176/155 160/177/155
f 155/179/2010 165/190/2010 166/180/2010
f 153/171/157 152/170/157 161/178/157
f 156/169/158 166/180/158 167/182/158
f 154/173/2011 153/171/2011 162/181/2011
f 157/172/160 167/182/160 168/184/160
f 158/174/2012 168/184/2012 169/185/2012
f 166/180/163 176/194/163 177/186/163
f 167/182/165 177/186/165 178/188/165
f 165/190/2013 164/205/2013 174/191/2013
f 161/178/168 160/177/168 170/189/168
f 166/180/2014 165/190/2014 175/192/2014
f 162/181/170 161/178/170 171/193/170
f 175/192/172 174/191/172 183/196/172
f 171/193/173 170/189/173 179/195/173
f 175/192/174 184/197/174 185/199/174
f 172/187/175 171/193/175 180/198/175
f 176/194/176 185/199/176 186/201/176
f 163/183/2015 172/187/2015 181/200/2015
f 177/186/178 186/201/178 187/203/178
f 181/200/2016 191/218/2016 192/206/2016
f 187/203/182 186/201/182 196/207/182
f 187/203/2017 197/208/2017 198/211/2017
f 183/196/187 193/213/187 194/215/187
f 179/195/188 189/214/188 190/216/188
f 185/199/189 184/197/189 194/215/189
f 180/198/190 190/216/190 191/218/190
f 186/201/191 185/199/191 195/217/191
f 214/222/2018 226/256/2018 227/220/2018
f 227/220/2019 192/206/2019 203/221/2019
f 189/214/194 199/219/194 200/223/194
f 194/215/2020 204/236/2020 205/224/2020
f 190/216/196 200/223/196 201/225/196
f 196/207/197 195/217/197 205/224/197
f 191/218/2021 201/225/2021 202/227/2021
f 197/208/199 196/207/199 206/226/199
f 198/211/2022 197/208/2022 207/228/2022
f 207/228/202 206/226/202 217/230/202
f 202/227/203 212/239/203 213/232/203
f 208/229/2023 207/228/2023 218/231/2023
f 199/219/206 209/234/206 210/235/206
f 204/236/2024 215/242/2024 216/237/2024
f 200/223/208 210/235/208 211/238/208
f 206/226/209 205/224/209 216/237/209
f 201/225/210 211/238/210 212/239/210
f 209/234/212 220/240/212 221/241/212
f 215/242/2025 228/260/2025 229/243/2025
f 210/235/214 221/241/214 222/244/214
f 217/230/215 216/237/215 229/243/215
f 211/238/216 222/244/216 223/246/216
f 218/231/217 217/230/217 230/245/217
f 212/239/218 223/246/218 224/248/218
f 219/233/2026 218/231/2026 231/247/2026
f 213/232/220 224/248/220 225/250/220
f 223/246/221 236/265/221 237/251/221
f 232/249/2027 231/247/2027 244/252/2027
f 224/248/223 237/251/223 238/254/223
f 225/250/224 238/254/224 239/255/224
f 226/256/2028 239/255/2028 240/257/2028
f 227/220/2029 240/257/2029 241/259/2029
f 220/240/228 233/258/228 234/261/228
f 229/243/2030 228/260/2030 241/259/2030
f 221/241/230 234/261/230 235/263/230
f 230/245/231 229/243/231 242/262/231
f 222/244/232 235/263/232 236/265/232
f 231/247/233 230/245/233 243/264/233
f 240/257/234 253/277/234 254/266/234
f 233/258/235 246/278/235 247/267/235
f 242/262/236 241/259/236 254/266/236
f 234/261/237 247/267/237 248/269/237
f 243/264/238 242/262/238 255/268/238
f 235/263/239 248/269/239 249/271/239
f 244/252/240 243/264/240 256/270/240
f 236/265/241 249/271/241 250/273/241
f 245/253/2031 244/252/2031 257/272/2031
f 237/251/243 250/273/243 251/275/243
f 238/254/244 251/275/244 252/276/244
f 239/255/245 252/276/245 253/277/245
f 258/274/2032 257/272/2032 270/279/2032
f 250/273/248 263/291/248 264/281/248
f 251/275/249 264/281/249 265/282/249
f 252/276/250 265/282/250 266/283/250
f 253/277/252 266/283/252 267/285/252
f 246/278/253 259/284/253 260/286/253
f 255/268/254 254/266/254 267/285/254
f 247/267/255 260/286/255 261/288/255
f 256/270/256 255/268/256 268/287/256
f 248/269/257 261/288/257 262/290/257
f 257/272/258 256/270/258 269/289/258
f 249/271/259 262/290/259 263/291/259
f 268/287/260 267/285/260 280/292/260
f 260/286/261 273/304/261 274/294/261
f 269/289/262 268/287/262 281/293/262
f 261/288/263 274/294/263 275/296/263
f 270/279/264 269/289/264 282/295/264
f 262/290/265 275/296/265 276/298/265
f 271/280/2033 270/279/2033 283/297/2033
f 263/291/267 276/298/267 277/300/267
f 264/281/268 277/300/268 278/301/268
f 265/282/269 278/301/269 279/302/269
f 266/283/271 279/302/271 280/292/271
f 259/284/272 272/303/272 273/304/272
f 278/301/273 277/300/273 290/305/273
f 279/302/274 278/301/274 291/306/274
f 280/292/276 279/302/276 292/307/276
f 273/304/277 272/303/277 285/308/277
f 280/292/278 293/309/278 294/311/278
f 274/294/279 273/304/279 286/310/279
f 281/293/280 294/311/280 295/313/280
f 275/296/281 274/294/281 287/312/281
f 282/295/282 295/313/282 296/315/282
f 276/298/283 275/296/283 288/314/283
f 283/297/2034 296/315/2034 297/317/2034
f 277/300/285 276/298/285 289/316/285
f 287/312/286 286/310/286 299/318/286
f 294/311/287 307/330/287 308/320/287
f 288/314/288 287/312/288 300/319/288
f 295/313/289 308/320/289 309/322/289
f 289/316/290 288/314/290 301/321/290
f 296/315/2035 309/322/2035 310/324/2035
f 290/305/292 289/316/292 302/323/292
f 291/306/293 290/305/293 303/325/293
f 292/307/294 291/306/294 304/326/294
f 293/309/296 292/307/296 305/327/296
f 286/310/297 285/308/297 298/328/297
f 293/309/298 306/329/298 307/330/298
f 304/326/299 303/325/299 316/331/299
f 305/327/300 304/326/300 317/332/300
f 306/329/302 305/327/302 318/333/302
f 299/318/303 298/328/303 311/334/303
f 306/329/304 319/335/304 320/337/304
f 300/319/305 299/318/305 312/336/305
f 307/330/306 320/337/306 321/339/306
f 301/321/307 300/319/307 313/338/307
f 308/320/308 321/339/308 322/341/308
f 302/323/309 301/321/309 314/340/309
f 309/322/2036 322/341/2036 323/343/2036
f 303/325/311 302/323/311 315/342/311
f 320/337/312 333/356/312 334/344/312
f 314/340/313 313/338/313 326/345/313
f 321/339/314 334/344/314 335/347/314
f 315/342/315 314/340/315 327/346/315
f 322/341/2037 335/347/2037 336/349/2037
f 316/331/317 315/342/317 328/348/317
f 317/332/318 316/331/318 329/350/318
f 318/333/2038 317/332/2038 330/351/2038
f 319/335/2039 318/333/2039 331/352/2039
f 312/336/322 311/334/322 324/353/322
f 319/335/323 332/354/323 333/356/323
f 313/338/324 312/336/324 325/355/324
f 330/351/2040 339/364/2040 340/357/2040
f 331/352/2041 340/369/2041 341/359/2041
f 325/355/2042 324/353/2042 337/358/2042
f 332/354/329 341/359/329 342/360/329
f 333/356/331 342/360/331 343/361/331
f 326/345/2043 5/19/2043 338/362/2043
f 334/344/333 343/361/333 344/363/333
f 328/348/2044 327/346/2044 338/362/2044
f 335/347/2045 344/363/2045 345/365/2045
f 343/361/339 351/375/339 352/367/339
f 344/363/2046 352/367/2046 353/368/2046
f 341/359/2047 340/369/2047 348/371/2047
f 341/359/346 349/373/346 350/374/346
f 342/360/347 350/374/347 351/375/347
f 349/373/350 348/371/350 355/376/350
f 349/373/352 356/378/352 357/379/352
f 350/374/353 357/379/353 358/380/353
f 351/375/354 358/380/354 359/381/354
f 358/380/356 4/15/356 362/1/356
f 359/381/2048 362/1/2048 363/4/2048
f 355/376/2049 339/370/2049 1/6/2049
f 356/378/2050 355/376/2050 2/9/2050
f 356/378/362 3/12/362 361/13/362
f 357/379/363 361/13/363 4/15/363
f 586/382/2051 365/386/2051 366/383/2051
f 367/388/2052 372/399/2052 373/389/2052
f 368/390/2053 373/389/2053 374/391/2053
f 369/393/2054 364/392/2054 374/391/2054
f 22/22/2055 34/40/2055 372/399/2055
f 370/395/2056 382/407/2056 383/400/2056
f 376/396/2057 383/400/2057 384/401/2057
f 377/398/2058 365/386/2058 384/401/2058
f 34/40/2059 46/46/2059 378/403/2059
f 373/389/381 372/399/381 378/403/381
f 374/391/382 373/389/382 379/404/382
f 375/394/383 374/391/383 380/405/383
f 375/394/2060 381/406/2060 382/407/2060
f 380/405/385 379/404/385 387/408/385
f 381/406/386 380/405/386 388/409/386
f 382/407/387 381/406/387 389/410/387
f 383/400/388 382/407/388 390/411/388
f 384/401/389 383/400/389 391/412/389
f 385/402/390 384/401/390 392/413/390
f 46/46/2061 59/63/2061 386/415/2061
f 379/404/393 378/403/393 386/415/393
f 392/413/394 391/412/394 399/416/394
f 393/414/395 392/413/395 400/417/395
f 59/63/2062 73/69/2062 394/419/2062
f 387/408/398 386/415/398 394/419/398
f 388/409/399 387/408/399 395/420/399
f 389/410/400 388/409/400 396/421/400
f 390/411/401 389/410/401 397/422/401
f 391/412/402 390/411/402 398/423/402
f 397/422/403 396/421/403 404/424/403
f 398/423/404 397/422/404 405/425/404
f 399/416/405 398/423/405 406/426/405
f 400/417/406 399/416/406 407/427/406
f 401/418/2063 400/417/2063 408/428/2063
f 73/69/2064 86/88/2064 402/430/2064
f 395/420/410 394/419/410 402/430/410
f 396/421/411 395/420/411 403/431/411
f 409/429/412 408/428/412 416/432/412
f 86/88/2065 99/94/2065 410/434/2065
f 403/431/415 402/430/415 410/434/415
f 404/424/416 403/431/416 411/435/416
f 405/425/417 404/424/417 412/436/417
f 406/426/418 405/425/418 413/437/418
f 407/427/419 406/426/419 414/438/419
f 408/428/420 407/427/420 415/439/420
f 412/440/421 420/455/421 421/441/421
f 413/442/422 421/441/422 422/443/422
f 414/444/423 422/443/423 423/445/423
f 415/446/424 423/445/424 424/447/424
f 416/448/425 424/447/425 425/449/425
f 410/451/2066 99/124/2066 112/123/2066
f 410/451/428 418/452/428 419/453/428
f 411/454/429 419/453/429 420/455/429
f 424/447/430 432/463/430 433/456/430
f 418/452/2067 112/123/2067 125/131/2067
f 418/452/433 426/457/433 427/458/433
f 419/453/434 427/458/434 428/459/434
f 420/455/435 428/459/435 429/460/435
f 421/441/436 429/460/436 430/461/436
f 422/443/437 430/461/437 431/462/437
f 423/445/438 431/462/438 432/463/438
f 429/460/439 437/471/439 438/464/439
f 430/461/440 438/464/440 439/465/440
f 431/462/441 439/465/441 440/466/441
f 432/463/442 440/466/442 441/467/442
f 426/457/2068 125/131/2068 138/152/2068
f 426/457/445 434/468/445 435/469/445
f 427/458/446 435/469/446 436/470/446
f 428/459/447 436/470/447 437/471/447
f 434/468/2069 138/152/2069 150/168/2069
f 434/468/450 442/472/450 443/474/450
f 435/469/451 443/474/451 444/475/451
f 436/470/452 444/475/452 445/476/452
f 437/471/453 445/476/453 446/477/453
f 438/464/454 446/477/454 447/478/454
f 439/465/455 447/478/455 448/479/455
f 440/466/456 448/479/456 449/473/456
f 445/476/457 453/487/457 454/480/457
f 446/477/458 454/480/458 455/481/458
f 447/478/459 455/481/459 456/482/459
f 448/479/460 456/482/460 457/483/460
f 442/472/2070 150/168/2070 159/175/2070
f 442/472/463 450/484/463 451/485/463
f 443/474/464 451/485/464 452/486/464
f 444/475/465 452/486/465 453/487/465
f 450/484/467 458/494/467 459/489/467
f 451/485/468 459/489/468 460/490/468
f 453/487/2071 452/486/2071 460/490/2071
f 453/487/2072 461/491/2072 462/492/2072
f 455/481/2073 454/480/2073 462/492/2073
f 456/482/2074 463/493/2074 464/488/2074
f 450/484/2075 159/175/2075 169/185/2075
f 464/488/2076 463/493/2076 471/495/2076
f 169/185/2077 465/657/2077 466/497/2077
f 458/494/2078 466/497/2078 467/498/2078
f 459/489/2079 467/498/2079 468/499/2079
f 460/490/2080 468/499/2080 469/500/2080
f 472/496/2081 471/495/2081 475/501/2081
f 475/501/2082 481/511/2082 482/503/2082
f 479/507/2083 478/504/2083 485/506/2083
f 480/509/2084 479/507/2084 486/508/2084
f 481/511/2085 488/515/2085 489/512/2085
f 477/513/2086 483/514/2086 484/505/2086
f 489/512/2087 488/515/2087 496/517/2087
f 208/229/2088 219/233/2088 490/519/2088
f 484/505/496 483/514/496 490/519/496
f 485/506/497 484/505/497 491/520/497
f 486/508/498 485/506/498 492/521/498
f 486/508/2089 493/522/2089 494/523/2089
f 487/510/2090 494/523/2090 495/516/2090
f 493/522/501 492/521/501 500/524/501
f 494/523/502 493/522/502 501/525/502
f 495/516/503 494/523/503 502/526/503
f 496/517/504 495/516/504 503/527/504
f 497/518/2091 496/517/2091 504/528/2091
f 219/233/2092 232/249/2092 498/530/2092
f 491/520/508 490/519/508 498/530/508
f 492/521/509 491/520/509 499/531/509
f 505/529/510 504/528/510 513/532/510
f 232/249/2093 245/253/2093 507/534/2093
f 499/531/513 498/530/513 507/534/513
f 500/524/514 499/531/514 508/535/514
f 501/525/515 500/524/515 509/536/515
f 502/526/516 501/525/516 510/537/516
f 503/527/517 502/526/517 511/538/517
f 504/528/518 503/527/518 512/539/518
f 510/537/519 509/536/519 517/540/519
f 511/538/520 510/537/520 518/541/520
f 512/539/521 511/538/521 519/542/521
f 513/532/522 512/539/522 520/543/522
f 514/533/523 513/532/523 521/544/523
f 245/253/2094 258/274/2094 515/546/2094
f 508/535/526 507/534/526 515/546/526
f 509/536/527 508/535/527 516/547/527
f 522/545/528 521/544/528 529/548/528
f 258/274/2095 271/280/2095 523/550/2095
f 516/547/531 515/546/531 523/550/531
f 517/540/2096 516/547/2096 524/551/2096
f 517/540/2097 525/552/2097 526/553/2097
f 518/541/2098 526/553/2098 527/554/2098
f 520/543/535 519/542/535 527/554/535
f 521/544/536 520/543/536 528/555/536
f 527/554/2099 526/553/2099 534/556/2099
f 528/555/538 527/554/538 535/557/538
f 529/548/539 528/555/539 536/558/539
f 530/549/540 529/548/540 537/559/540
f 271/280/2100 284/299/2100 531/561/2100
f 524/551/543 523/550/543 531/561/543
f 524/551/2101 532/562/2101 533/563/2101
f 526/564/2102 525/1868/2102 533/565/2102
f 531/561/547 539/574/547 540/568/547
f 533/563/2103 532/562/2103 540/568/2103
f 533/565/2104 541/1869/2104 542/570/2104
f 534/556/2105 542/581/2105 543/571/2105
f 535/557/551 543/571/551 544/572/551
f 536/558/552 544/572/552 545/573/552
f 537/559/553 545/573/553 546/567/553
f 531/561/2106 284/299/2106 297/317/2106
f 543/571/555 551/583/555 552/575/555
f 544/572/556 552/575/556 553/576/556
f 545/573/557 553/576/557 554/577/557
f 539/574/2107 297/317/2107 310/324/2107
f 539/574/560 547/578/560 548/579/560
f 540/568/2108 548/579/2108 549/580/2108
f 542/581/2109 541/569/2109 549/580/2109
f 543/571/2110 542/581/2110 550/582/2110
f 547/578/564 555/591/564 556/584/564
f 548/579/565 556/584/565 557/585/565
f 549/580/566 557/585/566 558/586/566
f 550/582/567 558/586/567 559/587/567
f 551/583/568 559/587/568 560/588/568
f 552/575/569 560/588/569 561/589/569
f 553/576/570 561/589/570 562/590/570
f 547/578/2111 310/324/2111 323/343/2111
f 560/588/2112 559/587/2112 567/592/2112
f 560/588/2113 568/593/2113 569/594/2113
f 561/589/2114 569/594/2114 570/595/2114
f 555/591/2115 323/343/2115 336/349/2115
f 555/591/578 563/596/578 564/597/578
f 556/584/579 564/597/579 565/598/579
f 557/585/580 565/598/580 566/599/580
f 558/586/581 566/599/581 567/592/581
f 564/597/582 572/604/582 573/600/582
f 565/598/583 573/600/583 574/601/583
f 566/599/584 574/601/584 575/602/584
f 563/596/2116 336/349/2116 345/365/2116
f 563/596/587 571/603/587 572/604/587
f 571/603/2117 345/365/2117 353/368/2117
f 571/603/2118 576/605/2118 577/606/2118
f 572/604/2119 577/606/2119 578/607/2119
f 574/601/2120 573/600/2120 578/607/2120
f 574/601/2121 579/608/2121 580/609/2121
f 578/607/2122 581/610/2122 582/611/2122
f 569/594/2123 583/1337/2123 584/612/2123
f 584/612/2124 583/1337/2124 586/382/2124
f 830/616/601 588/634/601 596/617/601
f 830/616/602 597/618/602 598/619/602
f 589/620/603 598/619/603 599/621/603
f 831/622/604 599/621/604 600/623/604
f 590/624/605 600/623/605 601/625/605
f 591/626/607 601/625/607 602/630/607
f 829/632/608 828/627/608 594/629/608
f 832/614/609 592/631/609 602/630/609
f 588/634/610 829/632/610 595/633/610
f 602/630/611 612/643/611 613/635/611
f 595/633/612 605/644/612 606/636/612
f 593/613/2125 603/615/2125 613/635/2125
f 596/617/2126 606/636/2126 607/637/2126
f 598/619/615 597/618/615 607/637/615
f 599/621/616 598/619/616 608/638/616
f 600/623/617 599/621/617 609/639/617
f 601/625/618 600/623/618 610/640/618
f 602/630/620 601/625/620 611/641/620
f 594/629/621 604/642/621 605/644/621
f 610/640/622 609/639/622 619/645/622
f 610/640/623 620/646/623 621/647/623
f 611/641/625 621/647/625 622/649/625
f 605/644/2127 604/642/2127 614/648/2127
f 612/643/627 622/649/627 623/651/627
f 605/644/628 615/650/628 616/652/628
f 606/636/630 616/652/630 617/653/630
f 607/637/631 617/653/631 618/654/631
f 608/638/632 618/654/632 619/645/632
f 616/652/633 615/650/633 625/655/633
f 623/651/2128 633/665/2128 465/657/2128
f 616/652/635 626/656/635 627/658/635
f 617/653/636 627/658/636 628/659/636
f 619/645/637 618/654/637 628/659/637
f 620/646/638 619/645/638 629/660/638
f 620/646/639 630/661/639 631/662/639
f 622/649/641 621/647/641 631/662/641
f 615/650/642 614/648/642 624/663/642
f 622/649/643 632/664/643 633/665/643
f 630/661/644 629/660/644 639/666/644
f 631/662/645 630/661/645 640/667/645
f 632/664/647 631/662/647 641/668/647
f 625/655/2129 624/663/2129 634/669/2129
f 633/665/649 632/664/649 642/670/649
f 625/655/650 635/671/650 636/673/650
f 627/658/652 626/656/652 636/673/652
f 628/659/653 627/658/653 637/674/653
f 628/659/654 638/675/654 639/666/654
f 636/673/656 647/685/656 648/677/656
f 637/674/657 648/677/657 649/678/657
f 639/666/658 638/675/658 649/678/658
f 640/667/659 639/666/659 650/679/659
f 641/668/660 640/667/660 651/680/660
f 641/668/662 652/681/662 653/683/662
f 635/671/663 634/669/663 645/682/663
f 643/672/664 642/670/664 653/683/664
f 635/671/2130 646/684/2130 647/685/2130
f 651/680/666 661/694/666 662/686/666
f 653/683/668 652/681/668 662/686/668
f 645/682/669 655/687/669 656/689/669
f 653/683/2131 663/688/2131 466/497/2131
f 646/684/671 656/689/671 657/690/671
f 648/677/673 647/685/673 657/690/673
f 648/677/674 658/691/674 659/692/674
f 649/678/675 659/692/675 660/693/675
f 651/680/676 650/679/676 660/693/676
f 657/690/677 666/702/677 667/695/677
f 659/692/678 658/691/678 667/695/678
f 660/693/679 659/692/679 668/696/679
f 660/693/680 669/697/680 670/698/680
f 662/686/681 661/694/681 670/698/681
f 663/688/2132 662/686/2132 671/699/2132
f 656/689/684 655/687/684 664/700/684
f 656/689/685 665/701/685 666/702/685
f 670/698/2133 678/709/2133 467/498/2133
f 664/700/688 672/703/688 673/704/688
f 665/701/689 673/704/689 674/705/689
f 666/702/690 674/705/690 675/706/690
f 668/696/691 667/695/691 675/706/691
f 669/697/692 668/696/692 676/707/692
f 670/698/693 669/697/693 677/708/693
f 675/706/694 682/716/694 683/710/694
f 677/708/695 676/707/695 683/710/695
f 678/709/696 677/708/696 684/711/696
f 673/704/699 672/703/699 679/713/699
f 674/705/700 673/704/700 680/714/700
f 675/706/701 674/705/701 681/715/701
f 679/713/2134 686/721/2134 687/717/2134
f 681/715/703 680/714/703 687/717/703
f 681/715/704 688/718/704 689/719/704
f 683/710/705 682/716/705 689/719/705
f 684/711/2135 683/710/2135 690/720/2135
f 685/712/2136 684/711/2136 468/499/2136
f 687/717/711 686/721/711 691/723/711
f 687/717/712 692/724/712 693/725/712
f 688/718/713 693/725/713 694/726/713
f 689/719/714 694/726/714 695/722/714
f 691/723/715 696/730/715 697/727/715
f 693/725/716 692/724/716 697/727/716
f 694/726/717 693/725/717 698/728/717
f 695/722/2137 694/726/2137 699/729/2137
f 696/730/2138 700/731/2138 701/732/2138
f 698/728/722 697/727/722 701/732/722
f 699/729/723 698/728/723 702/733/723
f 699/729/2139 703/734/2139 473/735/2139
f 701/732/725 705/739/725 706/736/725
f 703/734/726 702/733/726 706/736/726
f 700/731/729 704/738/729 705/739/729
f 705/739/2140 704/738/2140 708/740/2140
f 705/739/732 709/741/732 710/742/732
f 706/736/733 710/742/733 711/743/733
f 710/742/735 709/741/735 713/744/735
f 711/743/736 710/742/736 714/745/736
f 709/741/2141 708/740/2141 712/747/2141
f 713/744/741 712/747/741 716/748/741
f 714/745/742 713/744/742 717/749/742
f 715/746/743 714/745/743 718/750/743
f 718/750/745 722/755/745 723/752/745
f 473/735/2142 719/751/2142 723/752/2142
f 717/749/748 716/748/748 720/753/748
f 717/749/749 721/754/749 722/755/749
f 721/754/2143 720/753/2143 724/756/2143
f 722/755/752 721/754/752 725/757/752
f 722/755/753 726/758/753 727/759/753
f 723/752/2144 727/759/2144 728/760/2144
f 728/760/755 727/759/755 732/761/755
f 724/756/758 729/763/758 730/764/758
f 725/757/759 730/764/759 731/765/759
f 727/759/760 726/758/760 731/765/760
f 730/764/2145 729/763/2145 734/766/2145
f 730/764/763 735/767/763 736/768/763
f 731/765/764 736/768/764 737/769/764
f 732/761/765 737/769/765 738/770/765
f 733/762/2146 738/770/2146 739/771/2146
f 738/770/767 737/769/767 743/772/767
f 739/771/768 738/770/768 744/773/768
f 739/771/2147 745/774/2147 746/775/2147
f 734/766/772 740/777/772 741/778/772
f 735/767/773 741/778/773 742/779/773
f 736/768/2148 742/779/2148 743/772/2148
f 740/777/775 747/786/775 748/780/775
f 741/778/776 748/780/776 749/781/776
f 743/772/777 742/779/777 749/781/777
f 744/773/778 743/772/778 750/782/778
f 744/773/779 751/783/779 752/784/779
f 745/774/780 752/784/780 753/785/780
f 746/775/2149 753/785/2149 754/776/2149
f 751/783/783 759/795/783 760/787/783
f 753/785/784 752/784/784 760/787/784
f 753/785/785 761/788/785 762/789/785
f 754/776/2150 762/789/2150 763/791/2150
f 748/780/788 747/786/788 755/790/788
f 748/780/2151 756/792/2151 757/793/2151
f 750/782/790 749/781/790 757/793/790
f 750/782/791 758/794/791 759/795/791
f 756/792/792 755/790/792 764/796/792
f 477/513/2152 763/791/2152 772/798/2152
f 756/792/794 765/797/794 766/800/794
f 208/229/2153 477/513/2153 784/801/2153
f 757/793/796 766/800/796 767/802/796
f 759/795/797 758/794/797 767/802/797
f 759/795/798 768/803/798 769/804/798
f 761/788/799 760/787/799 769/804/799
f 762/789/800 761/788/800 770/805/800
f 762/789/802 771/806/802 772/798/802
f 769/804/803 768/803/803 778/807/803
f 769/804/804 779/808/804 780/809/804
f 771/806/805 770/805/805 780/809/805
f 771/806/807 781/810/807 782/812/807
f 764/796/808 774/811/808 775/813/808
f 772/798/809 782/812/809 783/814/809
f 766/800/2154 765/797/2154 775/813/2154
f 773/799/2155 783/814/2155 784/801/2155
f 767/802/812 766/800/812 776/815/812
f 768/803/813 767/802/813 777/816/813
f 782/812/814 793/827/814 794/817/814
f 776/815/815 775/813/815 786/818/815
f 784/801/816 783/814/816 794/817/816
f 776/815/817 787/819/817 788/821/817
f 778/807/819 777/816/819 788/821/819
f 778/807/820 789/822/820 790/823/820
f 780/809/821 779/808/821 790/823/821
f 780/809/822 791/824/822 792/825/822
f 781/810/824 792/825/824 793/827/824
f 775/813/2156 774/811/2156 785/826/2156
f 790/823/826 801/838/826 802/828/826
f 792/825/827 791/824/827 802/828/827
f 793/827/2157 792/825/2157 803/829/2157
f 786/818/830 785/826/830 796/830/830
f 793/827/831 804/831/831 805/833/831
f 786/818/832 797/832/832 798/834/832
f 794/817/833 805/833/833 806/835/833
f 787/819/834 798/834/834 799/836/834
f 788/821/836 799/836/836 800/837/836
f 790/823/837 789/822/837 800/837/837
f 806/835/838 805/833/838 816/839/838
f 798/834/839 809/849/839 810/841/839
f 800/837/841 799/836/841 810/841/841
f 800/837/842 811/842/842 812/843/842
f 801/838/843 812/843/843 813/844/843
f 802/828/844 813/844/844 814/845/844
f 803/829/846 814/845/846 815/847/846
f 796/830/847 807/846/847 808/848/847
f 804/831/848 815/847/848 816/839/848
f 797/832/849 808/848/849 809/849/849
f 814/845/850 813/844/850 824/850/850
f 814/845/852 825/851/852 826/853/852
f 808/848/853 807/846/853 818/852/853
f 815/847/854 826/853/854 827/855/854
f 809/849/855 808/848/855 819/854/855
f 817/840/2158 816/839/2158 827/855/2158
f 810/841/2159 809/849/2159 820/856/2159
f 817/840/2160 593/613/2160 188/212/2160
f 811/842/859 810/841/859 821/857/859
f 812/843/860 811/842/860 822/858/860
f 812/843/861 823/859/861 824/850/861
f 820/856/862 588/634/862 830/616/862
f 822/858/863 821/857/863 830/616/863
f 823/859/864 822/858/864 589/620/864
f 823/859/865 831/622/865 590/624/865
f 825/851/866 824/850/866 590/624/866
f 826/853/868 825/851/868 591/626/868
f 819/854/869 818/852/869 828/627/869
f 826/853/870 592/631/870 832/614/870
f 819/854/871 829/632/871 588/634/871
f 1043/862/874 833/880/874 840/863/874
f 1043/862/875 841/864/875 842/865/875
f 834/866/876 842/865/876 843/867/876
f 1044/868/877 843/867/877 844/869/877
f 835/870/878 844/869/878 845/871/878
f 836/872/880 845/871/880 846/876/880
f 1041/873/881 838/875/881 839/878/881
f 837/877/882 846/876/882 847/861/882
f 833/880/883 1042/879/883 839/878/883
f 846/876/884 856/889/884 857/881/884
f 839/878/885 849/890/885 850/882/885
f 840/863/2161 850/882/2161 851/883/2161
f 841/864/888 851/883/888 852/884/888
f 843/867/889 842/865/889 852/884/889
f 843/867/890 853/885/890 854/886/890
f 844/869/891 854/886/891 855/887/891
f 846/876/893 845/871/893 855/887/893
f 838/875/894 848/888/894 849/890/894
f 854/886/895 853/885/895 863/891/895
f 854/886/896 864/892/896 865/893/896
f 855/887/898 865/893/898 866/895/898
f 849/890/2162 848/888/2162 858/894/2162
f 856/889/900 866/895/900 867/897/900
f 849/890/901 859/896/901 860/898/901
f 850/882/903 860/898/903 861/899/903
f 851/883/904 861/899/904 862/900/904
f 852/884/905 862/900/905 863/891/905
f 860/898/906 859/896/906 869/901/906
f 363/4/2163 867/897/2163 877/903/2163
f 861/899/908 860/898/908 870/902/908
f 861/899/909 871/904/909 872/905/909
f 863/891/910 862/900/910 872/905/910
f 864/892/911 863/891/911 873/906/911
f 864/892/912 874/907/912 875/908/912
f 865/893/914 875/908/914 876/910/914
f 858/894/915 868/909/915 869/901/915
f 866/895/916 876/910/916 877/903/916
f 873/906/917 883/920/917 884/911/917
f 875/908/918 874/907/918 884/911/918
f 875/908/920 885/912/920 886/914/920
f 868/909/921 878/913/921 879/915/921
f 876/910/922 886/914/922 887/916/922
f 870/902/923 869/901/923 879/915/923
f 871/904/925 870/902/925 880/917/925
f 871/904/926 881/918/926 882/919/926
f 872/905/927 882/919/927 883/920/927
f 880/917/928 891/928/928 892/921/928
f 881/918/929 892/921/929 893/922/929
f 882/919/930 893/922/930 894/923/930
f 884/911/931 883/920/931 894/923/931
f 885/912/932 884/911/932 895/924/932
f 886/914/2164 885/912/2164 896/925/2164
f 878/913/935 889/926/935 890/927/935
f 887/916/2165 886/914/2165 576/605/2165
f 879/915/937 890/927/937 891/928/937
f 896/925/2166 895/924/2166 903/929/2166
f 889/926/940 897/930/940 898/931/940
f 890/927/941 898/931/941 899/932/941
f 892/921/942 891/928/942 899/932/942
f 893/922/943 892/921/943 900/933/943
f 893/922/944 901/934/944 902/935/944
f 895/924/945 894/923/945 902/935/945
f 899/932/946 906/941/946 907/936/946
f 901/934/947 900/933/947 907/936/947
f 902/935/948 901/934/948 908/937/948
f 903/929/2167 902/935/2167 909/938/2167
f 898/931/952 897/930/952 904/939/952
f 899/932/953 898/931/953 905/940/953
f 905/940/955 904/939/955 910/942/955
f 905/940/956 911/943/956 912/944/956
f 907/936/957 906/941/957 912/944/957
f 907/936/958 913/945/958 914/946/958
f 909/938/959 908/937/959 914/946/959
f 914/946/961 913/945/961 919/948/961
f 914/946/962 920/949/962 921/950/962
f 911/943/964 910/942/964 916/951/964
f 912/944/965 911/943/965 917/952/965
f 912/944/966 918/953/966 919/948/966
f 916/951/2168 922/958/2168 923/954/2168
f 918/953/968 917/952/968 923/954/968
f 919/948/969 918/953/969 924/955/969
f 920/949/970 919/948/970 925/956/970
f 923/954/973 922/958/973 927/959/973
f 923/954/974 928/960/974 929/961/974
f 924/955/975 929/961/975 930/962/975
f 925/956/2169 930/962/2169 581/610/2169
f 927/959/2170 931/966/2170 932/963/2170
f 929/961/978 928/960/978 932/963/978
f 930/962/2171 929/961/2171 933/964/2171
f 932/963/983 931/966/983 935/967/983
f 933/964/984 932/963/984 936/968/984
f 936/968/986 939/973/986 940/970/986
f 934/965/2172 937/969/2172 940/970/2172
f 936/968/989 935/967/989 938/972/989
f 938/972/2173 941/974/2173 942/975/2173
f 939/973/992 942/975/992 943/976/992
f 942/975/994 945/979/994 946/977/994
f 942/975/2174 941/974/2174 944/978/2174
f 945/979/999 944/978/999 947/980/999
f 946/977/1000 945/979/1000 948/981/1000
f 585/971/2175 946/977/2175 949/982/2175
f 947/980/1004 950/984/1004 951/985/1004
f 948/981/1005 951/985/1005 952/983/1005
f 950/984/1007 953/986/1007 954/987/1007
f 952/983/1008 951/985/1008 954/987/1008
f 952/983/2176 955/988/2176 956/989/2176
f 953/986/1012 957/991/1012 958/992/1012
f 955/988/1013 954/987/1013 958/992/1013
f 956/989/1014 955/988/1014 959/993/1014
f 957/991/2177 961/994/2177 962/995/2177
f 958/992/1017 962/995/1017 963/996/1017
f 960/990/1018 959/993/1018 963/996/1018
f 964/997/2178 968/1002/2178 969/998/2178
f 961/994/1023 965/999/1023 966/1000/1023
f 962/995/1024 966/1000/1024 967/1001/1024
f 963/996/2179 967/1001/2179 968/1002/2179
f 965/999/1026 970/1008/1026 971/1003/1026
f 966/1000/1027 971/1003/1027 972/1004/1027
f 967/1001/1028 972/1004/1028 973/1005/1028
f 968/1002/1029 973/1005/1029 974/1006/1029
f 969/998/2180 974/1006/2180 975/1007/2180
f 974/1006/1032 980/1015/1032 981/1009/1032
f 368/390/2181 975/1007/2181 981/1009/2181
f 970/1008/1036 976/1011/1036 977/1012/1036
f 972/1004/1037 971/1003/1037 977/1012/1037
f 972/1004/1038 978/1013/1038 979/1014/1038
f 973/1005/1039 979/1014/1039 980/1015/1039
f 976/1011/1040 983/1023/1040 984/1016/1040
f 978/1013/1041 977/1012/1041 984/1016/1041
f 978/1013/1042 985/1017/1042 986/1018/1042
f 980/1015/1043 979/1014/1043 986/1018/1043
f 980/1015/1044 987/1019/1044 988/1020/1044
f 981/1009/1045 988/1020/1045 989/1021/1045
f 982/1010/2182 989/1021/2182 990/1022/2182
f 987/1019/1048 995/1033/1048 996/1024/1048
f 988/1020/1049 996/1024/1049 997/1025/1049
f 990/1022/1050 989/1021/1050 997/1025/1050
f 990/1022/2183 998/1026/2183 999/1028/2183
f 984/1016/1053 983/1023/1053 991/1027/1053
f 22/22/2184 367/388/2184 999/1028/2184
f 984/1016/1055 992/1029/1055 993/1031/1055
f 985/1017/1057 993/1031/1057 994/1032/1057
f 987/1019/1058 986/1018/1058 994/1032/1058
f 999/1028/1059 1009/1043/1059 1010/1034/1059
f 993/1031/1060 992/1029/1060 1002/1035/1060
f 994/1032/1062 993/1031/1062 1003/1036/1062
f 994/1032/1063 1004/1037/1063 1005/1038/1063
f 996/1024/1064 995/1033/1064 1005/1038/1064
f 996/1024/1065 1006/1039/1065 1007/1040/1065
f 998/1026/1066 997/1025/1066 1007/1040/1066
f 998/1026/1068 1008/1041/1068 1009/1043/1068
f 991/1027/2185 1001/1042/2185 1002/1035/2185
f 1007/1040/1070 1006/1039/1070 1016/1044/1070
f 1007/1040/1071 1017/1045/1071 1018/1046/1071
f 1008/1041/1073 1018/1046/1073 1019/1048/1073
f 1001/1042/1074 1011/1047/1074 1012/1049/1074
f 1010/1034/1075 1009/1043/1075 1019/1048/1075
f 1002/1035/1076 1012/1049/1076 1013/1051/1076
f 1003/1036/1078 1013/1051/1078 1014/1052/1078
f 1005/1038/1079 1004/1037/1079 1014/1052/1079
f 1006/1039/1080 1005/1038/1080 1015/1053/1080
f 1020/1050/2186 1030/1063/2186 363/4/2186
f 1014/1052/1082 1013/1051/1082 1023/1054/1082
f 1015/1053/1083 1014/1052/1083 1024/1055/1083
f 1015/1053/2187 1025/1056/2187 1026/1057/2187
f 1016/1044/1085 1026/1057/1085 1027/1058/1085
f 1017/1045/1086 1027/1058/1086 1028/1059/1086
f 1018/1046/1088 1028/1059/1088 1029/1061/1088
f 1011/1047/1089 1021/1060/1089 1022/1062/1089
f 1019/1048/1090 1029/1061/1090 1030/1063/1090
f 1012/1049/1091 1022/1062/1091 1023/1054/1091
f 1028/1059/1092 1027/1058/1092 1037/1064/1092
f 1029/1061/1094 1028/1059/1094 1038/1065/1094
f 1022/1062/1095 1021/1060/1095 1031/1066/1095
f 1029/1061/1096 1039/1067/1096 1040/1069/1096
f 1023/1054/1097 1022/1062/1097 1032/1068/1097
f 1024/1055/1099 1023/1054/1099 1033/1070/1099
f 1025/1056/1100 1024/1055/1100 1034/1071/1100
f 1025/1056/1101 1035/1072/1101 1036/1073/1101
f 1027/1058/1102 1026/1057/1102 1036/1073/1102
f 1033/1070/1103 833/880/1103 1043/862/1103
f 1034/1071/1104 1043/862/1104 834/866/1104
f 1035/1072/1105 834/866/1105 1044/868/1105
f 1037/1064/1106 1036/1073/1106 1044/868/1106
f 1038/1065/1107 1037/1064/1107 835/870/1107
f 1039/1067/1109 1038/1065/1109 836/872/1109
f 1031/1066/1110 1041/873/1110 1042/879/1110
f 1039/1067/1111 837/877/1111 1045/860/1111
f 1033/1070/1112 1032/1068/1112 1042/879/1112
f 1046/1074/2188 475/501/2188 471/495/2188
f 1046/1074/1115 1047/1075/1115 1048/1076/1115
f 1284/1077/1116 1048/1076/1116 1049/1078/1116
f 1285/1079/1117 1049/1078/1117 1050/1080/1117
f 1286/1081/2189 1050/1080/2189 1051/1082/2189
f 1047/1075/1121 1052/1085/1121 1053/1086/1121
f 1048/1076/1122 1053/1086/1122 1054/1087/1122
f 1049/1078/1123 1054/1087/1123 1055/1088/1123
f 1050/1080/2190 1055/1088/2190 1056/1089/2190
f 1054/1087/1126 1060/1095/1126 1061/1090/1126
f 1055/1088/1127 1061/1090/1127 1062/1091/1127
f 1052/1085/2191 471/495/2191 1057/1092/2191
f 1052/1085/1131 1058/1093/1131 1059/1094/1131
f 1053/1086/2192 1059/1094/2192 1060/1095/2192
f 1057/1092/1133 1063/1101/1133 1064/1096/1133
f 1058/1093/1134 1064/1096/1134 1065/1097/1134
f 1059/1094/1135 1065/1097/1135 1066/1098/1135
f 1060/1095/1136 1066/1098/1136 1067/1099/1136
f 1061/1090/2193 1067/1099/2193 1068/1100/2193
f 1067/1099/1140 1073/1107/1140 1074/1102/1140
f 1063/1101/1143 1069/1103/1143 1070/1104/1143
f 1064/1096/1144 1070/1104/1144 1071/1105/1144
f 1065/1097/1145 1071/1105/1145 1072/1106/1145
f 1066/1098/1146 1072/1106/1146 1073/1107/1146
f 1069/1103/1147 1075/1114/1147 1076/1108/1147
f 1070/1104/1148 1076/1108/1148 1077/1109/1148
f 1071/1105/1149 1077/1109/1149 1078/1110/1149
f 1072/1106/1150 1078/1110/1150 1079/1111/1150
f 1073/1107/1151 1079/1111/1151 1080/1112/1151
f 1079/1111/1155 1087/1121/1155 1088/1115/1155
f 1075/1114/2194 463/493/2194 1082/1116/2194
f 1075/1114/1159 1083/1117/1159 1084/1118/1159
f 1076/1108/1160 1084/1118/1160 1085/1119/1160
f 1077/1109/1161 1085/1119/1161 1086/1120/1161
f 1078/1110/2195 1086/1120/2195 1087/1121/2195
f 1084/1118/1163 1092/1129/1163 1093/1122/1163
f 1085/1119/1164 1093/1122/1164 1094/1123/1164
f 1086/1120/1165 1094/1123/1165 1095/1124/1165
f 1087/1121/1166 1095/1124/1166 1096/1125/1166
f 1081/1113/1169 1089/1126/1169 1090/1127/1169
f 1082/1116/1170 1090/1127/1170 1091/1128/1170
f 1083/1117/1171 1091/1128/1171 1092/1129/1171
f 1090/1127/1174 1089/1126/1174 1097/1130/1174
f 1091/1128/1175 1090/1127/1175 1098/1132/1175
f 1092/1129/1176 1091/1128/1176 1099/1133/1176
f 1093/1122/1177 1092/1129/1177 1100/1134/1177
f 1094/1123/1178 1093/1122/1178 1101/1135/1178
f 1095/1124/1179 1094/1123/1179 1102/1136/1179
f 1096/1125/1180 1095/1124/1180 1103/1137/1180
f 1101/1135/1181 1100/1134/1181 1108/1138/1181
f 1102/1136/1182 1101/1135/1182 1109/1139/1182
f 1103/1137/1183 1102/1136/1183 1110/1140/1183
f 1104/1131/1184 1103/1137/1184 1111/1141/1184
f 1098/1132/1187 1097/1130/1187 1105/1143/1187
f 1099/1133/1188 1098/1132/1188 1106/1144/1188
f 1100/1134/1189 1099/1133/1189 1107/1145/1189
f 1106/1144/1191 1105/1143/1191 1113/1147/1191
f 1107/1145/1192 1106/1144/1192 1114/1148/1192
f 1108/1138/2196 1107/1145/2196 1115/1149/2196
f 1109/1139/2197 1108/1138/2197 1116/1150/2197
f 1110/1140/1195 1109/1139/1195 1117/1151/1195
f 1111/1141/1196 1110/1140/1196 1118/1152/1196
f 1112/1142/1198 1111/1141/1198 1119/1153/1198
f 1105/1143/2198 462/492/2198 470/1157/2198
f 1118/1152/1200 1117/1151/1200 1125/1158/1200
f 1119/1153/1201 1118/1152/1201 1126/1159/1201
f 1120/1146/2199 1119/1153/2199 1127/1160/2199
f 1114/1148/1206 1113/1147/1206 1121/1163/1206
f 1115/1149/1207 1114/1148/1207 1122/1164/1207
f 1116/1150/1208 1115/1149/1208 1123/1165/1208
f 1117/1151/1209 1116/1150/1209 1124/1166/1209
f 1123/1165/2200 1122/1164/2200 1130/1167/2200
f 1124/1166/1211 1123/1165/1211 1131/1168/1211
f 1125/1158/1212 1124/1166/1212 1132/1169/1212
f 1126/1159/1213 1125/1158/1213 1133/1170/1213
f 1127/1160/2201 1126/1159/2201 1134/1171/2201
f 1128/1162/1215 1127/1160/1215 1135/1172/1215
f 1122/1164/1218 1121/1163/1218 1129/1174/1218
f 1135/1172/1219 1134/1171/1219 1142/1175/1219
f 1136/1173/1220 1135/1172/1220 1143/1176/1220
f 1130/1167/1223 1129/1174/1223 1137/1178/1223
f 1131/1168/1224 1130/1167/1224 1138/1179/1224
f 1132/1169/1225 1131/1168/1225 1139/1180/1225
f 1133/1170/1226 1132/1169/1226 1140/1181/1226
f 1134/1171/1227 1133/1170/1227 1141/1182/1227
f 1139/1180/1228 1138/1179/1228 1149/1183/1228
f 1140/1181/1229 1139/1180/1229 1150/1184/1229
f 1141/1182/1230 1140/1181/1230 1151/1185/1230
f 1142/1175/1232 1141/1182/1232 1152/1186/1232
f 1143/1176/2202 1142/1175/2202 1153/1189/2202
f 470/1157/2203 469/500/2203 1147/1190/2203
f 1144/1177/1236 1143/1176/1236 1154/1191/1236
f 1137/1178/2204 470/1157/2204 474/1192/2204
f 1138/1179/2205 1137/1178/2205 1148/1194/2205
f 1154/1191/2206 1153/1189/2206 1164/1195/2206
f 1155/1193/2207 1154/1191/2207 1165/1196/2207
f 1149/1183/1245 1148/1194/1245 1159/1199/1245
f 1150/1184/1246 1149/1183/1246 1160/1200/1246
f 1151/1185/1247 1150/1184/1247 1161/1201/1247
f 1152/1186/1248 1151/1185/1248 1162/1202/1248
f 1146/1188/2208 1145/1187/2208 1156/1204/2208
f 1153/1189/1250 1152/1186/1250 1163/1203/1250
f 1146/1188/2209 1157/1205/2209 1158/1197/2209
f 1161/1201/1252 1171/1215/1252 1172/1206/1252
f 1162/1202/1253 1172/1206/1253 1173/1207/1253
f 1163/1203/1255 1173/1207/1255 1174/1209/1255
f 1164/1195/1257 1174/1209/1257 1175/1211/1257
f 1165/1196/2210 1175/1211/2210 1176/1212/2210
f 1159/1199/1262 1169/1213/1262 1170/1214/1262
f 1160/1200/1263 1170/1214/1263 1171/1215/1263
f 1175/1211/1265 1186/1225/1265 1187/1217/1265
f 1169/1213/1268 1180/1218/1268 1181/1219/1268
f 1170/1214/1269 1181/1219/1269 1182/1220/1269
f 1171/1215/1270 1182/1220/1270 1183/1221/1270
f 1172/1206/1271 1183/1221/1271 1184/1222/1271
f 1167/1208/2211 1177/1228/2211 1178/1223/2211
f 1173/1207/1273 1184/1222/1273 1185/1224/1273
f 1168/1210/2212 1157/1205/2212 1178/1223/2212
f 1174/1209/2213 1185/1224/2213 1186/1225/2213
f 1182/1220/1276 1191/1236/1276 1192/1226/1276
f 1183/1221/1277 1192/1226/1277 1193/1227/1277
f 1184/1222/1279 1193/1227/1279 1194/1229/1279
f 1178/1223/2214 479/507/2214 1188/1230/2214
f 1185/1224/1281 1194/1229/1281 1195/1231/1281
f 474/1192/2215 1179/1216/2215 1188/1230/2215
f 1186/1225/1283 1195/1231/1283 1196/1233/1283
f 1180/1218/2216 474/1192/2216 480/1232/2216
f 1180/1218/1286 1189/1234/1286 1190/1235/1286
f 1181/1219/1287 1190/1235/1287 1191/1236/1287
f 1195/1231/2217 1204/1245/2217 1205/1237/2217
f 1189/1234/1291 1198/1238/1291 1199/1239/1291
f 1190/1235/1292 1199/1239/1292 1200/1240/1292
f 1191/1236/1293 1200/1240/1293 1201/1241/1293
f 1192/1226/1294 1201/1241/1294 1202/1242/1294
f 1193/1227/1295 1202/1242/1295 1203/1243/1295
f 1194/1229/2218 1203/1243/2218 1204/1245/2218
f 1201/1241/1299 1211/1254/1299 1212/1246/1299
f 1202/1242/1300 1212/1246/1300 1213/1247/1300
f 1203/1243/1302 1213/1247/1302 1214/1249/1302
f 1204/1245/1304 1214/1249/1304 1215/1250/1304
f 1198/1238/2219 1208/1251/2219 1209/1252/2219
f 1199/1239/1308 1209/1252/1308 1210/1253/1308
f 1200/1240/1309 1210/1253/1309 1211/1254/1309
f 1208/1251/1311 1217/1263/1311 1218/1256/1311
f 1209/1252/1312 1218/1256/1312 1219/1257/1312
f 1210/1253/2220 1219/1257/2220 1220/1258/2220
f 1211/1254/2221 1220/1258/2221 1221/1259/2221
f 1212/1246/1315 1221/1259/1315 1222/1260/1315
f 1213/1247/1317 1222/1260/1317 1223/1262/1317
f 1214/1249/1319 1223/1262/1319 1224/1255/1319
f 1221/1259/1321 1230/1273/1321 1231/1264/1321
f 1222/1260/1322 1231/1264/1322 1232/1265/1322
f 480/1232/2222 1216/1261/2222 1225/1266/2222
f 1223/1262/1324 1232/1265/1324 1233/1268/1324
f 480/1232/2223 487/510/2223 1226/1269/2223
f 1217/1263/1327 1226/1269/1327 1227/1270/1327
f 1218/1256/1328 1227/1270/1328 1228/1271/1328
f 1219/1257/1329 1228/1271/1329 1229/1272/1329
f 1220/1258/1330 1229/1272/1330 1230/1273/1330
f 1226/1269/2224 487/510/2224 1234/1274/2224
f 1227/1270/1332 1234/1274/1332 1235/1275/1332
f 1228/1271/1333 1235/1275/1333 1236/1276/1333
f 1229/1272/1334 1236/1276/1334 1237/1277/1334
f 1230/1273/1335 1237/1277/1335 1238/1278/1335
f 1231/1264/1336 1238/1278/1336 1239/1279/1336
f 1232/1265/1337 1239/1279/1337 1240/1280/1337
f 1238/1278/1339 1237/1277/1339 1244/1281/1339
f 1239/1279/1340 1238/1278/1340 1245/1282/1340
f 1240/1280/1341 1239/1279/1341 1246/1283/1341
f 1235/1275/1344 1234/1274/1344 1241/1285/1344
f 1236/1276/1345 1235/1275/1345 1242/1286/1345
f 1237/1277/1346 1236/1276/1346 1243/1287/1346
f 1242/1286/1347 1241/1285/1347 1248/1288/1347
f 1243/1287/1348 1242/1286/1348 1249/1289/1348
f 1244/1281/1349 1243/1287/1349 1250/1290/1349
f 1245/1282/1350 1244/1281/1350 1251/1291/1350
f 1246/1283/1351 1245/1282/1351 1252/1292/1351
f 1247/1284/1352 1246/1283/1352 1253/1293/1352
f 1253/1293/1355 1252/1292/1355 1259/1295/1355
f 1254/1294/1356 1253/1293/1356 1260/1296/1356
f 1249/1289/2225 1248/1288/2225 1255/1298/2225
f 1250/1290/1360 1249/1289/1360 1256/1299/1360
f 1251/1291/1361 1250/1290/1361 1257/1300/1361
f 1252/1292/1362 1251/1291/1362 1258/1301/1362
f 1256/1299/2226 1255/1298/2226 1262/1302/2226
f 1258/1301/2227 1257/1300/2227 1262/1302/2227
f 1259/1295/1365 1258/1301/1365 1263/1303/1365
f 1260/1296/1366 1259/1295/1366 1264/1304/1366
f 1261/1297/2228 1260/1296/2228 1265/1305/2228
f 1265/1305/1369 1264/1304/1369 1270/1307/1369
f 1266/1306/2229 1265/1305/2229 1271/1308/2229
f 1255/1298/2230 487/510/2230 488/515/2230
f 1262/1302/2231 1255/1298/2231 1267/1310/2231
f 1263/1303/1374 1262/1302/1374 1268/1311/1374
f 1264/1304/1375 1263/1303/1375 1269/1312/1375
f 1268/1311/1376 1267/1310/1376 1273/1313/1376
f 1269/1312/1377 1268/1311/1377 1274/1314/1377
f 1270/1307/1378 1269/1312/1378 1275/1315/1378
f 1271/1308/1379 1270/1307/1379 1276/1316/1379
f 1272/1309/2232 1271/1308/2232 1277/1317/2232
f 1278/1318/2233 1277/1317/2233 1282/1319/2233
f 1273/1313/2234 481/511/2234 1279/1321/2234
f 1275/1315/1386 1274/1314/1386 1279/1321/1386
f 1276/1316/1387 1275/1315/1387 1280/1322/1387
f 1277/1317/2235 1276/1316/2235 1281/1323/2235
f 1280/1322/1389 1279/1321/1389 1046/1074/1389
f 1281/1323/1390 1280/1322/1390 1284/1077/1390
f 1282/1319/1391 1281/1323/1391 1285/1079/1391
f 1283/1320/2236 1282/1319/2236 1286/1081/2236
f 1279/1321/2237 481/511/2237 475/501/2237
f 1543/1324/1395 1289/1336/1395 1290/1325/1395
f 1288/1326/1396 1290/1325/1396 1291/1327/1396
f 1544/1328/1397 1291/1327/1397 1292/1329/1397
f 1545/1330/1398 1292/1329/1398 1293/1331/1398
f 1546/1332/2238 1293/1331/2238 1294/1333/2238
f 586/382/2239 583/1337/2239 1289/1336/2239
f 583/1337/2240 569/594/2240 1295/1338/2240
f 1289/1336/1403 1295/1338/1403 1296/1339/1403
f 1290/1325/1404 1296/1339/1404 1297/1340/1404
f 1291/1327/1405 1297/1340/1405 1298/1341/1405
f 1292/1329/1406 1298/1341/1406 1299/1342/1406
f 1293/1331/2241 1299/1342/2241 1300/1343/2241
f 1298/1341/1409 1304/1349/1409 1305/1344/1409
f 1299/1342/1410 1305/1344/1410 1306/1345/1410
f 1295/1338/1413 1301/1346/1413 1302/1347/1413
f 1296/1339/1414 1302/1347/1414 1303/1348/1414
f 1297/1340/2242 1303/1348/2242 1304/1349/2242
f 1301/1346/1416 1307/1355/1416 1308/1350/1416
f 1302/1347/1417 1308/1350/1417 1309/1351/1417
f 1303/1348/1418 1309/1351/1418 1310/1352/1418
f 1304/1349/2243 1310/1352/2243 1311/1353/2243
f 1305/1344/2244 1311/1353/2244 1312/1354/2244
f 569/594/2245 568/593/2245 1307/1355/2245
f 1311/1353/2246 1317/1361/2246 1318/1356/2246
f 1307/1355/1426 1313/1357/1426 1314/1358/1426
f 1308/1350/2247 1314/1358/2247 1315/1359/2247
f 1309/1351/1428 1315/1359/1428 1316/1360/1428
f 1310/1352/1429 1316/1360/1429 1317/1361/1429
f 1313/1357/1430 1320/1368/1430 1321/1362/1430
f 1314/1358/1431 1321/1362/1431 1322/1363/1431
f 1315/1359/1432 1322/1363/1432 1323/1364/1432
f 1316/1360/1433 1323/1364/1433 1324/1365/1433
f 1317/1361/1434 1324/1365/1434 1325/1366/1434
f 1313/1357/2248 568/593/2248 1319/1367/2248
f 1324/1365/1437 1330/1374/1437 1331/1369/1437
f 1320/1368/1440 1326/1370/1440 1327/1371/1440
f 1321/1362/1441 1327/1371/1441 1328/1372/1441
f 1322/1363/1442 1328/1372/1442 1329/1373/1442
f 1323/1364/2249 1329/1373/2249 1330/1374/2249
f 1327/1371/1444 1335/1382/1444 1336/1375/1444
f 1328/1372/1445 1336/1375/1445 1337/1376/1445
f 1329/1373/1446 1337/1376/1446 1338/1377/1446
f 1330/1374/1447 1338/1377/1447 1339/1378/1447
f 1319/1367/2250 568/593/2250 1332/1379/2250
f 1326/1370/2251 1319/1367/2251 1333/1380/2251
f 1326/1370/1452 1334/1381/1452 1335/1382/1452
f 1333/1380/1455 1332/1379/1455 1340/1383/1455
f 1334/1381/1456 1333/1380/1456 1341/1385/1456
f 1335/1382/1457 1334/1381/1457 1342/1386/1457
f 1336/1375/1458 1335/1382/1458 1343/1387/1458
f 1337/1376/1459 1336/1375/1459 1344/1388/1459
f 1338/1377/1460 1337/1376/1460 1345/1389/1460
f 1339/1378/1461 1338/1377/1461 1346/1390/1461
f 1344/1388/1462 1343/1387/1462 1353/1391/1462
f 1345/1389/1463 1344/1388/1463 1354/1392/1463
f 1346/1390/1464 1345/1389/1464 1355/1393/1464
f 1347/1384/1466 1346/1390/1466 1356/1394/1466
f 1340/1383/2252 580/609/2252 1349/1396/2252
f 1341/1385/1469 1340/1383/1469 1350/1398/1469
f 1342/1386/1470 1341/1385/1470 1351/1399/1470
f 1343/1387/1471 1342/1386/1471 1352/1400/1471
f 1351/1399/1473 1350/1398/1473 1360/1402/1473
f 1352/1400/1474 1351/1399/1474 1361/1403/1474
f 1353/1391/1475 1352/1400/1475 1362/1404/1475
f 1354/1392/2253 1353/1391/2253 1363/1405/2253
f 1355/1393/1477 1354/1392/1477 1364/1406/1477
f 1356/1394/1479 1355/1393/1479 1365/1407/1479
f 1348/1395/1480 1358/1408/1480 1359/1410/1480
f 1357/1397/1481 1356/1394/1481 1366/1409/1481
f 1349/1396/1482 1359/1410/1482 1360/1402/1482
f 1365/1407/1483 1364/1406/1483 1374/1411/1483
f 579/608/2254 582/611/2254 1368/1413/2254
f 1366/1409/1485 1365/1407/1485 1375/1412/1485
f 1358/1408/1486 1368/1413/1486 1369/1415/1486
f 1367/1401/2255 1366/1409/2255 1376/1414/2255
f 1359/1410/1488 1369/1415/1488 1370/1417/1488
f 1361/1403/1490 1360/1402/1490 1370/1417/1490
f 1362/1404/1491 1361/1403/1491 1371/1418/1491
f 1363/1405/1492 1362/1404/1492 1372/1419/1492
f 1364/1406/1493 1363/1405/1493 1373/1420/1493
f 1372/1419/1494 1371/1418/1494 1381/1421/1494
f 1373/1420/1495 1372/1419/1495 1382/1422/1495
f 1374/1411/1496 1373/1420/1496 1383/1423/1496
f 1375/1412/1497 1374/1411/1497 1384/1424/1497
f 1376/1414/2256 1375/1412/2256 1385/1425/2256
f 1368/1413/1500 1378/1426/1500 1379/1428/1500
f 1377/1416/1501 1376/1414/1501 1386/1427/1501
f 1369/1415/1502 1379/1428/1502 1380/1430/1502
f 1371/1418/1504 1370/1417/1504 1380/1430/1504
f 1378/1426/2257 582/611/2257 1388/1431/2257
f 1386/1427/1506 1385/1425/1506 1396/1433/1506
f 1378/1426/1507 1389/1432/1507 1390/1435/1507
f 1387/1429/1508 1386/1427/1508 1397/1434/1508
f 1379/1428/1509 1390/1435/1509 1391/1437/1509
f 1381/1421/1511 1380/1430/1511 1391/1437/1511
f 1382/1422/1512 1381/1421/1512 1392/1438/1512
f 1383/1423/1513 1382/1422/1513 1393/1439/1513
f 1384/1424/1514 1383/1423/1514 1394/1440/1514
f 1385/1425/1516 1384/1424/1516 1395/1441/1516
f 1393/1439/1517 1392/1438/1517 1403/1442/1517
f 1394/1440/1518 1393/1439/1518 1404/1443/1518
f 1395/1441/1519 1394/1440/1519 1405/1444/1519
f 582/611/2258 585/971/2258 1399/1446/2258
f 1396/1433/1521 1395/1441/1521 1406/1445/1521
f 1388/1431/2259 1399/1446/2259 1400/1448/2259
f 1397/1434/2260 1396/1433/2260 1407/1447/2260
f 1389/1432/1524 1400/1448/1524 1401/1450/1524
f 1398/1436/1525 1397/1434/1525 1408/1449/1525
f 1390/1435/2261 1401/1450/2261 1402/1452/2261
f 1392/1438/2262 1391/1437/2262 1402/1452/2262
f 1408/1449/2263 1407/1447/2263 1417/1453/2263
f 1400/1448/1530 1410/1462/1530 1411/1455/1530
f 1409/1451/2264 1408/1449/2264 1418/1454/2264
f 1401/1450/1532 1411/1455/1532 1412/1457/1532
f 1403/1442/1534 1402/1452/1534 1412/1457/1534
f 1404/1443/1535 1403/1442/1535 1413/1458/1535
f 1405/1444/1536 1404/1443/1536 1414/1459/1536
f 1406/1445/1537 1405/1444/1537 1415/1460/1537
f 1407/1447/1538 1406/1445/1538 1416/1461/1538
f 1414/1459/1540 1424/1473/1540 1425/1463/1540
f 1415/1460/1541 1425/1463/1541 1426/1464/1541
f 1416/1461/1543 1426/1464/1543 1427/1466/1543
f 1417/1453/1545 1427/1466/1545 1428/1468/1545
f 1411/1455/1546 1410/1462/1546 1420/1467/1546
f 1418/1454/2265 1428/1468/2265 1429/1470/2265
f 1412/1457/1548 1411/1455/1548 1421/1469/1548
f 1412/1457/1550 1422/1471/1550 1423/1472/1550
f 1413/1458/1551 1423/1472/1551 1424/1473/1551
f 1421/1469/1552 1420/1467/1552 1431/1474/1552
f 1428/1468/1553 1439/1484/1553 1440/1476/1553
f 1422/1471/2266 1421/1469/2266 1432/1475/2266
f 1422/1471/2267 1433/1477/2267 1434/1478/2267
f 1423/1472/1557 1434/1478/1557 1435/1479/1557
f 1424/1473/1558 1435/1479/1558 1436/1480/1558
f 1425/1463/1559 1436/1480/1559 1437/1481/1559
f 1426/1464/1561 1437/1481/1561 1438/1483/1561
f 1420/1467/2268 1399/1446/2268 1430/1482/2268
f 1427/1466/1563 1438/1483/1563 1439/1484/1563
f 1435/1479/1564 1445/1494/1564 1446/1485/1564
f 1436/1480/1565 1446/1485/1565 1447/1486/1565
f 1437/1481/1567 1447/1486/1567 1448/1487/1567
f 1430/1482/2269 369/393/2269 1441/1488/2269
f 1438/1483/1569 1448/1487/1569 1449/1489/1569
f 1432/1475/1570 1431/1474/1570 1441/1488/1570
f 1439/1484/1571 1449/1489/1571 1450/1491/1571
f 1433/1477/1572 1432/1475/1572 1442/1490/1572
f 1433/1477/1574 1443/1492/1574 1444/1493/1574
f 1434/1478/1575 1444/1493/1575 1445/1494/1575
f 1449/1489/1576 1459/1504/1576 1460/1495/1576
f 1443/1492/1577 1442/1490/1577 1452/1496/1577
f 1443/1492/1579 1453/1497/1579 1454/1498/1579
f 1444/1493/2270 1454/1498/2270 1455/1499/2270
f 1445/1494/1581 1455/1499/1581 1456/1500/1581
f 1446/1485/1582 1456/1500/1582 1457/1501/1582
f 1447/1486/1583 1457/1501/1583 1458/1502/1583
f 1448/1487/1585 1458/1502/1585 1459/1504/1585
f 1442/1490/1586 1441/1488/1586 1451/1503/1586
f 1456/1500/1587 1467/1514/1587 1468/1505/1587
f 1457/1501/1588 1468/1505/1588 1469/1506/1588
f 1458/1502/1590 1469/1506/1590 1470/1508/1590
f 1452/1496/1591 1451/1503/1591 1462/1507/1591
f 1459/1504/2271 1470/1508/2271 1471/1510/2271
f 1453/1497/1593 1452/1496/1593 1463/1509/1593
f 1453/1497/2272 1464/1511/2272 1465/1512/2272
f 1454/1498/1596 1465/1512/1596 1466/1513/1596
f 1455/1499/1597 1466/1513/1597 1467/1514/1597
f 1464/1511/1599 1473/1523/1599 1474/1516/1599
f 1465/1512/1600 1474/1516/1600 1475/1517/1600
f 1466/1513/1601 1475/1517/1601 1476/1518/1601
f 1467/1514/2273 1476/1518/2273 1477/1519/2273
f 1468/1505/1603 1477/1519/1603 1478/1520/1603
f 1469/1506/1605 1478/1520/1605 1479/1521/1605
f 1462/1507/2274 369/393/2274 1472/1522/2274
f 1470/1508/1607 1479/1521/1607 1480/1515/1607
f 1464/1511/1608 1463/1509/1608 1472/1522/1608
f 1477/1519/1609 1486/1531/1609 1487/1524/1609
f 1478/1520/1610 1487/1524/1610 1488/1525/1610
f 1479/1521/1612 1488/1525/1612 1489/1526/1612
f 1473/1523/1613 1472/1522/1613 1481/1465/1613
f 1473/1523/1615 1482/1527/1615 1483/1528/1615
f 1474/1516/1616 1483/1528/1616 1484/1529/1616
f 1475/1517/1617 1484/1529/1617 1485/1530/1617
f 1476/1518/1618 1485/1530/1618 1486/1531/1618
f 1482/1527/1619 1490/1539/1619 1491/1532/1619
f 1483/1528/1620 1491/1532/1620 1492/1533/1620
f 1484/1529/2275 1492/1533/2275 1493/1534/2275
f 1485/1530/1622 1493/1534/1622 1494/1535/1622
f 1486/1531/1623 1494/1535/1623 1495/1536/1623
f 1487/1524/1624 1495/1536/1624 1496/1537/1624
f 1488/1525/1625 1496/1537/1625 1497/1538/1625
f 1481/1465/2276 370/395/2276 1490/1539/2276
f 1495/1536/1628 1494/1535/1628 1502/1540/1628
f 1496/1537/1629 1495/1536/1629 1503/1541/1629
f 1497/1538/1630 1496/1537/1630 1504/1542/1630
f 1491/1532/1633 1490/1539/1633 1498/397/1633
f 1492/1533/1634 1491/1532/1634 1499/1544/1634
f 1493/1534/1635 1492/1533/1635 1500/1545/1635
f 1494/1535/1636 1493/1534/1636 1501/1546/1636
f 1500/1545/1637 1499/1544/1637 1506/1547/1637
f 1501/1546/1638 1500/1545/1638 1507/1548/1638
f 1502/1540/1639 1501/1546/1639 1508/1549/1639
f 1503/1541/1640 1502/1540/1640 1509/1550/1640
f 1504/1542/2277 1503/1541/2277 1510/1551/2277
f 1505/1543/1642 1504/1542/1642 1511/1552/1642
f 1498/397/2278 376/396/2278 1506/1547/2278
f 1511/1552/1645 1510/1551/1645 1516/1554/1645
f 1512/1553/2279 1511/1552/2279 1517/1555/2279
f 1506/1547/2280 376/396/2280 1513/1557/2280
f 1508/1549/1649 1507/1548/1649 1513/1557/1649
f 1509/1550/1650 1508/1549/1650 1514/1558/1650
f 1510/1551/1651 1509/1550/1651 1515/1559/1651
f 1514/1558/1653 1513/1557/1653 1519/1560/1653
f 1515/1559/2281 1514/1558/2281 1520/1561/2281
f 1516/1554/1655 1515/1559/1655 1521/1562/1655
f 1517/1555/1656 1516/1554/1656 1522/1563/1656
f 1518/1556/1657 1517/1555/1657 1523/1564/1657
f 1523/1564/1659 1522/1563/1659 1528/1566/1659
f 1524/1565/2282 1523/1564/2282 1529/1567/2282
f 1520/1561/1663 1519/1560/1663 1525/1569/1663
f 1521/1562/1664 1520/1561/1664 1526/1570/1664
f 1522/1563/1665 1521/1562/1665 1527/1571/1665
f 1526/1570/1666 1525/1569/1666 1531/1572/1666
f 1527/1571/1667 1526/1570/1667 1532/1573/1667
f 1528/1566/2283 1527/1571/2283 1533/1574/2283
f 1529/1567/1669 1528/1566/1669 1534/1575/1669
f 1530/1568/2284 1529/1567/2284 1535/1576/2284
f 1525/1569/2285 376/396/2285 365/386/2285
f 1536/1577/1673 1535/1576/1673 1541/1578/1673
f 1532/1573/1676 1531/1572/1676 1537/1580/1676
f 1533/1574/1677 1532/1573/1677 1538/1581/1677
f 1534/1575/1678 1533/1574/1678 1539/1582/1678
f 1535/1576/2286 1534/1575/2286 1540/1583/2286
f 1539/1582/1680 1538/1581/1680 1288/1326/1680
f 1540/1583/1681 1539/1582/1681 1544/1328/1681
f 1541/1578/1682 1540/1583/1682 1545/1330/1682
f 1542/1579/2287 1541/1578/2287 1546/1332/2287
f 1537/1580/2288 365/386/2288 586/382/2288
f 1538/1581/1686 1537/1580/1686 1543/1324/1686
f 1565/1587/1688 1566/1598/1688 1595/1588/1688
f 525/1590/2289 1562/1601/2289 1561/1591/2289
f 533/1593/2290 1567/1605/2290 1566/1598/2290
f 542/1584/2291 534/1610/2291 1554/1599/2291
f 533/1593/2292 541/1606/2292 1571/1602/2292
f 541/1606/2293 542/1584/2293 1550/1616/2293
f 526/1592/2294 1557/1597/2294 1556/1617/2294
f 1597/1618/2295 1598/1626/2295 1630/1619/2295
f 1553/1585/2296 1582/1624/2296 1581/1621/2296
f 1566/1598/1716 1567/1605/1716 1596/1622/1716
f 1553/1585/1717 1554/1599/1717 1583/1623/1717
f 1567/1605/2297 1568/1604/2297 1597/1618/2297
f 1554/1599/1719 1555/1611/1719 1584/1625/1719
f 1555/1611/1721 1556/1617/1721 1585/1627/1721
f 1569/1595/2298 1599/1629/2298 1598/1626/2298
f 1556/1617/1723 1557/1597/1723 1586/1628/1723
f 1570/1594/1724 1600/1631/1724 1599/1629/1724
f 1557/1597/1725 1558/1596/1725 1587/1630/1725
f 1571/1602/1726 1601/1634/1726 1600/1631/1726
f 1558/1596/2299 1559/1603/2299 1588/1632/2299
f 1549/1607/1728 1575/1636/1728 1574/1633/1728
f 1572/1613/1729 1602/1637/1729 1601/1634/1729
f 1559/1603/1730 1560/1615/1730 1589/1635/1730
f 1550/1616/1731 1576/1639/1731 1575/1636/1731
f 1573/1609/2300 1603/1641/2300 1602/1637/2300
f 1560/1615/1733 1561/1591/1733 1590/1638/1733
f 1551/1614/2301 1577/1644/2301 1576/1639/2301
f 1561/1591/1736 1562/1601/1736 1591/1642/1736
f 1562/1601/1739 1563/1600/1739 1592/1646/1739
f 1548/1608/2302 1574/1633/2302 1605/1645/2302
f 1563/1600/2303 1564/1612/2303 1593/1648/2303
f 1552/1586/2304 1580/1649/2304 1579/1647/2304
f 1564/1612/1744 1565/1587/1744 1594/1589/1744
f 1633/1650/2305 1665/1687/2305 1664/1651/2305
f 1584/1625/2306 1585/1627/2306 1617/1653/2306
f 1598/1626/2307 1599/1629/2307 1631/1655/2307
f 1585/1627/2308 1586/1628/2308 1618/1656/2308
f 1599/1629/2309 1600/1631/2309 1632/1652/2309
f 1586/1628/2310 1587/1630/2310 1619/1657/2310
f 1600/1631/2311 1601/1634/2311 1633/1650/2311
f 1587/1630/2312 1588/1632/2312 1620/1658/2312
f 1575/1636/2313 1607/1662/2313 1606/1659/2313
f 1601/1634/2314 1602/1637/2314 1634/1660/2314
f 1588/1632/2315 1589/1635/2315 1621/1661/2315
f 1576/1639/2316 1608/1665/2316 1607/1662/2316
f 1603/1641/2317 1635/1666/2317 1634/1660/2317
f 1589/1635/2318 1590/1638/2318 1622/1663/2318
f 1576/1639/2319 1577/1644/2319 1609/1664/2319
f 1604/1640/2320 1636/1669/2320 1635/1666/2320
f 1590/1638/2321 1591/1642/2321 1623/1667/2321
f 1577/1644/2322 1578/1643/2322 1610/1668/2322
f 1605/1645/2323 1637/1672/2323 1636/1669/2323
f 1591/1642/2324 1592/1646/2324 1624/1670/2324
f 1578/1643/2325 1579/1647/2325 1611/1671/2325
f 1574/1633/2326 1606/1659/2326 1637/1672/2326
f 1592/1646/2327 1593/1648/2327 1625/1673/2327
f 1579/1647/2328 1580/1649/2328 1612/1674/2328
f 1593/1648/2329 1594/1589/2329 1626/1675/2329
f 1580/1649/2330 1581/1621/2330 1613/1676/2330
f 1594/1589/2331 1595/1588/2331 1627/1677/2331
f 1581/1621/2332 1582/1624/2332 1614/1678/2332
f 1595/1588/2333 1596/1622/2333 1628/1679/2333
f 1582/1624/2334 1583/1623/2334 1615/1680/2334
f 1596/1622/2335 1597/1618/2335 1629/1620/2335
f 1583/1623/2336 1584/1625/2336 1616/1654/2336
f 1641/1681/2337 1673/1720/2337 1672/1682/2337
f 1619/1657/2338 1620/1658/2338 1652/1684/2338
f 1607/1662/2339 1639/1689/2339 1638/1686/2339
f 1634/1660/2340 1666/1690/2340 1665/1687/2340
f 1620/1658/2341 1621/1661/2341 1653/1688/2341
f 1607/1662/2342 1608/1665/2342 1640/1683/2342
f 1635/1666/2343 1667/1691/2343 1666/1690/2343
f 1622/1663/2344 1654/1692/2344 1653/1688/2344
f 1608/1665/2345 1609/1664/2345 1641/1681/2345
f 1636/1669/2346 1668/1694/2346 1667/1691/2346
f 1623/1667/2347 1655/1695/2347 1654/1692/2347
f 1609/1664/2348 1610/1668/2348 1642/1693/2348
f 1637/1672/2349 1669/1697/2349 1668/1694/2349
f 1624/1670/2350 1656/1698/2350 1655/1695/2350
f 1610/1668/2351 1611/1671/2351 1643/1696/2351
f 1606/1659/2352 1638/1686/2352 1669/1697/2352
f 1625/1673/2353 1657/1700/2353 1656/1698/2353
f 1611/1671/2354 1612/1674/2354 1644/1699/2354
f 1626/1675/2355 1658/1702/2355 1657/1700/2355
f 1612/1674/2356 1613/1676/2356 1645/1701/2356
f 1627/1677/2357 1659/1704/2357 1658/1702/2357
f 1613/1676/2358 1614/1678/2358 1646/1703/2358
f 1628/1679/2359 1660/1706/2359 1659/1704/2359
f 1614/1678/2360 1615/1680/2360 1647/1705/2360
f 1629/1620/2361 1661/1708/2361 1660/1706/2361
f 1615/1680/2362 1616/1654/2362 1648/1707/2362
f 1630/1619/2363 1662/1710/2363 1661/1708/2363
f 1616/1654/2364 1617/1653/2364 1649/1709/2364
f 1631/1655/2365 1663/1712/2365 1662/1710/2365
f 1617/1653/2366 1618/1656/2366 1650/1711/2366
f 1632/1652/2367 1664/1651/2367 1663/1712/2367
f 1618/1656/2368 1619/1657/2368 1651/1685/2368
f 1694/1713/2369 1726/1750/2369 1725/1714/2369
f 1667/1691/2370 1668/1694/2370 1700/1716/2370
f 1654/1692/2371 1655/1695/2371 1687/1718/2371
f 1642/1693/2372 1674/1723/2372 1673/1720/2372
f 1668/1694/2373 1669/1697/2373 1701/1721/2373
f 1655/1695/2374 1656/1698/2374 1688/1722/2374
f 1643/1696/2375 1675/1726/2375 1674/1723/2375
f 1669/1697/2376 1638/1686/2376 1670/1724/2376
f 1656/1698/2377 1657/1700/2377 1689/1725/2377
f 1644/1699/2378 1676/1728/2378 1675/1726/2378
f 1657/1700/2379 1658/1702/2379 1690/1727/2379
f 1645/1701/2380 1677/1730/2380 1676/1728/2380
f 1658/1702/2381 1659/1704/2381 1691/1729/2381
f 1646/1703/2382 1678/1732/2382 1677/1730/2382
f 1659/1704/2383 1660/1706/2383 1692/1731/2383
f 1647/1705/2384 1679/1733/2384 1678/1732/2384
f 1660/1706/2385 1661/1708/2385 1693/1715/2385
f 1648/1707/2386 1680/1734/2386 1679/1733/2386
f 1661/1708/2387 1662/1710/2387 1694/1713/2387
f 1649/1709/2388 1681/1736/2388 1680/1734/2388
f 1662/1710/2389 1663/1712/2389 1695/1735/2389
f 1650/1711/2390 1682/1738/2390 1681/1736/2390
f 1663/1712/2391 1664/1651/2391 1696/1737/2391
f 1651/1685/2392 1683/1740/2392 1682/1738/2392
f 1664/1651/2393 1665/1687/2393 1697/1739/2393
f 1652/1684/2394 1684/1743/2394 1683/1740/2394
f 1638/1686/2395 1639/1689/2395 1671/1741/2395
f 1665/1687/2396 1666/1690/2396 1698/1742/2396
f 1653/1688/2397 1685/1744/2397 1684/1743/2397
f 1639/1689/2398 1640/1683/2398 1672/1682/2398
f 1666/1690/2399 1667/1691/2399 1699/1717/2399
f 1654/1692/2400 1686/1719/2400 1685/1744/2400
f 1729/1745/1842 1761/1783/1842 1760/1746/1842
f 1680/1734/2401 1681/1736/2401 1713/1748/2401
f 1695/1735/2402 1727/1752/2402 1726/1750/2402
f 1681/1736/2403 1682/1738/2403 1714/1751/2403
f 1696/1737/2404 1728/1747/2404 1727/1752/2404
f 1682/1738/2405 1683/1740/2405 1715/1753/2405
f 1697/1739/2406 1729/1745/2406 1728/1747/2406
f 1683/1740/2407 1684/1743/2407 1716/1754/2407
f 1671/1741/2408 1703/1758/2408 1702/1755/2408
f 1698/1742/2409 1730/1759/2409 1729/1745/2409
f 1684/1743/2410 1685/1744/2410 1717/1756/2410
f 1671/1741/2411 1672/1682/2411 1704/1757/2411
f 1699/1717/2412 1731/1762/2412 1730/1759/2412
f 1685/1744/2413 1686/1719/2413 1718/1760/2413
f 1672/1682/2414 1673/1720/2414 1705/1761/2414
f 1700/1716/2415 1732/1765/2415 1731/1762/2415
f 1686/1719/2416 1687/1718/2416 1719/1763/2416
f 1673/1720/2417 1674/1723/2417 1706/1764/2417
f 1701/1721/2418 1733/1767/2418 1732/1765/2418
f 1688/1722/2419 1720/1768/2419 1719/1763/2419
f 1674/1723/2420 1675/1726/2420 1707/1766/2420
f 1670/1724/2421 1702/1755/2421 1733/1767/2421
f 1689/1725/2422 1721/1770/2422 1720/1768/2422
f 1675/1726/2423 1676/1728/2423 1708/1769/2423
f 1690/1727/2424 1722/1772/2424 1721/1770/2424
f 1676/1728/2425 1677/1730/2425 1709/1771/2425
f 1691/1729/2426 1723/1774/2426 1722/1772/2426
f 1677/1730/2427 1678/1732/2427 1710/1773/2427
f 1692/1731/2428 1724/1776/2428 1723/1774/2428
f 1678/1732/2429 1679/1733/2429 1711/1775/2429
f 1693/1715/2430 1725/1714/2430 1724/1776/2430
f 1679/1733/2431 1680/1734/2431 1712/1749/2431
f 1752/1777/2432 1753/1798/2432 1785/1778/2432
f 1715/1753/1875 1716/1754/1875 1748/1780/1875
f 1703/1758/1876 1735/1786/1876 1734/1782/1876
f 1730/1759/2433 1762/1788/2433 1761/1783/2433
f 1716/1754/2434 1717/1756/2434 1749/1784/2434
f 1703/1758/1879 1704/1757/1879 1736/1785/1879
f 1730/1759/1880 1731/1762/1880 1763/1787/1880
f 1717/1756/2435 1718/1760/2435 1750/1789/2435
f 1705/1761/1882 1737/1791/1882 1736/1785/1882
f 1732/1765/1883 1764/1793/1883 1763/1787/1883
f 1718/1760/2436 1719/1763/2436 1751/1790/2436
f 1706/1764/1885 1738/1794/1885 1737/1791/1885
f 1732/1765/1886 1733/1767/1886 1765/1792/1886
f 1720/1768/1887 1752/1777/1887 1751/1790/1887
f 1707/1766/2437 1739/1796/2437 1738/1794/2437
f 1702/1755/1889 1734/1782/1889 1765/1792/1889
f 1721/1770/2438 1753/1798/2438 1752/1777/2438
f 1707/1766/1891 1708/1769/1891 1740/1795/1891
f 1721/1770/1892 1722/1772/1892 1754/1797/1892
f 1708/1769/2439 1709/1771/2439 1741/1799/2439
f 1723/1774/2440 1755/1801/2440 1754/1797/2440
f 1710/1773/1895 1742/1803/1895 1741/1799/1895
f 1723/1774/2441 1724/1776/2441 1756/1800/2441
f 1710/1773/2442 1711/1775/2442 1743/1802/2442
f 1725/1714/1898 1757/1805/1898 1756/1800/1898
f 1712/1749/1899 1744/1807/1899 1743/1802/1899
f 1725/1714/1900 1726/1750/1900 1758/1804/1900
f 1712/1749/1901 1713/1748/1901 1745/1806/1901
f 1727/1752/1902 1759/1808/1902 1758/1804/1902
f 1714/1751/2443 1746/1809/2443 1745/1806/2443
f 1727/1752/1904 1728/1747/1904 1760/1746/1904
f 1715/1753/1905 1747/1781/1905 1746/1809/1905
f 1797/1812/2444 1766/1829/2444 1767/1831/2444
f 1767/1831/2445 1768/1834/2445 1769/1838/2445
f 1769/1838/2446 1770/1837/2446 1771/1814/2446
f 1771/1814/2447 1772/1813/2447 1773/1816/2447
f 1773/1816/2445 1774/1818/2445 1775/1819/2445
f 1775/1819/2446 1776/1821/2446 1777/1822/2446
f 1777/1822/2445 1778/1824/2445 1779/1826/2445
f 1779/1826/2444 1780/1828/2444 1781/1810/2444
f 1781/1810/2444 1782/1833/2444 1783/1836/2444
f 1783/1836/2448 1784/1779/2448 1785/1778/2448
f 1785/1778/2449 1786/1815/2449 1787/1817/2449
f 1787/1817/2446 1788/1820/2446 1789/1811/2446
f 1789/1811/2450 1790/1823/2450 1791/1825/2450
f 1791/1825/1906 1792/1827/1906 1793/1830/1906
f 1793/1830/2445 1794/1832/2445 1795/1835/2445
f 1795/1835/2445 1796/1839/2445 1797/1812/2445
f 1797/1812/1906 1767/1831/1906 1769/1838/1906
f 1769/1838/1906 1771/1814/1906 1773/1816/1906
f 1773/1816/1906 1775/1819/1906 1777/1822/1906
f 1777/1822/1906 1779/1826/1906 1781/1810/1906
f 1781/1810/1906 1783/1836/1906 1785/1778/1906
f 1785/1778/1906 1787/1817/1906 1789/1811/1906
f 1789/1811/1906 1791/1825/1906 1793/1830/1906
f 1793/1830/1906 1795/1835/1906 1797/1812/1906
f 1797/1812/1906 1769/1838/1906 1773/1816/1906
f 1773/1816/1906 1777/1822/1906 1781/1810/1906
f 1781/1810/1906 1785/1778/1906 1789/1811/1906
f 1789/1811/1906 1793/1830/1906 1797/1812/1906
f 1797/1812/1906 1773/1816/1906 1781/1810/1906
f 1739/1796/2451 1740/1795/2451 1772/1813/2451
f 1753/1798/2452 1754/1797/2452 1786/1815/2452
f 1740/1795/2453 1741/1799/2453 1773/1816/2453
f 1754/1797/2454 1755/1801/2454 1787/1817/2454
f 1741/1799/2455 1742/1803/2455 1774/1818/2455
f 1756/1800/2456 1788/1820/2456 1787/1817/2456
f 1742/1803/2457 1743/1802/2457 1775/1819/2457
f 1757/1805/2458 1789/1811/2458 1788/1820/2458
f 1743/1802/2459 1744/1807/2459 1776/1821/2459
f 1758/1804/2460 1790/1823/2460 1789/1811/2460
f 1744/1807/2461 1745/1806/2461 1777/1822/2461
f 1759/1808/2462 1791/1825/2462 1790/1823/2462
f 1745/1806/2463 1746/1809/2463 1778/1824/2463
f 1760/1746/2464 1792/1827/2464 1791/1825/2464
f 1746/1809/2465 1747/1781/2465 1779/1826/2465
f 1761/1783/2466 1793/1830/2466 1792/1827/2466
f 1747/1781/2467 1748/1780/2467 1780/1828/2467
f 1735/1786/2468 1767/1831/2468 1766/1829/2468
f 1762/1788/2469 1794/1832/2469 1793/1830/2469
f 1748/1780/2470 1749/1784/2470 1781/1810/2470
f 1736/1785/2471 1768/1834/2471 1767/1831/2471
f 1763/1787/2472 1795/1835/2472 1794/1832/2472
f 1749/1784/2473 1750/1789/2473 1782/1833/2473
f 1737/1791/2474 1769/1838/2474 1768/1834/2474
f 1764/1793/2475 1796/1839/2475 1795/1835/2475
f 1750/1789/2476 1751/1790/2476 1783/1836/2476
f 1737/1791/2477 1738/1794/2477 1770/1837/2477
f 1765/1792/2478 1797/1812/2478 1796/1839/2478
f 1751/1790/2479 1752/1777/2479 1784/1779/2479
f 1738/1794/2480 1739/1796/2480 1771/1814/2480
f 1734/1782/2481 1766/1829/2481 1797/1812/2481
f 1801/1840/2482 1802/1850/2482 1803/1841/2482
f 215/242/2483 1804/1847/2483 227/220/2483
f 1805/1843/2484 1802/1850/2484 182/1844/2484
f 1804/1847/2485 1805/1843/2485 192/206/2485
f 1800/1842/1944 1803/1841/1944 1799/1848/1944
f 204/236/1945 1799/1848/1945 1804/1847/1945
f 1806/1845/1946 1807/1846/1946 1801/1840/1946
f 1803/1841/1945 1805/1843/1945 1804/1847/1945
f 1811/1851/2486 5/19/2486 360/1852/2486
f 1815/1870/1950 30/1861/1950 1810/1853/1950
f 1810/1853/2487 360/1852/2487 6/18/2487
f 1810/1853/2488 6/18/2488 18/39/2488
f 7/26/1950 1815/1870/1950 1810/1853/1950
f 1811/1857/2489 331/1860/2489 339/364/2489
f 347/366/2490 5/19/2490 1811/1857/2490
f 1808/1858/1952 1811/1857/1952 1810/1853/1952
f 1808/1858/2491 340/1866/2491 331/1860/2491
f 465/657/2492 169/185/2492 168/184/2492
f 168/184/2493 178/188/2493 187/203/2493
f 187/203/2494 188/212/2494 465/657/2494
f 577/606/2495 915/947/2495 921/950/2495
f 921/950/2496 920/949/2496 926/957/2496
f 581/610/2497 577/606/2497 921/950/2497
f 1145/1187/2498 469/500/2498 468/499/2498
f 473/735/2499 478/504/2499 479/507/2499
f 1145/1187/2500 468/499/2500 473/735/2500
f 1156/1204/2501 1145/1187/2501 473/735/2501
f 473/735/2502 479/507/2502 1177/1228/2502
f 1167/1208/2503 1156/1204/2503 473/735/2503
f 1809/1859/2504 1810/1853/2504 30/1861/2504
f 1812/1854/2505 1814/1856/2505 1808/1858/2505
f 340/1866/2506 1808/1858/2506 1814/1856/2506
f 204/236/2507 194/215/2507 193/213/2507
f 193/213/2508 1806/1845/2508 1800/1842/2508
f 1798/1849/2509 1799/1848/2509 204/236/2509
f 193/213/2510 1800/1842/2510 1798/1849/2510
f 144/158/2511 1802/1850/2511 146/161/2511
f 144/158/2512 163/183/2512 182/1844/2512
f 146/1867/2513 1802/1867/2513 1801/1867/2513
f 164/1867/2514 155/1867/2514 1801/1867/2514
